Year,Title,Country,Director,Studio,Animation technique,Type,Notes,Release date,Duration
2010,"AAA - The Movie AAA, la película: Sin límite en el tiempo",Mexico,Alberto Rodriguez,Promociones Antonio Peña Ánima Estudios,Flash animation,,,"January 22, 2010",96 minutes
2010,Alpha and Omega,United States,Anthony Bell Ben Gluck,Crest Animation Productions,CG animation,,,"September 8, 2010 ( TIFF ) September 17, 2010 (United States)",88 minutes [ 1 ]
2010,Alice in Wonderland (2010 film),United States,Tim Burton,Walt Disney Pictures Roth Films The Zanuck Company Team Todd,CGI/Live-Action,Theatrical,,"March 5, 2010",108 minutes
2010,Animals United Konferenz der Tiere,Germany,"Reinhard Klooss, Holger Tappe",Constantin Film,CG animation,,,"October 7, 2010",93 minutes
2010,Anpanman: Blacknose and the Magical Song ja:それいけ!アンパンマン ブラックノーズと魔法の歌,Japan,Jun Kawagoe,"Anpanman Production Committee, TMS Entertainment",Traditional,,,"July 10, 2014",52 minutes
2010,Arthur 3: The War of the Two Worlds Arthur et la guerre des deux mondes,France,Luc Besson,EuropaCorp,CGI/Live-Action,,,"October 13, 2010 (France) March 22, 2011 (United States)",101 minutes
2010,Las aventuras de Don Quijote,Spain,Antonio Zurera,,Traditional / CG animation,,,"November 26, 2010",73 minutes
2010,Barbie: A Fashion Fairy Tale,United States,William Lau,Rainmaker Entertainment,CGI animation,Direct-to-video,,"September 14, 2010",79 minutes
2010,Barbie in A Mermaid Tale,United States,Adam L. Wood,Rainmaker Entertainment,CGI animation,Direct-to-video,,"March 9, 2010",75 minutes
2010,Batman: Under the Red Hood,United States,Brandon Vietti,Warner Bros. Animation,Traditional,Direct-to-video,,"July 27, 2010",75 minutes
2010,Berry and Dolly - Friends hu:Bogyó és Babóca - 13 mese,Hungary,Antonin Krizanics Géza M. Tóth,Kedd Animation Studio,Traditional,,,"August 12, 2010",65 minutes
2010,Bleach: Hell Verse BLEACH 地獄篇 (Burīchi Jigoku-Hen),Japan,Noriyuki Abe,Studio Pierrot,Traditional,,,"December 4, 2010",94 minutes
2010,Book Girl 劇場版文学少女 (Gekijōban Bungaku Shōjo),Japan,Shunsuke Tada,Production I.G,Traditional,,,"May 1, 2010",103 minutes
2010,Bratz: Pampered Petz,United States,Bob Doucette,Mike Young Productions MGA Entertainment,CGI animation,Direct-to-DVD,,"October 5, 2010",70 minutes
2010,Care Bears: Share Bear Shines,United States,Davis Doi,SD Entertainment American Greetings,CG animation,,,"March 10, 2010 (Australia) August 15, 2010 (United States)",70 minutes
2010,A Cat in Paris Une vie de chat,France Switzerland Netherlands Belgium,"Alain Gagnol, Jean-Loup Felicioli",Folimage,Traditional,,,"December 15, 2010",65 minutes [ 2 ]
2010,Cats & Dogs: The Revenge of Kitty Galore,United States Australia,Brad Peyton,Warner Bros. Pictures,CGI/Live-Action,,,"July 30, 2010",82 minutes
2010,Chico and Rita,Spain United Kingdom,"Fernando Trueba , Javier Mariscal","Isle of Man Film , Magic Light Pictures",Traditional,,,"November 19, 2010 (United Kingdom) February 25, 2011 (Spain)",94 minutes
2010,Colorful カラフル,Japan,Keiichi Hara,Sunrise,Traditional,,,"August 21, 2010",127 minutes
2010,Crayon Shin-chan: Super-Dimension! The Storm Called My Bride クレヨンしんちゃん 超時空！嵐を呼ぶオラの花嫁 (Kureyon Shinchan: Chōjikū! Arashi o Yobu Ora no Hanayome),Japan,Akira Shigino,Shin-Ei Animation,Traditional,,,"April 17, 2010",100 minutes
2010,Pet Pals: Marco Polo's Code Cuccioli Il Codice di Marco,Italy,Sergio Manfio,Gruppo Alcuni Srl,CG animation,[1],,"January 22, 2010",94 minutes (English) (USA) 95 minutes 99 minutes (Italy)
2010,Dante's Inferno: An Animated Epic,United States Japan South Korea,"Victor Cook, Mike Disa , Sang-Jin Kim, Shuko Murase, Jong-Sik Nam, Lee Seung-Gyu",Production I.G,Traditional,Direct-to-video,,"February 9, 2010",88 minutes
2010,Daredevils of Sasun Սասնա ծռեր (Sasna Tsrer),Armenia,Arman Manaryan,,Traditional,,First Armenian animated feature [ 3 ],"January 25, 2010",80 minutes
2010,Despicable Me,United States,Pierre Coffin Chris Renaud,Illumination Entertainment,CGI animation,Theatrical,,"June 19, 2010 ( MIFF ) July 9, 2010 (United States)",95 minutes [ 4 ]
2010,Detective Conan: The Lost Ship in the Sky,Japan,Yasuichiro Yamamoto,TMS Entertainment,Traditional,,,"April 17, 2010",102 minutes
2010,The Disappearance of Haruhi Suzumiya 涼宮ハルヒの消失 (Suzumiya Haruhi no Shōshitsu),Japan,"Tatsuya Ishihara , Yasuhiro Takemoto",Kyoto Animation,Traditional,,,"February 6, 2010",162 minutes
2010,Doraemon: Nobita's Great Battle of the Mermaid King ドラえもん のび太の人魚大海戦 (Doraemon Nobita no Ningyo Daikaisen),Japan,Kozo Kusuba,Vega Entertainment,Traditional,,,"March 6, 2010",99 minutes
2010,Diary of a Wimpy Kid (2010 film),United States,Thor Freudenthal,20th Century Fox,Live-Action/animation,Theatrical,,"March 19, 2010",92 minutes
2010,The Drawn Together Movie: The Movie!,United States,Greg Franklin,"Double Hemm, Six Point Harness",Flash animation,Direct-to-video,,"March 18, 2010 ( South by Southwest ) April 20, 2010",71 minutes
2010,Eden of the East – Paradise Lost 東のエデン (Higashi no Eden),Japan,Kenji Kamiyama,Production I.G,Traditional,,,"March 13, 2010",95 minutes
2010,Elias and the Treasure of the Sea Elias og jakten på havets gull,Norway,Lise I. Osvoll,,CG animation,,,"December 10, 2010",77 minutes
2010,Fate/stay night Unlimited Blade Works フェイト/ステイナイト (Feito/sutei naito),Japan,Yūji Yamaguchi,Studio Deen,Traditional,,,"January 23, 2010",107 minutes
2010,Firebreather,United States,Peter Chung,Cartoon Network Studios,CG animation,Television film,,"November 24, 2010",97 minutes
2010,Frog Paradise Лягушачий Рай (Lyagushachiy Rai),Russia,Sergei Bazhenov,BS Graphics Production,CG animation,[ 5 ],,"September 5, 2011",87 minutes
2010,Gaturro The Movie Gaturro La Pelicula,Argentina India Mexico,Gustavo Cova,"Illusion Studios , Toonz Entertainment",CG animation,[2] [ 6 ],,"September 9, 2010",87 minutes
2010,Godkiller: Walk Among Us,United States,Matt Pizzolo,Halo-8 Entertainment King's Mob Productions,Traditional,,,"April 20, 2010 ( C2E2 ) May 28, 2010 (United States)",88 minutes
2010,The Good Soldier Shweik,Ukraine,Manuk Depoyan Rinat Gazizov,Art Prodakshn Yalta-Film,Traditional,,,"September 2, 2010 (DVD premiere) November 15, 2012 (Russia)",74 minutes
2010,Green Days k소중한 날의 꿈 (Sojunghan Nare Kkum),South Korea,"Han Hye-jin, An Jae-hoon",Studio Yeonpilro Myeongsanghagi,Traditional,[ 7 ] [ 8 ],,"November 13, 2010 (London Korean Film Festival) June 23, 2011 (South Korea)",98 minutes
2010,Guardians of the Lost Code Brijes 3D,Mexico,Benito Fernández,"Fidecine, Santo Domingo Animation",Traditional,[ 9 ] [ 10 ],,"September 16, 2010",89 minutes
2010,Halo Legends,Japan United States,"Frank O'Connor, Joseph Chou","Studio 4°C , Production I.G , Casio Entertainment, Toei Animation , Bones",Traditional,,,"February 16, 2010",120 minutes
2010,HeartCatch PreCure! the Movie: Fashion Show in the Flower Capital... Really?! ハートキャッチプリキュア!花の都でファッションショー・・・ですか!? (HātoKyatchi PuriKyua! Hana no miyako de Fashion Show... desu ka!?),Japan,Rie Matsumoto,Toei Animation,Traditional,,,"October 30, 2010",71 minutes
2010,Héroes verdaderos,Mexico,Carlos Kuri,Fidecine Instituto Mexicano de Cinematografía (IMCINE) Quality Films,Traditional,,,"September 24, 2010",100 minutes
2010,"Hetalia: Axis Powers – Paint it, White!",Japan,Bob Shirohata,Studio Deen,Traditional,,,"June 5, 2010",61 minutes
2010,How Not to Rescue a Princess Три богатыря и Шамаханская царица (Tri bogatyrya i Shamakhanskaya tsaritsa),Russia,Sergei Glezin,Melnitsa Animation Studio,Traditional,[ 11 ] [3],,"December 30, 2010",77 minutes
2010,How to Train Your Dragon,United States,"Chris Sanders , Dean DeBlois",DreamWorks Animation,CGI animation,Theatrical,,"March 21, 2010 ( Gibson Amphitheater ) March 26, 2010 (United States)",98 minutes
2010,Hutch the Honeybee 昆虫物語 みつばちハッチ〜勇気のメロディ〜 (Konchū Monogatari: Mitsubachi Hatchi: Yūki no Merodī),Japan,Tetsurō Amino,Tatsunoko Pro,Traditional,,,"July 31, 2010",101 minutes
2010,The Illusionist L'Illusionniste,France United Kingdom,Sylvain Chomet,"Pathé , Django Films",Traditional,,,"June 16, 2010 (France) August 16, 2010 (United Kingdom)",79 minutes [ 12 ]
2010,Inazuma Eleven Saikyō Gundan Ōga Shūrai イナズマイレブン 最強軍団オーガ襲来 (Inazuma Eleven Saikyō Gundan Ōga Shūrai),Japan,Yoshikazu Miyao,Oriental Light and Magic,Traditional,,,"December 23, 2010",90 minutes
2010,A Jewish Girl in Shanghai 猶太女孩在上海,China,"Wang Genfa, Zhang Zhenhui","Shanghai Animation Film Studio , Shanghai Film Group Corporation",Traditional,,,May 2010,80 minutes
2010,Justice League: Crisis on Two Earths,United States,"Lauren Montgomery , Sam Liu",Warner Bros. Animation,Traditional,Direct-to-video,,"February 23, 2010",75 minutes
2010,Kayıp Armağan,Turkey,Kerem S. Hünal,Sobee Studios,Traditional,,,"August 22, 2010",56 minutes
2010,Kung-Fu Magoo,United States Mexico,Andrés Couturier,Classic Media Ánima Estudios Santo Domingo Films Motion Toons IMCINE [ 13 ],Flash animation,Direct-to-video,,"May 11, 2010",79 minutes
2010,Lava Kusa: The Warrior Twins,India,Dhavala Satyam,"Kanipakam Creations,  RVML Animation",Traditional,,,"October 8, 2010",120 minutes
2010,LeapFrog: Math Adventure to the Moon,United States,Bob Nesler,Chris D'Angelo Productions LeapFrog Lionsgate,Traditional,Direct-to-video,,"February 9, 2010",34 minutes
2010,The Legend of Secret Pass,United States,Steve Trenbirth,"JC2 Animated Entertainment, Starz Animation",CG animation,,,"October 14, 2010",92 minutes
2010,Legend of the Guardians: The Owls of Ga'Hoole,Australia United States,Zack Snyder,"Village Roadshow Pictures , Animal Logic , Cruel and Unusual Films",CGI animation,Theatrical,,"September 24, 2010 (United States) September 30, 2010 (Australia)",97 minutes [ 14 ]
2010,Lego: The Adventures of Clutch Powers,United States Denmark,Howard E. Baker,Threshold Animation Studios Tinseltown Toons,CG animation,,,"February 23, 2010",82 minutes
2010,Lost Planet Потерянная Планета,Russia,Dmitry Petrov,21st Century Petrov Productions,CG animation,[ 15 ],,"June 23, 2010 September 14, 2010",95 minutes
2010,Loups=Garous ルー=ガルー (Rū Garū),Japan,Junichi Fujisaku,"Production I.G , TransArts",Traditional,,,"August 28, 2010",99 minutes
2010,Magical Girl Lyrical Nanoha The Movie 1st 魔法少女リリカルなのは The MOVIE 1st (Mahō Shōjo Lyrical Nanoha The MOVIE 1st),Japan,Keizou Kusakawa,Seven Arcs,Traditional,,,"January 23, 2010",130 minutes
2010,Mardock Scramble: The First Compression マルドゥック・スクランブル (Marudukku Sukuranburu),Japan,Susumu Kudo,GoHands,Traditional,,,"November 6, 2010",69 minutes
2010,Mars,United States,Geoff Marslett,"Cinema Lapiniere, Film Science, Marsnaut Films",Rotoscope,[4] [5],,"March 13, 2010 (South by Southwest Film Festival) December 3, 2010",90 minutes
2010,Marmaduke (2010 film),United States,Tom Dey,20th Century Fox,Live-Action/CGI,Theatrical,,"June 4, 2010",86 minutes
2010,Megamind,United States,Tom McGrath,DreamWorks Animation,CGI animation,Theatrical,,"October 28, 2010 (Russia) November 5, 2010 (United States)",96 minutes [ 16 ]
2010,"Minnaminni 2 ""firefly 2""",India,,Auriga Animations,CG animation,,,,
2010,Mobile Suit Gundam 00 the Movie: A Wakening of the Trailblazer 劇場版 機動戦士ガンダム00 -A wakening of the Trailblazer- (Gekijōban Kidō Senshi Gandamu Daburu Ō -A wēkuningu obu za Torēruburēzā-),Japan,Seiji Mizushima,Sunrise,Traditional,,,"September 18, 2010",120 minutes
2010,Moomins and the Comet Chase,Finland,Maria Lindberg,Stereoscape Ltd.,Stop motion,,,"August 6, 2010 (Finland) October 22, 2017 (United States)",75 minutes
2010,Naruto Shippuden The Movie: The Lost Tower 劇場版 NARUTO-ナルト-疾風伝 ザ・ロストタワー (Gekijōban Naruto Shippūden: Za Rosuto Tawā),Japan,Masahiko Murata,Aniplex,Traditional,,,"July 31, 2010",85 minutes
2010,Olsen Gang Gets Polished Olsen-banden på de bonede gulve,Denmark,Jørgen Lerdam,,CG animation,,,"October 14, 2010",70 minutes [ 17 ]
2010,Open Season 3,United States,Cody Cameron,Sony Pictures Animation / Sony Pictures Home Entertainment,CGI animation,Direct-to-video,,"October 21, 2010 (Russia) January 25, 2011 (United States)",75 minutes
2010,Piercing I,China,Liu Jian,,Traditional,,,"June 12, 2010 (Annecy Animation Film Festival)",73 minutes
2010,Planet Hulk,United States,Sam Liu,Marvel Animation,Traditional,Direct-to-video,,"February 2, 2010",81 minutes
2010,Planzet プランゼット,Japan,Jun Awazu,CoMix Wave,CG animation,[ 18 ] [ 19 ],,"May 22, 2010",53 minutes
2010,Pleasant Goat and Big Big Wolf – Desert Trek: The Adventure of the Lost Totem 喜羊羊与灰太狼之虎虎生威,China,,,Traditional,,,"January 29, 2010 (Mainland China) February 13, 2010 (Hong Kong) July 23, 2010 (Taiwan)",88 minutes
2010,Plumíferos,Argentina,"Daniel DeFelippo , Gustavo Giannini",Manos Digitales Animation Studio,CG animation,,,"February 18, 2010",80 minutes
2010,Pokémon: Zoroark: Master of Illusions 劇場版ポケットモンスター ダイヤモンド＆パール 幻影の覇者 ゾロアーク (Gekijōban Poketto Monsutā Daiyamondo ando Pāru: Gen'ei no Hasha: Zoroāku),Japan,Kunihiko Yuyama,"OLM, Inc.",Traditional,,,"July 10, 2010",95 minutes
2010,Pretty Cure All Stars DX2: Light of Hope☆Protect the Rainbow Jewel! プリキュアオールスターズDX2 希望の光☆レインボージュエルを守れ! (Precure All Stars DX2: Kibō no Hikari☆Rainbow Jewel o Mamore!),Japan,Takashi Otsuka,Toei Animation,Traditional,,,"March 20, 2010",74 minutes
2010,Quantum Quest: A Cassini Space Odyssey,United States,"Harry Kloor , Daniel St. Pierre",Jupiter 9 Productions,CG animation,,,"January 13, 2010",45 minutes
2010,Ramayana: The Epic,India,Chetan Desai,Maya Digital Media,CG animation,,,"October 15, 2010",98 minutes [ 20 ]
2010,RPG Metanoia,Philippines,Louie Suarez,"Ambient Media, Thaumatrope Animation",CG animation,[6] Archived 2012-03-15 at the Wayback Machine,,"December 25, 2010",103 minutes
2010,Santa's Apprentice L ' Apprenti Père Noël,France Australia Ireland,Luc Vinciguerra,"Gaumont-Alphanim, Avrill Stark Entertainment",Traditional,[ 21 ],,"November 24, 2010",77 minutes
2010,Scooby-Doo! Abracadabra-Doo,United States,Spike Brandt,Warner Bros. Animation Hanna-Barbera,Traditional,Direct-to-video,,"February 16, 2010",75 minutes [ 22 ]
2010,Scooby-Doo! Camp Scare,United States,Ethan Spaulding,Warner Bros. Animation Hanna-Barbera,Traditional,Direct-to-video,,"September 14, 2010",72 minutes [ 23 ]
2010,The Secret World of Arrietty 借りぐらしのアリエッティ (Kari-gurashi no Arietti),Japan,Hiromasa Yonebayashi,Studio Ghibli,Traditional,,,"July 17, 2010",95 minutes
2010,Shock Invasion,United States,Frank Sudol,BlackArro Productions,Traditional,,,2010,71 minutes
2010,Shrek Forever After,United States,Mike Mitchell,DreamWorks Animation,CGI animation,Theatrical,,"May 21, 2010",93 minutes
2010,Sky Song,Estonia,Mati Kütt,Nukufilm,Stop motion,,,"November 28, 2010 (Black Nights Film Festival)",45 minutes
2010,Space Chimps 2: Zartog Strikes Back,United States,John H. Williams,"Vanguard Animation , Prana Studios",CG animation,Direct-to-video,,"May 28, 2010 (United Kingdom) October 5, 2010 (United States)",76 minutes
2010,Space Dogs Белка и Стрелка. Звёздные собаки (Belka i Strelka. Zvyozdnye sobaki),Russia,"nna Evlannikova , Svyatoslav Ushakov",Centre of National Film,CG animation,,,"March 18, 2010 (Russia) April 2, 2010 (United Kingdom)",85 minutes
2010,The Storytelling Show Allez Raconte!,France,Jean-Christophe Roger,Les Armateurs,Flash animation,,,"August 1, 2010 (Lama Film Festival) October 15, 2010 (Saint-Quentin Ciné-Jeune Film Festival) October 20, 2010 (France)",77 minutes
2010,Superman/Batman: Apocalypse,United States,Lauren Montgomery,Warner Bros. Animation,Traditional,Direct-to-video,,"September 28, 2010",78 minutes
2010,Tangled,United States,Nathan Greno Byron Howard,Walt Disney Animation Studios,CGI animation,Theatrical,,"November 14, 2010 ( El Capitan Theatre ) November 24, 2010 (United States)",100 minutes [ 24 ]
2010,El tesoro del rey Midas,Spain,Maite Ruiz de Austri,,Traditional,,,"November 5, 2010",72 minutes
2010,Tigers and Tattoos Tigre og Tatoveringer,Denmark,Karla von Bengtson,Copenhagen Bombay,Traditional,[7] [ 25 ],,"October 14, 2010",42 minutes
2010,Tinker Bell and the Great Fairy Rescue,United States,Bradley Raymond,DisneyToon Studios,CGI animation,,,"August 13, 2010 (United Kingdom) September 21, 2010 (United States)",79 minutes
2010,Tom and Jerry Meet Sherlock Holmes,United States,"Spike Brandt, Jeff Siergey",Warner Bros. Animation,Traditional,Direct-to-video,,"August 16, 2010 (United Kingdom) August 24, 2010 (United States)",50 minutes
2010,Toy Story 3,United States,Lee Unkrich,Pixar,CGI animation,Theatrical,,"June 12, 2010 ( Taormina Film Fest ) June 18, 2010 (United States)",103 minutes [ 26 ]
2010,The Trashmaster,France,Mathieu Weschler,,CG animation,,,"October 23, 2010 (Montreal Festival du nouveau cinéma)",90 minutes
2010,Trigun: Badlands Rumble 「劇場版TRIGUN Badlands Rumble,Japan,Satoshi Nishimura,Madhouse,Traditional,,,"April 24, 2010",90 minutes [ 27 ]
2010,La tropa de trapo en el país donde siempre brilla el sol,Spain,Alex Colls,Anera Films Continental Animacion Abano Productions [ 28 ],CG animation,,,"June 22, 2010 (Madrid) October 29, 2010 (Spain)",76 minutes [ 29 ]
2010,True Heroes: Independence Heroes Verderos,Mexico,Carlos Kuri,White Knight Creative Productions,Traditional,[ 30 ],,"September 24, 2010",100 minutes
2010,A Turtle's Tale: Sammy's Adventures Sammy's Avonturen: de geheime doorgang,Belgium France,Ben Stassen,"nWave Pictures , Illuminata Pictures, uFilm",CG animation,,,"June 12, 2010 (California) August 11, 2010 (France)",88 minutes
2010,The Ugly Duckling Гадкий утёнок (мультфильм) (Gadkiy utyonok),Russia,Garri Bardin,Stayer,Stop motion,[8] [ 31 ],,"August 11, 2010 (Locarno Film Festival) (premiere) September 16, 2010 (Russia)",75 minutes
2010,"Ultramarines: A Warhammer 40,000 Movie",United Kingdom,Martyn Pick,"Good Story Productions, Codex Pictures, POP6",CG animation,Direct-to-video,,"December 13, 2010 [ 32 ]",70 minutes
2010,VeggieTales: It's a Meaningful Life,United States,Brian Roberts,Big Idea Productions,CG animation,Direct-to-video,,"October 5, 2010",48 minutes
2010,VeggieTales: Pistachio - The Little Boy That Woodn't,United States,Mike Nawrocki,Big Idea Productions,CG animation,Direct-to-video,,"February 27, 2010",50 minutes
2010,VeggieTales: Sweetpea Beauty: A Girl After God's Own Heart,United States,Mike Nawrocki,Big Idea Productions,CG animation,Direct-to-video,,"July 31, 2010",50 minutes
2010,Welcome to the Space Show 宇宙ショーへようこそ (Uchū Shō e Yōkoso),Japan,Koji Masunari,A-1 Pictures,Traditional,,,"February 18, 2010 ( Berlinale ) June 26, 2010 (Japan)",136 minutes
2010,Winx Club 3D: Magical Adventure Winx Club 3D: Magica Avventura,Italy,Iginio Straffi,"Medusa Produzione, Rainbow",CG animation,,,"October 29, 2010",87 minutes
2010,Yu-Gi-Oh!: Bonds Beyond Time 10thアニバーサリー 劇場版 遊☆戯☆王 ～超融合！時空を越えた絆～ (Tensū Anibāsarī Gekijōban Yū-Gi-Ō: Chō-Yūgō! Toki o Koeta Kizuna),Japan,Kenichi Takeshita,"Nihon Ad Systems, TV Tokyo",Traditional,,,"January 23, 2010",50 minutes
2010,Yogi Bear (film),United States,Eric Brevig,Warner Bros. Pictures,CGI/Live-Action,,,"December 17, 2010",80 minutes
2010,The Dreams of Jinsha 梦回金沙城 (Meng hui jin sha cheng),China,Chen Deming,"Hangzhou C&L Digital Prod. Co., Huaxia Film Distribution Co.",Traditional,,,"July 10, 2010 (China) December 3, 2010 (United States)",85 minutes
2011,3 to the rescue,Dominican Republic,Jorge Morillo Luis Morillo,Raycast Animation Studio Antena Latina Films,Computer,,,"January 6, 2011",80 minutes
2011,The Adventures of Tintin: The Secret of the Unicorn,United States,Steven Spielberg,Amblin Entertainment / The Kennedy/Marshall Company / Nickelodeon Movies / WingNut Films / Paramount Pictures,Computer,Theatrical,,"October 23, 2011 (Belgium) October 25, 2011 (United Kingdom) October 26, 2011 (New Zealand) December 21, 2011 (United States)",107 minutes [ 1 ]
2011,Alvin and the Chipmunks: Chipwrecked,United States,Mike Mitchell,20th Century Fox,Live-Action/CGI,,Theatrical,"December 16, 2011",87 minutes
2011,"A Fairly Odd Movie: Grow Up, Timmy Turner!",United States Canada,Savage Steve Holland,Billionfold Inc. Frederator Studios Pacific Bay Entertainment Nickelodeon Productions,Computer Live action,,,"July 9, 2011",48 minutes
2011,Alice in the Country of Hearts: Wonderful Wonder World ハートの国のアリス: Wonderful Wonder World (Hāto no Kuni no Arisu: Wonderful Wonder World),Japan,Hideaki Ōba,Asahi Production,Traditional,,,"July 30, 2011",85 minutes
2011,All-Star Superman,United States,Sam Liu,"Warner Bros. Animation , DC Entertainment",Traditional,Direct-to-video,,"February 22, 2011",78 minutes
2011,Alois Nebel,Czech Republic,Tomáš Luňák,Negativ,Traditional,,,"September 4, 2011 ( Venice Film Festival ) September 29, 2011",84 minutes
2011,Go! Anpanman: Rescue! Kokorin and the Star of Miracles ja:それいけ!アンパンマン すくえ! ココリンと奇跡の星,Japan,Hiroyuki Yano,"Anpanman Production Committee, TMS Entertainment",Traditional,,,"July 2, 2011",45 minutes
2011,Arthur Christmas,United Kingdom United States,Sarah Smith,Aardman Animations / Sony Pictures Animation / Columbia Pictures,Computer,Theatrical,,"November 11, 2011 (United Kingdom) November 23, 2011 (United States)",97 minutes [ 2 ]
2011,Barbie: A Fairy Secret,United States,"William Lau, Terry Klassen",Rainmaker Entertainment / Universal Pictures / Kidtoon Films,Computer,Direct-to-video,,"March 15, 2011 (DVD release)",75 minutes
2011,Barbie: Princess Charm School,United States,Zeke Norton,Rainmaker Entertainment / Universal Pictures / Kidtoon Films,Computer,Direct-to-video,,"September 13, 2011",81 minutes
2011,Barbie: A Perfect Christmas,United States,Mark Baldo,Rainmaker Entertainment / Universal Pictures / Kidtoon Films,Computer,Direct-to-video,,"November 8, 2011",74 minutes
2011,Batman: Year One,United States,"Lauren Montgomery , Sam Liu","Warner Bros. Animation , DC Entertainment",Traditional,Direct-to-video,,"October 18, 2011",64 minutes
2011,Berry and Dolly - Gingerbread hu:Bogyó és Babóca 2. - 13 új mese,Hungary,Antonin Krizanics Géza M. Tóth,Kedd Animation Studio,Traditional,,,"June 2, 2011",65 minutes
2011,Brasil Animado,Brazil,Mariana Caltabiano,Mariana Caltabiano Criações TeleImage Globo Filmes 3D Casablanca,Flash animation Live-action,,,"January 21, 2011",75 minutes
2011,Brave Rabbit 闖堂兔,China,Ceng Xian-Lin,,Computer,,,"October 1, 2011",87 minutes
2011,Broken Blade 5: Death's Horizon 死線ノ涯 [しせんのはて] (Shisen no Hate),Japan,"Tetsuro Amino , Nobuyoshi Habara","Production I.G , Xebec",Traditional,,,"January 22, 2011",47 minutes
2011,Broken Blade 6: Bastions of Sorrow 慟哭ノ砦 [どうこくのとりで] (Doukoku no Toride),Japan,"Tetsuro Amino , Nobuyoshi Habara","Production I.G , Xebec",Traditional,,,"March 26, 2011",52 minutes
2011,Buddha: The Great Departure 手塚治虫のブッダ－赤い砂漠よ！美しく－ (Tezuka Osamu no Buddha -Akai Sabaku yo! Utsukushiku-),Japan,Kozo Morishita,Toei Animation / Warner Bros.,Traditional,,,"May 28, 2011",110 minutes
2011,Cars 2,United States,"John Lasseter , Brad Lewis",Walt Disney Pictures / Pixar,Computer,Theatrical,,"June 18, 2011 (Hollywood) June 24, 2011 (United States)",106 minutes
2011,Children of the Devil,Germany,Mariola Brillowska,Peter Stockhaus Filmproduktion,Traditional,,,"May 1, 2011",67 minutes
2011,Children Who Chase Lost Voices from Deep Below 星を追う子ども (Hoshi o Ou Kodomo),Japan,Makoto Shinkai,CoMix Wave Inc.,Traditional,,,"May 7, 2011",116 minutes
2011,Chop Kick Panda,United States,Darrell Van Citters,Renegade Animation,Flash animation,,,"May 10, 2011",41 minutes
2011,Corrie le Seigneur,Haitti,Jean-Marie Lamour,,Computer,,First Haitian animated film.,"Aug 13, 2011",
2011,Crayon Shin-chan: The Storm Called: Operation Golden Spy クレヨンしんちゃん 嵐を呼ぶ黄金のスパイ大作戦 (Kureyon Shinchan Arashi o Yobu Ōgon no Supai Daisakusen),Japan,Sôichi Masui,Shin-Ei Animation,Traditional,,,"April 16, 2011",107 minutes
2011,Crulic: The Path to Beyond Crulic – Drumul spre dincolo,Romania Poland,Anca Damian,Aparte Film,Mixed,,,"August 11, 2011 ( Locarno Film Festival ) October 21, 2011 (Romania) December 1, 2011 (Poland)",73 minutes
2011,"Daddy, I'm a Zombie Papá, soy una zombi",Spain,"Ricardo Ramón, Joan Espinach",Abra Producciones,Computer,,,"November 25, 2011 ( Gijón International Film Festival )",80 minutes
2011,Dead Space: Aftermath,United States,Mike Disa,Starz Media / Film Roman / Pumpkin Studio / Electronic Arts,Traditional Computer,Direct-to-video,,"January 25, 2011",90 minutes
2011,Detective Conan: Quarter of Silence,Japan,Yasuichiro Yamamoto,TMS Entertainment,Traditional,,,"April 16, 2011 [ 3 ]",109 minutes
2011,Diary of a Wimpy Kid: Rodrick Rules (2011 film),United States,David Bowers,20th Century Fox,Live-Action-animation,Theatrical,,"March 25, 2011",100 minutes
2011,Doraemon: Nobita and the New Steel Troops—Winged Angels 映画ドラえもん 新・のび太と鉄人兵団 ～はばたけ 天使たち～ (Eiga Doraemon Shin Nobita to Tetsujin Heidan ~Habatake Tenshi Tachi~),Japan,Yukiyo Teramoto,Shin-Ei Animation,Traditional,,,"March 5, 2011",108 minutes
2011,Eetu ja Konna,Finland,Kari Häkkinen,,Traditional,,,"February 18, 2011",86 minutes
2011,The Elf Who Stole Christmas Olentzero y El Iratxo,Spain,Gorka Vázquez,Baleuko S.L. Talope,Computer,,[ 4 ] [ 5 ],"December 2, 2011",69 minutes
2011,Emilie Jolie fr:Emile Jolie,Belgium France,"Philippe Chatel, Francis Nielsen","Télé Images Productions, 2d3D Animations",Traditional,,[ citation needed ],"August 28, 2011 (Festival du Film Francophone d'Angoulême) October 13, 2011 (La Roche-sur-Yon International Film Festival) October 16, 2011 (Valenciennes Film Festival) October 19, 2011 (France)",72 minutes
2011,Eva from Argentina Eva de la Argentina,Argentina,María Seoane,Illusion Studios,Flash animation,,,"October 20, 2011 (Buenos Aires)",75 minutes
2011,Fimfarum – The Third Time Lucky cs:Fimfárum – Do třetice všeho dobrého,Czech Republic,"Vlasta Pospíšilová, Kristina Dufková, David Súkup",MAUR Film,Stop motion,,[ citation needed ] [ 6 ],"February 10, 2011",75 minutes
2011,Friends: Naki on Monster Island friends もののけ島のナキ (Friends: Mononoke Shima no Naki),Japan,Takashi Yamazaki Ryūichi Yagi,Toho,Computer,,,"December 17, 2011",87 minutes
2011,From up on Poppy Hill コクリコ坂から (Kokuriko-zaka Kara),Japan,Gorō Miyazaki,Studio Ghibli,Traditional,,,"July 16, 2011",92 minutes [ 7 ]
2011,Fullmetal Alchemist: The Sacred Star of Milos (鋼の錬金術師 嘆きの丘（ミロス）の聖なる星) (Hagane no Renkinjutsushi: Mirosu no Sei-naru Hoshi),Japan,Kazuya Murata,BONES / Aniplex / Shochiku,Traditional,,,"May 2, 2011 ( Tokyo ) July 2, 2011 (Japan)",111 minutes
2011,Gene-Fusion,United States,François Brisson,,Computer,,,"May 10, 2011",78 minutes
2011,George the Hedgehog Jeż Jerzy,Poland,Wojciech Wawszczyk [ pl ] Jakub Tarkowski Tomasz Lew Leśniak [ pl ],Paisa Films Produkcja,Flash animation,,,"March 11, 2011",90 minutes
2011,Gnomeo & Juliet,United States United Kingdom,Kelly Asbury,Rocket Pictures,Computer,Theatrical,,"January 23, 2011 ( El Capitan Theatre ) February 11, 2011 (United States and United Kingdom)",84 minutes [ 8 ]
2011,The Great Bear Den kæmpestore bjørn,Denmark,Esben Toft Jacobsen,Copenhagen Bombay / Film i Väst,Computer,,[ citation needed ] [ 9 ] [ 10 ],"February 10, 2011",75 minutes
2011,Green Lantern: Emerald Knights,United States,"Christopher Berkeley , Lauren Montgomery , Jay Oliva",Warner Bros. Animation / DC Entertainment,Traditional,Direct-to-video,,"June 7, 2011",84 minutes
2011,The Green Wave,Germany,Ali Samadi Ahadi,Arte,Traditional,,[ 11 ] [ citation needed ] [ 12 ],"June 22, 2010 (TV premiere) October 5, 2010 (Hamburg Film Festival) February 24, 2011 (Germany)",80 minutes
2011,Happy Feet Two,Australia United States,George Miller,Dr. D Studios / Warner Bros.,Computer,Theatrical,,"November 13, 2011 ( Grauman's Chinese Theatre ) November 18, 2011 (United States) December 26, 2011 (Australia)",100 minutes
2011,Hayate the Combat Butler! Heaven Is a Place on Earth 劇場版 ハヤテのごとく! HEAVEN IS A PLACE ON EARTH (Hayate no Gotoku! HEAVEN IS A PLACE ON EARTH),Japan,Hideto Komori,Manglobe,Traditional,,,"August 27, 2011",70 minutes
2011,Heaven's Lost Property the Movie: The Angeloid of Clockwork 劇場版 そらのおとしもの 時計じかけの哀女神（エンジェロイド） (Gekijōban Sora no Otoshimono: Tokei-jikake no Enjeroido),Japan,"Hisashi Saitō, Tetsuya Yanagisawa",AIC A.S.T.A,Traditional,,,"June 25, 2011",97 minutes
2011,Hoodwinked Too! Hood vs. Evil,United States,Mike Disa,Kanbar Entertainment / The Weinstein Company,Computer,,,"April 23, 2011 (Tribeca Film Festival) April 29, 2011",87 minutes
2011,Hop,United States,Tim Hill,Universal Pictures / Illumination Entertainment,Computer / Live-action,Theatrical,[ 13 ] [ 14 ] [ 15 ] [ 16 ],"March 27, 2011 ( Universal Sudios Hollywood ) April 1, 2011 (United States)",95 minutes [ 17 ]
2011,Ivan Tsarevich and the Grey Wolf Иван Царевич и Серый Волк (Ivan Tsarevich i Seryy Volk),Russia,Vladimir Toropchin,Melnitsa Animation Studio,Traditional,,[ citation needed ] [ 18 ],"December 29, 2011",80 minutes
2011,Jensen & Jensen de:Jensen og Jensen,Denmark,Craig Frank,Miso Film,Computer,,,"August 10, 2011",90 minutes
2011,Jesus: He Lived Among Us,United States,,The Voice of the Martyrs,Traditional,,,,90 minutes
2011,Jock the Hero Dog aka Jock of the Bushveld,South Africa,Duncan MacNeillie,Jock Animation,Computer,,[ citation needed ] [ 19 ],"July 29, 2011",89 minutes
2011,Johnny Bravo Goes to Bollywood,United States,Van Partible,Cartoon Network Studios,Traditional,,,"November 4, 2011",66 minutes
2011,The Jungle Bunch: Back to the Ice Floe Les As de la Jungle – Operation banquise,France,David Alaux Éric Tosti,TAT Production,Computer,,,"December 31, 2011",58 minutes
2011,Kikoriki. Team Invincible Смешарики. Начало (Smeshariki. Nachalo),Russia,Denis Chernov,"Petersburg Animation Studio , Riki Group , Bazelevs",Computer,,,"December 22, 2011",88 minutes
2011,The King of Pigs 돼지의 왕 (Dae gi eui wang),South Korea,Yeon Sang-ho,"Studio Dadashow, KT&G Sangsangmadang,",Traditional,,[ 20 ] [ 21 ],"October 8, 2011 ( Busan International Film Festival )",97 minutes
2011,K-On! けいおん! (Keion!),Japan,Naoko Yamada,Kyoto Animation,Traditional,,,"December 3, 2011",110 minutes
2011,Kuiba,China,,Vasoon Animation,Traditional,,,"July 8, 2011 [ 22 ]",90 minutes
2011,Kung Fu Panda 2,United States,Jennifer Yuh Nelson,DreamWorks Animation / Paramount Pictures,Computer,Theatrical,,"May 22, 2011 (Hollywood premiere) May 26, 2011 (United States)",90 minutes [ 23 ]
2011,La Leyenda de La Llorona,Mexico,Alberto Rodriguez,Videocine / Anima Studios,Flash animation,,,"October 21, 2011",75 minutes
2011,Laura's Star and the Dream Monsters Lauras Stern und die Traummonster,Germany,"Ute von Münchow-Pohl [ fr ] , Thilo Graf Rothkirch [ de ]",Rothkirch/Cartoon-Film Produktion,Computer / Traditional,,,"October 13, 2011",65 minutes
2011,"Leafie, A Hen into the Wild 마당을 나온 암탉 (Madangeul Naon Amtak)",South Korea,Seong-yun Oh,MK Pictures,Computer,,[ citation needed ] [ 24 ],"July 28, 2011",93 minutes
2011,LeapFrog: Numbers Ahoy,United States,Bob Nesler,Chris D'Angelo Productions LeapFrog Lionsgate,Traditional,Direct-to-video,,"January 18, 2011",35 minutes
2011,Leapfrog: Phonics Farm,United States,Ron Myrick,Chris D'Angelo Productions LeapFrog Lionsgate,Traditional,Direct-to-video,,"November 8, 2011",38 minutes
2011,Leapfrog: The Amazing Alphabet Amusement Park,United States,Bob Nesler,Chris D'Angelo Productions LeapFrog Lionsgate,Traditional,Direct-to-video,,"January 18, 2011",36 minutes
2011,Legend of the Millennium Dragon 鬼神伝 (Onigamiden),Japan,Hirotsugu Kawasaki,Studio Pierrot,Traditional,,,"April 29, 2011",98 minutes
2011,Legend of a Rabbit 兔侠传奇 (Tu Xia Chuan Qi),China,Sun Li Jun,"Beijing Film Academy , Tianjin Film Studio",Computer,,[ 25 ] [ citation needed ] [ 26 ],"July 11, 2011",89 minutes
2011,Legend of the Moles: The Frozen Horror,China Spain,Liu Kexin,,Traditional,,[ 27 ],"August 11, 2011",95 minutes
2011,Legends of Valhalla: Thor Hetjur Valhallar – Þór,Iceland Germany Ireland,"Óskar Jónasson, Toby Genkel, Gunnar Karlsson","CAOZ, Ulysses , Magma Films",Computer,,,"October 14, 2011",79 minutes
2011,A Letter to Momo ももへの手紙 (Momo e no Tegami),Japan,Hiroyuki Okiura,Production I.G,Traditional,,,"September 10, 2011 ( TIFF ) April 21, 2012 (Japan)",120 minutes
2011,The Light of a Firefly Forest 蛍火の杜へ (Hotarubi no Mori e),Japan,Takahiro Omori,Brain's Base,Traditional,,,"September 17, 2011",44 minutes
2011,The Lion of Judah,United States,"Deryck Broom, Roger Hawkins",Animated Family Films / Rocky Mountain Pictures,Computer,,,"June 3, 2011",87 minutes
2011,Little Big Panda,China France Germany Luxembourg Spain,Greg Manwaring,"China Film Group Corp., ORB Filmproduktion GmbH",Traditional,,[ 28 ],"February 3, 2011",86 minutes
2011,The Little Engine That Could,United States,Elliot M. Bour,Crest Animation Productions / Universal Animation Studios,Computer,Direct-to-video,,"March 22, 2011",82 minutes [ 29 ]
2011,The Littlest Angel,United States,Dave Kim,"Anchor Bay, Portsmouth Pictures, Cinepix Animation",Computer,,[ 30 ],"November 15, 2011",84 minutes
2011,Lotte and the Moonstone Secret Lotte ja kuukivi saladus,Estonia Latvia,"Heiki Ernits, Janno Põldma",,Traditional,,,"August 25, 2011",76 minutes
2011,Macross Frontier The Movie: The Wings of Farewell 劇場版 マクロスF 恋離飛翼～サヨナラノツバサ～ (Gekijôban Macross F: Sayonara no tsubasa),Japan,Shoji Kawamori,Satelight,Traditional,,,"February 26, 2011",115 minutes
2011,The Magic Crystal fi:Maaginen kristalli,Finland,Antti Haikala,"Cartoon One, Connectoon, Epidem, Nelonen, uFilm",Computer,,[ 31 ] [ citation needed ],"November 18, 2011",80 minutes
2011,Magic Tree House マジック・ツリーハウス,Japan,Hiroshi Nishikiori,Ajia-do Animation Works,Traditional,,,"October 23, 2011 (Tokyo Film Festival) January 7, 2012 (Japan)",105 minutes
2011,Mardock Scramble: The Second Combustion マルドゥック・スクランブル 燃焼 (Marudukku Sukuranburu: Nenshō),Japan,Susumu Kudo,GoHands,Traditional,,,"September 3, 2011",64 minutes
2011,Mars Needs Moms,United States,Simon Wells,Walt Disney Pictures / ImageMovers Digital,Computer,Theatrical,,"March 6, 2011 ( El Capitan Theatre ) March 11, 2011 (United States)",88 minutes [ 32 ]
2011,Marx Reloaded,Germany,Jason Barker,Films Noirs / Arte,Traditional,,,"April 11, 2011 (Germany, France) February 10, 2012 (United Kingdom) September 1, 2012 (United States) [ 33 ] [ 34 ]",52 minutes
2011,A Monster in Paris Un monstre a Paris,France,Bibo Bergeron,Bibo Films / EuropaCorp Distribution,Computer,,,"October 21, 2011 (France) December 26, 2011 (United States)",90 minutes [ 35 ]
2011,The Muppets,United States,James Bobin,The Muppets Studio,Puppetry /Live-action,Theatrical,,"November 23, 2011",103 minutes
2011,Naruto: Blood Prison 劇場版 NARUTO-ナルト- ブラッド・プリズン (Gekijōban Naruto: Buraddo Purizun),Japan,Masahiko Murata,Studio Pierrot,Traditional,,,"July 27, 2011",103 minutes
2011,Orla Frosnapper Orla Frosnapper,Denmark,Peter Dodd,Crone Film Produktion A/S,Computer,,[ citation needed ],"June 1, 2011",84 minutes
2011,Paul,United States United Kingdom,Greg Mottola,Universal Pictures,Live-Action-CGI,,,18 March 2011,104 minutes
2011,The Painting Le Tableau,Belgium France,Jean-François Laguionie,"Be-Films, Blue Spirit Animation, uFilm",Computer / Traditional,,[ citation needed ] [ 36 ],"November 23, 2011",76 minutes
2011,Phineas and Ferb: Across the 2nd Dimension,United States,"Dan Povenmire , Robert F. Hughes",Walt Disney Studios Home Entertainment / Walt Disney Television Animation,Traditional,Television film,,"August 5, 2011",78 minutes
2011,Pleasant Goat and Big Big Wolf – Moon Castle: The Space Adventure,China,,,Traditional,,,"January 21, 2011",88 minutes
2011,Pokémon the Movie: Black—Victini and Reshiram 劇場版ポケットモンスター ベストウイッシュ ビクティニと白き英雄 レシラム (Gekijōban Poketto Monsutā Besuto Uisshu Bikutini to Shiroki Eiyū Reshiramu),Japan,Kunihiko Yuyama,"OLM, Inc.",Traditional,,,"July 16, 2011","92 minutes (each) , 184 minutes (total)"
2011,Pokémon the Movie: White—Victini and Zekrom 劇場版ポケットモンスター ベストウイッシュ ビクティニと黒き英雄 ゼクロム (Gekijōban Poketto Monsutā Besuto Uisshu Bikutini to Kuroki Eiyū Zekuromu),Japan,Kunihiko Yuyama,"OLM, Inc.",Traditional,,,"July 16, 2011","92 minutes (each) , 184 minutes (total)"
2011,Pretty Cure All Stars DX3: Deliver the Future! The Rainbow-Colored Flower That Connects the World プリキュアオールスターズDX3 未来にとどけ！世界をつなぐ☆虹色の花 (PuriKyua Ōru Sutāzu Dirakkusu Surī: Mirai ni Todoke! Sekai o Tsunagu Niji-Iro no Hana),Japan,Takashi Otsuka,Toei Animation,Traditional,,,"March 19, 2011",74 minutes
2011,The Prodigies,France Luxembourg Belgium,Antoine Charreyron,"Fidélité Films, Onyx Films, Studio 37",Computer,,,"May 2011 ( Cannes ) June 8, 2011 (France)",87 minutes
2011,Puss in Boots,United States,Chris Miller,DreamWorks Animation,Computer,Theatrical,,"October 16, 2011 ( Allure of the Seas ) October 28, 2011 (United States)",90 minutes [ 37 ]
2011,Puss in Boots: A Furry Tale,United States,Darrell Van Citters,Renegade Animation,Flash animation,,,"October 11, 2011",41 minutes
2011,The Princess and the Pilot とある飛空士への追憶 (To Aru Hikūshi e no Tsuioku),Japan,Jun Shishido,Madhouse / TMS Entertainment,Traditional,,,"October 1, 2011",100 minutes
2011,Princess Lillifee and the Little Unicorn Prinzessin Lillifee und das kleine Einhorn,Germany,"Ansgar Niebuhr, Hubert Weiland","Caligari Film, WunderWerk",Traditional,,[ 38 ] [ citation needed ],"September 1, 2011",72 minutes
2011,The Rabbi's Cat Le Chat du rabbin,France,Joann Sfar Antoine Delesvaux,Autochenille Production,Traditional,,,"June 1, 2011",80 minutes
2011,Rango,United States,Gore Verbinski,Nickelodeon Movies / Blind Wink / GK Films / Paramount Pictures,Computer,Theatrical,,"February 14, 2011 (Westwood premiere) March 4, 2011 (United States)",107 minutes 112 minutes (Extended Cut)
2011,Rio,United States,Carlos Saldanha,20th Century Fox / 20th Century Fox Animation / Blue Sky Studios,Computer,Theatrical,[ 39 ],"March 22, 2011 (World premiere) April 15, 2011 (North America)",96 minutes
2011,Ronal the Barbarian Ronal Barbaren,Denmark,"Thorbjørn Christoffersen, Kresten Vestbjerg Andersen, Philip Einstein Lipski",Einstein Film,Computer,,,"September 29, 2011 [ 40 ]",86 minutes
2011,The Smurfs,United States,Raja Gosnell,Sony Pictures Animation,Live-Action-CGI,Theatrical,,"July 29, 2011",103 minutes
2011,Scooby-Doo! Legend of the Phantosaur,United States,David Block,Warner Bros. Animation Hanna-Barbera,Traditional,Direct-to-video,,"September 3, 2011",75 minutes [ 41 ]
2011,SeeFood,Malaysia,Goh Aun Hoe,Silver Ant,Computer,,[ 42 ] [ citation needed ],"October 7, 2011",93 minutes
2011,Seer,China,,,Computer,,[ 43 ],"July 28, 2011",90 minutes
2011,Sengoku Basara: The Last Party 戦国BASARA (Sengoku Basara),Japan,Kazuya Nomura,Production I.G,Traditional,,,"June 4, 2011",95 minutes
2011,Super K – The Movie,India,"Vijay S. Bhanushali, Smita Maroo",Shemaroo Entertainment,Computer,,,"November 11, 2011",95 minutes
2011,Tales of the Night Les Contes de la nuit,France,Michel Ocelot,"Nord-Ouest Films, Studio O, StudioCanal",Traditional,,,"February 13, 2011 ( Berlin ) July 20, 2011 (France) [ 44 ] [ 45 ]",84 minutes
2011,Tappy Toes,United States,Darrell Van Citters,Renegade Animation,Flash animation,,,"November 1, 2011",41 minutes
2011,Tatsumi,Singapore,Eric Khoo,Zhao Wei Films,Traditional,,,"May 17, 2011 ( Cannes Film Festival )",98 minutes
2011,Tekken: Blood Vengeance 鉄拳 ブラッド・ベンジェンス (Tekken Buraddo Benjensu),Japan,Youichi Mori,Digital Frontier / Asmik Ace Entertainment,Computer,,,"July 26, 2011 (Film premiere) September 3, 2011 (Japan)",92 minutes [ 46 ]
2011,Thor: Tales of Asgard,United States,Sam Liu,"Marvel Animation / MLG Productions 7, Inc. / Lionsgate Home Entertainment",Traditional,Direct-to-video,,"May 17, 2011",77 minutes
2011,The Tibetan Dog チベット犬物語 ～金色のドージェ～ (Tibet Inu Monogatari: Kin'iro no Dao Jie),China Japan,Masayuki Kojima,Madhouse,Traditional,,,"July 15, 2011 (China) [ 47 ] January 7, 2012 (Japan) [ 48 ]",90 minutes
2011,Die Tigerentenbande – Der Film,Germany,Irina Probost,,Traditional,,,"March 10, 2011",65 minutes
2011,Titeuf,France,Zep,,Traditional animation,,,"April 6, 2011",87 minutes
2011,Tom and Jerry and the Wizard of Oz,United States,"Spike Brandt, Tony Cervone","Warner Bros. Animation , Hanna-Barbera , Turner Entertainment",Traditional,Direct-to-video,,"August 23, 2011",59 minutes
2011,Top Cat: The Movie Don Gato y Su Pandilla,Mexico Argentina,Alberto Mar,Anima Estudios Illusion Studios,Computer / Flash animation,,,"September 16, 2011",91 minutes
2011,Tormenti – Film disegnato,Italy,Filiberto Scarpelli,,Cutout,,,"November 3, 2011",80 minutes
2011,The Tragedy of Man hu:Az ember tragédiája,Hungary,Marcell Jankovics,Magyar Rajzfilm Kft Pannónia Filmstúdió,Traditional,,,"November 27, 2011 (Anilogue) December 8, 2011",160 minutes
2011,Transformers: Dark of the Moon,United States,Michael Bay,Hasbro Studios Di Bonaventura Pictures Paramount Pictures,Computer Live-action,,,"June 29, 2011",154 minutes
2011,VeggieTales: Princess and the Popstar,United States,Brian Roberts,Big Idea Productions,Computer,Direct-to-video,,"August 13, 2011",49 minutes
2011,VeggieTales: The Little Drummer Boy,United States,Brian Roberts,Big Idea Productions,Computer,Direct-to-video,,"October 4, 2011",45 minutes
2011,VeggieTales: 'Twas the Night Before Easter,United States,Mike Nawrocki,Big Idea Productions,Computer,Direct-to-video,,"March 8, 2011",47 minutes
2011,Walter & Tandoori's Christmas Le Noël de Walter et Tandoori,Canada,Sylvain Viau,Corporation Image Entertainment,Traditional,,[ 49 ] [ 50 ],November 2011,85 minutes
2011,Werner – Eiskalt!,Germany,Gernot Roll,"Animationsfabrik, Constantin Film Produktion",Traditional,,[ citation needed ] [ 51 ],"June 23, 2011",93 minutes
2011,Winnie the Pooh,United States,"Stephen Anderson , Don Hall",Walt Disney Pictures / Walt Disney Animation Studios,Traditional,Theatrical,,"April 6, 2011 (Belgium) July 15, 2011 (United States)",63 minutes [ 52 ]
2011,Wrinkles Arrugas,Spain,Ignacio Ferreras,Perro Verde Films,Traditional,,,"September 19, 2011 ( San Sebastián Film Festival )",89 minutes
2011,Old Master Q and Little Ocean Tiger 老夫子之小水虎传奇,China,Fukutomi Hiroshi,Intercontinental Video,Traditional,,,"April 19, 2011",86 minutes
2012,.hack//The Movie ドットハック セカイの向こうに (Dotto Hakku Sekai no Mukō ni),Japan,Hiroshi Matsuyama,CyberConnect2 sai,CG animation,,[ 1 ],"January 21, 2012",112 minutes
2012,009 Re:Cyborg,Japan,Kenji Kamiyama,Production I.G,CG animation,,[ 2 ],"October 27, 2012",105 minutes
2012,A Fairly Odd Christmas,Canada,Savage Steve Holland,Billionfold Inc. Frederator Studios Pacific Bay Entertainment Nickelodeon Productions,CG animation Live-action,,,"November 29, 2012 [ 3 ]",66 minutes
2012,Abominable Christmas,United States,Chad Van De Keere,Kickstart Productions,CG animation,Direct-to-video,,"October 23, 2012",43 minutes
2012,The Adventures of Scooter the Penguin,United States,Harry Cason Michael Schelp,,CG animation,,,"October 8, 2012",80 minutes
2012,After School Midnighters 放課後MIDNIGHTERS (Hōkago Midnighters),Japan,Hitoshi Takekiyo,Koo-Ki,CG animation,,[ 4 ] [ 5 ],"August 25, 2012",95 minutes
2012,The Apostle,Spain,Fernando Cortizo,Artefacto producciones,Stop motion,,[ 6 ] [ 7 ],"April 27, 2012 ( Málaga Film Festival ) October 7, 2012 (Sitges Film Festival) October 31, 2012 (Spain)",84 minutes 80 minutes (Spain)
2012,Approved for Adoption Couleur de peau: miel,France Belgium South Korea Switzerland,Laurent Boileau Jung,Artémis Productions Mosaïque Films,CG animation / Traditional,,[ 8 ] [ 9 ],"June 6, 2012",70 minutes
2012,The Amazing Adventures of the Living Corpse,United States,Justin Paul Ritter,Shoreline Entertainment,CG animation,,[ 10 ],"July 14, 2012 (San Diego Comic Con) [ 11 ]",84 minutes
2012,Anpanman: Revive Banana Island ja:それいけ!アンパンマン よみがえれ バナナ島,Japan,Hiroyuki Yano,Anpanman Production Committee TMS Entertainment,Traditional,,,"July 7, 2012",46 minutes
2012,Arjun: The Warrior Prince,India,Arnab Chaudhuri,UTV Motion Pictures,CG animation / Traditional,,[ 12 ] [ 13 ],"May 25, 2012",96 minutes
2012,Asura アシュラ,Japan,Keiichi Sato,Toei Animation,CG animation / Traditional,,[ 14 ],"September 29, 2012",75 minutes
2012,A Turtle's Tale 2: Sammy's Escape from Paradise,Belgium,Ben Stassen,"nWave Pictures , Illuminata Pictures",CG animation,,[ 15 ] [ 16 ],"August 15, 2012",92 minutes [ 17 ]
2012,Back to the Sea,China,Thom Lu,Glory & Dream Entertainment Funimation,Traditional / CG animation,,,"January 27, 2012",96 minutes
2012,Batman: The Dark Knight Returns – Part 1,United States,Jay Oliva,"Warner Bros. Animation , DC Entertainment",Traditional,Direct-to-video,[ 18 ],"September 25, 2012 (Part 1)",76 minutes (Part 1)
2012,Ben 10: Destroy All Aliens,Singapore,Victor Cook,"Cartoon Network , Tiny Island Productions",CG animation,,,"March 11, 2012 (Asia [ 3 ] ) March 23, 2012 (United States)",69 minutes [ 19 ] [ 20 ] [ 21 ]
2012,Barbie: The Princess & the Popstar,United States,Ezekiel Norton,"Universal Studios , Arc Productions , Rainmaker Studios",CGI animation,,,"September 11, 2012 [ 22 ]",73 minutes [ 23 ]
2012,Barbie in A Mermaid Tale 2,United States,William Lau,"Universal Studios , Arc Productions , Rainmaker Studios",CGI animation,,,"February 27, 2012",74 minutes
2012,Berserk Golden Age Arc I: The Egg of the King ベルセルク 黄金時代篇I 覇王の卵 (Berserk Ōgon Jidai-Hen I: Haō no Tamago),Japan,Toshiyuki Kubooka,Studio 4°C,Traditional,,,"February 4, 2012",77 minutes
2012,Berserk Golden Age Arc II: The Battle for Doldrey ベルセルク 黄金時代篇II ドルドレイ攻略 (Berserk Ōgon Jidai-Hen II: Doldrey Kōryaku),Japan,Toshiyuki Kubooka,Studio 4°C,Traditional,,,"June 23, 2012",98 minutes
2012,Big Top Scooby-Doo!,United States,Ben Jones,"Warner Bros. Animation , Hanna-Barbera",Traditional,Direct-to-video,,"October 9, 2012",80 minutes [ 24 ]
2012,Blackie & Kanuto,Spain Italy France,Francis Nielsen,"Baleuko S.L., Lumiq Studios , Art'mell",CG animation,,[ 25 ] [ 26 ],May 2012,81 minutes
2012,Blood-C: The Last Dark,Japan,Naoyoshi Shiotani,Production I.G,Traditional,,[ 27 ],"June 2, 2012",110 minutes
2012,Blue Exorcist: The Movie,Japan,Atsushi Takahashi,A-1 Pictures,Traditional,,[ 28 ] [ 29 ],"December 28, 2012",90 minutes [ 30 ]
2012,Brave,United States,"Mark Andrews , Brenda Chapman",Walt Disney Pictures / Pixar,CGI animation,Theatrical,,"June 10, 2012 ( SIFF ) June 22, 2012 (United States)",93 minutes [ 31 ]
2012,Branimals – The Forest is Ours Brichos – A Floresta é Nossa,Brazil,Paulo Munhoz,,Traditional,,,"July 17, 2012 (limites) December 25, 2012",83 minutes
2012,Bratz: Desert Jewelz,United States,Mucci Fassett,MGA Entertainment,CG animation,Direct-to-DVD,,"January 10, 2012",74 minutes
2012,Chhota Bheem and the Curse of Damyaan,India,Rajiv Chilaka,Green Gold Animation,CG animation,,,"May 18, 2012",88 minutes
2012,Cinderella: Once upon a time in the west... Cendrillon: Elle etait une fois dans l'Ouest...,Belgium France,Pascal Hérold,Delacave Paris,CG animation,,[ 9 ],"July 25, 2012",81 minutes
2012,Consuming Spirits,United States,Chris Sullivan,,Mixed,,,"December 12, 2012 ( New York City )",136 minutes
2012,Crayon Shin-chan: Arashi o Yobu! Ora to Uchū no Princess クレヨンしんちゃん 嵐を呼ぶ!オラと宇宙のプリンセス,Japan,,,Traditional,,[ 32 ],"April 14, 2012",111 minutes
2012,Cycle Ciklus,Hungary,Zoltán Sóstai,,CG animation,,,"May 4, 2012 (London International Festival of Science Fiction and Fantastic Film) February 21, 2013 (Hungary)",78 minutes
2012,Diary of a Wimpy Kid: Dog Days (film),United States,David Bowers,20th Century Fox,Live-Action-animation,Theatrical,,"August 3, 2012",94 minutes
2012,The Day of the Crows Le Jour des Corneilles,France Belgium Canada Luxembourg,Jean-Christophe Dessaint,"Finalement, Mélusine Productions, Walking The Dog, Max Films",Traditional,,[ 9 ],"October 1, 2012 (Festival du Film Francophone de Namur) October 24, 2012 (Belgium)",96 minutes
2012,Delhi Safari,India,Nikhil Advani,Krayon Pictures,CG animation,,,"October 19, 2012",92 minutes
2012,Raven the Little Rascal Der kleine Rabe Socke – Gemeinsam bin ich stark!,Germany,"Ute von Münchow-Pohl [ fr ] , Sandor Jesse",Studio 88,Traditional,,[ 9 ],"September 6, 2012",78 minutes
2012,Detective Conan: The Eleventh Striker,Japan,Kobun Shizuno,TMS Entertainment,Traditional,,,"April 14, 2012",110 minutes
2012,Dino Time,United States South Korea,"Yoon-suk Choi, John Kafka","CJ Entertainment , Clarius Entertainment",CG animation,,,"November 30, 2012",88 minutes
2012,Dji. Death fails,Moldova,Dmitri Voloshin,,CG animation,,[ 33 ],2012,4 minutes
2012,Dog Bowl and Chuki-Cookie Собака Шара и Чуки-Куки,Russia,"Elena Chernova, Alex Kotyonochkin",Argus,Traditional,,[ 34 ],2012,9 minutes
2012,Doraemon: Nobita and the Island of Miracles—Animal Adventure,Japan,Kôzô Kusuba,Shin-Ei Animation,Traditional,,,"March 3, 2012",100 minutes
2012,Dragon Age: Dawn of the Seeker ドラゴンエイジ ブラッドメイジの聖戦 (Dragon Age: Blood Mage no Seisen),United States Japan,Fumihiko Sori,"Funimation Entertainment , Oxybot",CG animation,,[ 35 ],"February 11, 2012",90 minutes
2012,Echo Planet,Thailand,,,CG animation,,,"August 2, 2012",81 minutes
2012,Eien no Monogatari,Japan,,,Traditional,,[ 36 ],"October 13, 2012",110 minutes
2012,Ernest & Celestine,France Belgium Luxembourg,"Stéphane Aubier, Vincent Patar, Benjamin Renner","La Parti Productions, Les Armateurs, Maybe Movies",Traditional / Flash animation,,[ 37 ],"May 23, 2012 ( Cannes ) December 12, 2012 (France) December 19, 2012 (Belgium)",80 minutes [ 38 ]
2012,Evangelion: 3.0 ヱヴァンゲリヲン新劇場版：Q Quickening (Evangerion Shin Gekijōban: Kyū Kuikkuningu),Japan,"Hideaki Anno , Kazuya Tsurumaki , Masayuki Yamaguchi",Studio Khara,Traditional,,,"November 17, 2012",96 minutes
2012,Exchange Student Zero,Australia,Bruce Kane Patrick Crawley,Bogan Entertainment,Traditional,,,"December 16, 2012",70 minutes
2012,Fairy Tail the Movie: The Phoenix Priestess 劇場版 FAIRY TAIL 鳳凰の巫女 (Gekijōban Fearī Teiru: Hōō no Miko),Japan,Masaya Fujimori,"A-1 Pictures , Satelight",Traditional,,,"August 18, 2012",86 minutes
2012,"Fat, Bald, Short Man Gordo, calvo y bajito",Colombia,Carlos Osuna,Malta Cine Ciné-Sud Promotion Perfect Circle Productions,Rotoscoping,,[ 39 ] [ 40 ] [ 41 ] [ 42 ],"September 30, 2012",91 minutes
2012,Foodfight!,United States,Larry Kasanoff,Threshold Entertainment,CG animation,,,"June 15, 2012",87 minutes [ 43 ]
2012,Frankenweenie,United States,Tim Burton,Walt Disney Pictures / Tim Burton Productions,Stop motion,Theatrical,,"September 20, 2012 (Fantastic Fest) October 5, 2012 (United States)",87 minutes [ 44 ]
2012,Fuse Teppō Musume no Torimonochō,Japan,Masayuki Miyaji,,Traditional,,[ 45 ],"October 20, 2012",110 minutes
2012,Gekijō-ban Tiger & Bunny -The Beginning,Japan,,,Traditional,,,"September 22, 2012",90 minutes
2012,Gladiators of Rome Gladiatori di Roma,Italy,Iginio Straffi,Rainbow S.r.l.,CG animation,,[ 46 ],"October 18, 2012",95 minutes
2012,Goat Story 2 Kozí příběh se sýrem,Czech Republic,Jan Tománek,Art And Animation studio,CG animation,,[ 47 ] [ 48 ],"October 25, 2012",85 minutes
2012,Gothicmade 花の詩女 ゴティックメード (Hana no Utame Gothicmade),Japan,Mamoru Nagano,,Traditional,,[ 49 ],"November 1, 2012",70 minutes
2012,The Grow,China,,,Traditional,,[ 50 ],"December 29, 2012",88 minutes
2012,Gummibär: The Yummy Gummy Search for Santa,United States Germany,"Bernie Denk , Jürgen Korduletsch",Lionsgate,CG animation,,,"September 6, 2012 (TIFF) October 8, 2012 ( United Kingdom ) November 6, 2012 ( United States )",61 minutes
2012,Hajimari no Monogatari,Japan,,,Traditional,,[ 51 ],"October 6, 2012",130 minutes
2012,Hotel Transylvania,United States,Genndy Tartakovsky,Sony Pictures Animation / Columbia Pictures,CGI animation,Theatrical,,"September 8, 2012 ( TIFF ) September 28, 2012 (United States)",91 minutes [ 54 ]
2012,Ice Age: Continental Drift,United States,"Steve Martino , Mike Thurmeier",20th Century Fox / 20th Century Fox Animation / Blue Sky Studios,CGI animation,Theatrical,,"July 13, 2012",88 minutes [ 31 ]
2012,The Illusionauts Los Ilusionautas,Peru,Eduardo Schuldt,Aronnax Animation Studios,CG animation,,[ 55 ] [ 56 ],"January 26, 2012",82 minutes
2012,Inazuma Eleven GO vs. Danbōru Senki W,Japan,,"OLM, Inc.",Traditional,,[ 57 ],"December 1, 2012",90 minutes
2012,Inspector Martin and the Gang of Snails Inspektor Martin i banda puževa,Croatia,Igor Lepčin,,Traditional,,,"May 31, 2012 [ 58 ]",82 minutes
2012,It's Such a Beautiful Day,United States,Don Hertzfeldt,Bitter Films,Traditional,,[ 59 ] [ 60 ],"August 24, 2012",62 minutes
2012,Ivan the Incredible Gummi T,Denmark,Michael Hegner,Crone Film,CG animation,,[ 9 ],"May 16, 2012",80 minutes
2012,Justice League: Doom,United States,Lauren Montgomery,"Warner Bros. Animation , DC Entertainment",Traditional,Direct-to-video,,"February 28, 2012",77 minutes
2012,Kirikou and the Men and Women Kirikou et les Hommes et les Femmes,France,Michel Ocelot,Les Armateurs,CG animation,,,"October 3, 2012",89 minutes
2012,"Komm, wir finden einen Schatz!",Germany,Irina Probost,,CG animation,,,"May 24, 2012",75 minutes
2012,Guide Of Tormes es:El Lazarillo de Tormes,Spain,Juan Bautista Berasategi,Lotura Films,Traditional,,,2012,
2012,Leapfrog: Numberland,United States,Ron Myrick,Chris D'Angelo Productions LeapFrog Lionsgate,Traditional,Direct-to-video,,"January 31, 2012",36 minutes
2012,Legend of the Moles: The Treasure of Scylla,China,Liu Kexin,,Traditional,,[ 61 ],"July 5, 2012",95 minutes
2012,A Liar's Autobiography: The Untrue Story of Monty Python's Graham Chapman,United Kingdom,"Bill Jones, Ben Timlett, Jeff Simpson",Bill and Ben Productions,CG animation / Traditional / Cutout,,[ 9 ] [ 62 ],"September 8, 2012 ( TIFF ) February 8, 2013 (United Kingdom)",85 minutes [ 63 ]
2012,Library War: The Wings of Revolution 図書館戦争 革命のつばさ (Toshokan Sensō Kakumei no Tsubasa),Japan,Takayuki Hamana,Production I.G,Traditional,,[ 64 ],"June 5, 2012 (Tokyo) June 16, 2012 (Japan)",105 minutes [ 65 ]
2012,The Life of Guskou Budori グスコーブドリの伝記 (Guskō Budori no Denki),Japan,Gisaburō Sugii,Tezuka Productions,Traditional,,[ 66 ] [ 67 ],"July 7, 2012",108 minutes
2012,The Lorax,United States,"Chris Renaud , Kyle Balda",Illumination Entertainment,CGI animation,Theatrical,,"March 2, 2012",86 minutes [ 68 ]
2012,Macross FB 7: Ore no Uta o Kike!,Japan,Tetsurō Amino,Satelight,Traditional,,,"October 20, 2012",90 minutes
2012,Madagascar 3: Europe's Most Wanted,United States,"Tom McGrath , Eric Darnell , Conrad Vernon",DreamWorks Animation,CGI animation,Theatrical,,"May 18, 2012 ( Cannes Film Festival ) June 8, 2012 (United States)",93 minutes [ 69 ]
2012,Magical Girl Lyrical Nanoha The Movie 2nd A's 魔法少女リリカルなのは The MOVIE 2nd A's (Magical Girl Lyrical Nanoha The Movie 2nd A's),Japan,,Seven Arcs,Traditional,,[ 70 ],"July 14, 2012",150 minutes
2012,Marco Macaco,Denmark,Jan Rahbek,Nice Ninja,CG animation,,[ 71 ] [ 72 ],"September 13, 2012 (BUSTER Copenhagen International Film Festival for Children and Youth) October 11, 2012 (Denmark)",80 minutes
2012,Mass Effect: Paragon Lost,Japan,,,Traditional,,[ 73 ],"November 29, 2012 (Limited theatrical release) December 14, 2012 (Digital release)",84 minutes
2012,Moon Man Der Mondmann,Germany France Ireland,Stephan Schesch,"Schesch Filmkreation, Cofinova 8, le Pacte",Traditional,,,"June 8, 2012 (Annecy) March 14, 2013",65 minutes [ 74 ]
2012,Nerawareta Gakuen ねらわれた学園,Japan,Ryosuke Nakamura,Sunrise,Traditional,,[ 75 ] [ 76 ],"October 2012 (Scotland Loves Animation) November 10, 2012 (Japan)",110 minutes [ 77 ]
2012,Niji-Iro Hotaru: Eien no Natsu Yasumi 虹色ほたる～永遠の夏休み～,Japan,Kōnosuke Uda,Toei Animation,Traditional,,[ 78 ],"May 19, 2012",104 minutes
2012,"Niko 2: Family Affairs Niko 2 – lentäjäveljekset Niko – Kleines Rentier, großer Held",Finland Germany Denmark Ireland,"Kari Juusonen, Dane Jorgen Lerdam","Animaker Oy, Ulysses Filmproduktion, A.Film, Magma Prods.",CG animation,,[ 79 ],"October 12, 2012 (Finland) August 9, 2013 (Japan)",79 minutes
2012,One Piece Film Z,Japan,Tatsuya Nagamine,Toei Animation,Traditional,,[ 80 ] [ 81 ],"December 15, 2012",107 minutes
2012,The Outback,United States South Korea,Kyung Ho Lee,"The Animation Picture Company , DigiArt Production, Lotte Entertainment",CG animation,,[ 82 ] [ 83 ],"January 12, 2012",85 minutes
2012,An Oversimplification of Her Beauty,United States,Terence Nance,,Mixed,,,"January 21, 2012 ( Sundance Film Festival )",93 minutes
2012,ParaNorman,United States,"Sam Fell , Chris Butler",Laika / Focus Features,Stop motion,,,"August 3, 2012 (Mexico) August 17, 2012 (United States) January 10, 2013 (Australia)",92 minutes [ 84 ]
2012,Peixonauta – Agente Secreto da O.S.T.R.A.,Brazil,Célia Catunda and Kiko Mistrorig,TV PinGuim,Traditional,,,"November 9, 2012",95 minutes
2012,Pinocchio,Italy France Belgium Luxembourg,Enzo D'Alò,"2d3D Animations, Cometa Film, Iris Productions, Walking the dog",Traditional,,,"August 20, 2012 ( Venice ) March 21, 2013 (Italy)",84 minutes
2012,The Pirates! in an Adventure with Scientists,United Kingdom United States,"Peter Lord , Jeff Newitt",Aardman Animations / Sony Pictures Animation / Columbia Pictures,Stop motion,Theatrical,[ 9 ],"March 28, 2012 (United Kingdom) April 27, 2012 (United States)",88 minutes [ 85 ]
2012,Pleasant Goat and Big Big Wolf: Mission Incredible: Adventures on the Dragon's Trail,China,,,Traditional,,[ 86 ],"January 12, 2012",87 minutes
2012,Pokémon the Movie: Kyurem vs. the Sword of Justice 劇場版ポケットモンスター ベストウイッシュ キュレムVS聖剣士 ケルディオ (Gekijōban Poketto Monsutā Besuto Uisshu Kyuremu tai Seikenshi Kerudio),Japan,Kunihiko Yuyama,"OLM, Inc.",Traditional,,,"July 14, 2012",71 minutes
2012,Pretty Cure All Stars New Stage: Friends of the Future プリキュアオールスターズ New Stage みらいのともだち (PuriKyua Ōru Sutāzu Nyū Sutēji: Mirai no Tomodachi),Japan,,Toei Animation,Traditional,,,"March 17, 2012",70 minutes
2012,Rise of the Guardians,United States,Peter Ramsey,DreamWorks Animation,CGI animation,Theatrical,,"October 10, 2012 ( Mill Valley Film Festival ) [ 87 ] November 21, 2012 (United States)",97 minutes [ 88 ]
2012,Road to Ninja: Naruto the Movie,Japan,Hayato Date,Studio Pierrot,Traditional,,,"July 28, 2012",109 minutes
2012,Rodencia y el Diente de la Princesa,Argentina Peru,David Bisbano,Red Post Studio National Institute of Cinema and Audiovisual Arts Vista Sur Films S.r.l.,CG animation,,,"October 11, 2012",87 minutes
2012,Scooby-Doo! Music of the Vampire,United States,David Block,"Warner Bros. Animation , Hanna-Barbera",Traditional,Direct-to-video,,"March 13, 2012",76 minutes [ 89 ]
2012,Secret of the Wings,United States,Bradley Raymond,Walt Disney Pictures / DisneyToon Studios,CG animation,,,"August 16, 2012 (Ukraine) August 31, 2012 (United States (limited)) October 23, 2012 (DVD release)",75 minutes [ 90 ]
2012,Seer 2,China,"Wang Zhangjun, Fu Jie","Mr.Cartoon Pictures Shanghai Taomee Network Technology Ltd. EE-Media Hunan Aniworld Satellite TV 37 Entertainment China Film Co., Ltd.",CG animation,,[ 61 ],"June 28, 2012",90 minutes
2012,"Selkirk, the Real Robinson Crusoe Selkirk el verdadero Robinson Crusoe",Uruguay Argentina Chile,Walter Tournier,Tournier Animación,Stop motion,,[ 91 ] [ 92 ],"February 2, 2012",80 minutes
2012,Sir Billi: Guardian of the Highlands,Scotland,Sascha Hartmann,Glasgow Animation Billi Productions,CG animation,,[ 93 ] [ 94 ],"April 13, 2012 ( Sonoma International Film Festival ) September 13, 2013 (United Kingdom)",80 minutes
2012,The Snow Queen Снежная королева,Russia,"Maxim Sveshnikov, Vladlen Barbe","Wizart Animation , InlayFilm",CG animation,,[ 95 ] [ 96 ],"December 31, 2012",74 minutes [ 97 ]
2012,Spike 2,France,"David Alaux, Éric Tosti",TAT Productions,CG animation,,,2012,71 minutes
2012,Sprookjesboom de Film,Netherlands,Hans Walther,"Motek Entertainment , Efteling",CG animation,,,"February 22, 2012",72 minutes
2012,The Star Making Machine La máquina que hace estrellas,Argentina,Esteban Echeverría,"Nut's Studio, Aleph Media",CG animation,,[ 98 ],"August 4, 2012 (Festival de Invierno de Cinemateca) August 30, 2012 (Argentina)",80 minutes
2012,Starship Troopers: Invasion,United States Japan,Shinji Aramaki,Sola Digital Arts,CG animation,,,"July 21, 2012 (Japan) August 28, 2012 (United States)",89 minutes
2012,Strange Frame: Love & Sax,United States,G.B. Hajim,Island Planet One Productions,Cutout,,[ 99 ],"May 3, 2012 ( Sci-Fi-London )",98 minutes
2012,Strike Witches ストライクウィッチーズ (Sutoraiku Witchīzu),Japan,Kazuhiro Takamura,AIC,CG animation / Traditional,,[ 100 ],"March 17, 2012",97 minutes
2012,The Suicide Shop Le Magasin des suicides,France,"Patrice Leconte , Arthur Qwak","Flagrant Délit Productions, Diabolo Films",Traditional,,[ 9 ],"May 24, 2012 ( Cannes ) September 26, 2012 (France & Belgium)",79 minutes
2012,Superman vs The Elite,United States,Michael Chang,"Warner Bros. Animation , DC Entertainment",Traditional,Direct-to-video,,"June 12, 2012",76 Minutes
2012,The Swan Princess Christmas,United States,Richard Rich,Nest Family Entertainment StreetLight Animation Productions,CG Animation,,,"November 6, 2012",83 minutes
2012,Ted,United States,Seth MacFarlane,Universal Pictures,Live-Action / CGI,Theatrical,,"June 29, 2012",106 minutes
2012,"Tad, the Lost Explorer Las aventuras de Tadeo Jones",Spain,Enrique Gato,"El Toro Pictures, Ikiru Films, Lightbox Entertainment",CG animation,,[ 101 ] [ 102 ],"June 5, 2012 ( AIAFF ) [ 103 ] August 31, 2012 (Spain) [ 104 ] April 21, 2013 (United States)",92 minutes
2012,Tom and Jerry: Robin Hood and His Merry Mouse,United States,"Spike Brandt , Tony Cervone","Warner Bros. Animation , Turner Entertainment",Traditional,Direct-to-video,,"September 28, 2012",58 minutes
2012,Three Heroes on Distant Shores [ ru ],Russia,Konstantin Feoktistov,Melnitsa Animation Studio,Traditional,,[ citation needed ],"December 27, 2012",65 minutes
2012,War of the Worlds: Goliath,United States Malaysia,Joe Pearson,Tripod Entertainment,CG animation / Traditional,,[ 105 ],"November 15, 2012",82 minutes
2012,The Waterman Movie,United States,Bryan Waterman,Waterman Studios,Traditional,,,,
2012,Where the Dead Go to Die,United States,Jimmy ScreamerClauz,"Chainsaw Kiss, Draconian Films",CG animation,,[ 106 ],"February 21, 2012",95 minutes
2012,Wings От винта 3D,Russia,Olga Lopato,Paradiz Prodakshnz,CG animation,,,"August 19, 2012 (Russia) November 26, 2013 (United States)",100 minutes
2012,The Wolf Children Ame and Yuki おおかみこどもの雨と雪 (Ōkami Kodomo no Ame to Yuki),Japan,Mamoru Hosoda,"Studio Chizu, Madhouse",Traditional,,[ 107 ],"June 25, 2012 (France) July 21, 2012 (Japan)",117 minutes
2012,Wreck-It Ralph,United States,Rich Moore,Walt Disney Pictures / Walt Disney Animation Studios,CGI animation,Theatrical,,"October 29, 2012 ( El Capitan Theatre ) [ 3 ] November 2, 2012 (United States)",101 minutes [ 108 ] [ 109 ]
2012,Yak: The Giant King,Thailand,"Chaiporn Panichrutiwong, Prapas Cholsaranont","Workpoint Pictures, It-ti-rit House",CG animation,,[ 110 ] [ 111 ],"October 4, 2012",96 minutes
2012,Yugo & Lala,China,Wang Yunfei,,CGI animation,,,"August 10, 2012",87 minutes
2012,Zambezia,South Africa,Wayne Thornley,Triggerfish Animation Studios,CG animation,,[ 112 ],"July 3, 2012",82 minutes
2012,Zarafa,France,"Rémi Bezançon, Jean-Christophe Lie",Prima Linea Productions,Traditional,,[ 113 ] [ 114 ],"February 8, 2012",78 minutes
2013,Adventure at Flaming Mountains,China,,,Traditional,,,"July 19, 2013",85 minutes
2013,Missing U,United States,Brooke Wagstaff,Ringling College of Art and Design,CGI Animation,Direct to video,,13 July 2013,2 minutes 29 seconds
2013,The Adventures of Sinbad,India,Shinjan Neogi Abhishek Panchal,Lodi Films Pvt. Ltd,Traditional,,[ 1 ],"March 22, 2013",110 minutes
2013,Alpha and Omega 2: A Howl-iday Adventure,United States Canada,Richard Rich,Lionsgate Crest Animation Productions,CG Animation,Direct-to-video,,"October 8, 2013",45 minutes
2013,Anina,Uruguay,Alfredo Soderguit [ ca ; es ],Palermo Estudio,Flash animation,,,"February 12, 2013 ( Berlin IFF ) April 19, 2013 (Uruguay)",80 minutes [ 2 ]
2013,Go! Anpanman: Fly! The Handkerchief of Hope [ ja ],Japan,Hiroyuki Yano,"Anpanman Production Committee, TMS Entertainment",Traditional,,,"July 6, 2013",47 minutes
2013,Anohana: The Flower We Saw That Day あの日見た花の名前を僕達はまだ知らない。 (Ano Hi Mita Hana no Namae o Bokutachi wa Mada Shiranai),Japan,Tatsuyuki Nagai,A-1 Pictures,Traditional,,[ 3 ],"August 31, 2013",99 minutes
2013,The Art of Happiness,Italy,Alessandro Rak,Big Sur Mad Entertainment Mai Cinema,Traditional,,,"August 28, 2013 ( Venice ) November 21, 2013 (Italy)",82 minutes
2013,Asphalt Watches,Canada,Shane Ehman Seth Scriver,Delusional Brothers,Flash animation,,,"September 10, 2013 (TIFF)",94 minutes
2013,Aura: Maryūinkōga Saigo no Tatakai,Japan,Seiji Kishi,AIC,Traditional,,[ 4 ],"April 13, 2013",83 minutes
2013,Axel: The Biggest Little Hero Bonta,China,Leo Lee,Zhejiang Versatile,CG animation,,,"August 2, 2013",80 minutes
2013,Aya of Yop City Aya de Yopougon,France,"Marguerite Abouet, Clement Oubrerie",Autochenille Production,Traditional,,[ 5 ],"July 17, 2013",84 minutes
2013,Ayas,Turkey,"Hüseyin Emre Konyalı, Mustafa Tuğrul Tiryaki",Düşyeri Animation Studios,CG animation,,[ 6 ],"November 22, 2013",82 minutes
2013,Barbie & Her Sisters in A Pony Tale,United States,Kyran Kelly,Universal Studios Arc Productions Rainmaker Studios,CGI animation,,,"October 22, 2013",72 minutes
2013,Barbie: Mariposa & the Fairy Princess,United States,William Lau,Universal Studios Arc Productions Rainmaker Studios,CGI animation,,,"August 27, 2013",75 minutes
2013,Barbie in the Pink Shoes,United States,Owen Hurley,Universal Studios Arc Productions Rainmaker Studios,CGI animation,,,"February 26, 2013",72 minutes
2013,Batman: The Dark Knight Returns – Part 2,United States,Jay Oliva,Warner Bros. Animation,Traditional,Direct-to-video,[ 7 ],"January 29, 2013 (Part 2)",76 minutes (Part 2)
2013,Bayonetta: Bloody Fate,Japan,Fuminori Kizaki,Gonzo,Traditional,,,"November 23, 2013",91 minutes
2013,A Beating Heart and Cracked Ceiling,United States,Cora Clifford,,Traditional,,,"December 9, 2013",78 minutes
2013,Berserk Golden Age Arc III: The Advent,Japan,Toshiyuki Kubooka,Studio 4 °C,Traditional,,[ 8 ],"February 1, 2013",113 minutes
2013,Bold Eagles Pelle Politibil på sporet,Norway,Rasmus A. Sivertsen,Neofilm AS,CG animation,,[ 9 ] [ 10 ],"March 3, 2013",82 minutes
2013,Bratz: Go to Paris the Movie,United States,Mucci Fassett,MGA Entertainment,CG animation,Direct-to-DVD,,"October 8, 2013",61 minutes
2013,A Certain Magical Index: The Movie – The Miracle of Endymion,Japan,Hiroshi Nishikori,J.C. Staff,Traditional,,[ 11 ],"February 23, 2013",90 minutes [ 12 ]
2013,The Charge,China,,,Traditional,,,,
2013,Cheatin',United States,Bill Plympton,Plymptoons,Traditional,,,"October 11, 2013 (Sitges) August 15, 2014",76 minutes
2013,Cheech & Chong's Animated Movie,United States,"Branden Chambers, Eric D. Chambers",Houston Curtis Productions Chamber Bros. Entertainment,Flash animation,,,"March 18, 2013",83 minutes
2013,Chhota Bheem and the Throne of Bali,India,Rajiv Chilaka,Green Gold Animation,Traditional,,[ 13 ] [1],"May 3, 2013",107 minutes [ 14 ]
2013,Cloudy with a Chance of Meatballs 2,United States,"Cody Cameron , Kris Pearn",Sony Pictures Animation,CGI animation,Theatrical,Sequel to Cloudy with a Chance of Meatballs (2009).,"September 27, 2013",95 minutes [ 15 ]
2013,The Congress,France Israel Belgium Poland Luxembourg Germany,Ari Folman,Pandora Filmproduktion ARP Sélection (France) [ 16 ] Cinéart (Belgium/Luxembourg) [ 17 ] Pandora Film Verleih (Germany) [ 18 ] Gutek Film (Poland) [ 19 ],Traditional/Live-action,,,"May 15, 2013 ( Cannes ) July 3, 2013 (France)",123 minutes [ 20 ]
2013,Crayon Shin-chan: Stupid Horse!: B-class Gourmet Survival,Japan,Masakazu Hashimoto [ fr ; ja ; ko ; zh ],Shin-Ei Animation,Traditional,,,"April 20, 2013",96 minutes
2013,The Croods,United States,"Chris Sanders , Kirk DeMicco",DreamWorks Animation,CGI animation,Theatrical,,"February 15, 2013 ( Berlin ) March 22, 2013 (United States)",98 minutes [ 21 ]
2013,Ctyrlístek ve sluzbách krále [ cs ],Czech Republic,Michal Zabka [ cs ],,CG animation,,,"February 28, 2013 (Czech) October 16, 2013 (DVD premiere)",90 minutes
2013,Death & the Robot,United States,Austin Taylor,University of North Carolina School of the Arts,Stop Motion,,[ 22 ],"May 9, 2013",11 minutes
2013,Despicable Me 2,United States,"Pierre Coffin , Chris Renaud","Illumination Entertainment , Universal Pictures",CGI animation,Theatrical,[ 23 ],"June 5, 2013 (Australia) July 3, 2013 (United States)",98 minutes [ 24 ]
2013,Detective Conan: Private Eye in the Distant Sea,Japan,Kobun Shizuno,TMS Entertainment,Traditional,,,"April 20, 2013",101 minutes
2013,Dick Figures: The Movie,United States,"Ed Skudder, Zack Keller","Six Point Harness , Mondo Media , Remochoso",Flash animation,[ 25 ],This was the first animated feature film to be released on the Internet.,"September 17, 2013 (United States) November 9, 2013 (Buffer Festival)",73 minutes
2013,Doraemon: Nobita no Himitsu Dōgu Museum,Japan,Yukiyo Teramoto,Shin-Ei Animation,Traditional,,[ 26 ],"March 9, 2013",104 minutes
2013,Dragon Ball Z: Battle of Gods,Japan,Masahiro Hosoda,Toei Animation,Traditional animation,,[ 27 ],"March 30, 2013",85 minutes (theatrical) 105 minutes (Special Edition)
2013,Dragon Guardians El corazón del roble,Spain,"Ángel Izquierdo, Ricardo Ramón",Barton Films / Canal Sur Televisión / Dibulitoon Studio / Euskal Irrati Telebista (EiTB) / Milimetros Dibujos Animados,CG animation,,,"January 18, 2013 (Spain) September 20, 2013 (Donostia-San Sebastián International Film Festival)",73 minutes
2013,Epic,United States,Chris Wedge,"20th Century Fox , 20th Century Fox Animation , Blue Sky Studios",CGI animation,Theatrical,[ 28 ],"May 16, 2013 (International) May 18, 2013 ( Ziegfeld Theatre ) May 24, 2013 (United States)",102 minutes [ 29 ]
2013,Escape from Planet Earth,United States Canada,Cal Brunker,Rainmaker Entertainment The Weinstein Company,CG animation,,[ 30 ] [ 31 ],"February 15, 2013",89 minutes [ 32 ] [ 33 ]
2013,El extraordinario viaje de Lucius Dumb [ ca ; cy ; eu ],Spain,Maite Ruiz de Austri,Extra Extremadura de Audiovisuales S.A.,Traditional,,,"December 5, 2013",93 minutes
2013,Extraordinary Tales,Belgium France Luxembourg,Raúl García,"The Big Farm, Melusine Prods",CG animation,,[ 34 ],"February 28, 2013 (Luxembourg City Film Festival) February 2015 (Anima Brussels Animation Film Festival) June 27, 2015 (Munich International Film Festival)",73 minutes
2013,The Fake,South Korea,Yeon Sang-ho,Studio Dada Show,Traditional,,,"September 7, 2013 ( Toronto ) November 21, 2013 (South Korea)",101 minutes
2013,Fernanda and the Strange Case of Dr. X and Mr. Jai Fernanda y el extraño caso del Dr. X y Mr. Jai,Cuba,Mario Rivas,Instituto Cubano del Arte e Industria Cinematográficos,Flash animation,,,"October 20, 2013 [ 35 ]",91 minutes
2013,Free Birds,United States,Jimmy Hayward,Reel FX Animation Studios Relativity Media,CG animation,,[ 36 ] [ 37 ] [ 38 ] [ 39 ],"November 1, 2013",91 minutes [ 40 ]
2013,The Frog Kingdom,China United States,Nelson Shin,Grindstone Entertainment Group Simka Entertainment,CG animation,,[ 41 ] [ 42 ],"December 28, 2013 ( China ) June 30, 2015 ( United States )",90 minutes
2013,Frozen,United States,"Chris Buck , Jennifer Lee",Walt Disney Animation Studios,CGI animation,Theatrical,[ 43 ],"November 19, 2013 ( El Capitan Theatre ) November 22, 2013 (United States) [ 44 ]",102 minutes [ 45 ]
2013,The Garden of Words,Japan,Makoto Shinkai,CoMix Wave Films,Traditional,,[ 46 ],"April 28, 2013 ( Gold Coast ) May 31, 2013 (Japan)",46 minutes
2013,Gekijō-ban Mahō Shōjo Madoka Magica Shinpen: Hangyaku no Monogatari,Japan,Akiyuki Shinbo,Shaft,Traditional,,[ 47 ],"October 26, 2013",116 minutes
2013,Gekijō-ban Tiger & Bunny -The Beginning-,Japan,Yoshitomo Yonetani,Sunrise,Traditional,,[ 48 ],"September 22, 2012 (Japan) November 20, 2013 (DVD premiere)",88 minutes
2013,Gintama: The Movie: The Final Chapter: Be Forever Yorozuya,Japan,Yoichi Fujita,Sunrise,Traditional,,[ 49 ],"July 6, 2013",110 minutes
2013,Hakuoki: Wild Dance of Kyoto,Japan,Osamu Yamasaki,Studio Deen,Traditional,,[ 50 ],"August 24, 2013",96 minutes
2013,Hal,Japan,Ryōtarō Makihara,Pony Canyon Production I.G. Wit Studio Shochiku,Traditional,,[ 51 ],"June 8, 2013",60 minutes
2013,Hanasaku Iroha: The Movie – Home Sweet Home,Japan,Masahiro Andō,P.A. Works,Traditional,,[ 52 ],"March 30, 2013",66 minutes
2013,Happy Heroes,China,,,Traditional,,,"June 30, 2013",90 minutes
2013,Happy Little Submarine 3：Rainbow Treasure,China,,,CG animation,,,"June 2, 2013",
2013,Hiroku: Defenders of Gaia,Spain,Saúl Barreto Ramos Manuel González Mauricio,Oasis Europkikara Silverspace Animation Studios Televisión Pública de Canarias See,CG animation,,,"June 28, 2013 (Canary Islands) September 13, 2013 (Spain)",80 minutes
2013,Hocus Pocus Alfie Atkins Hokus pokus Alfons Åberg,Sweden Denmark Norway,Torill Kove,Maipo Film A. Film Production Eyeworks SVT Norsk Filminstitutt Svenska Filminstitutet Det Danske Filminstitut Nordisk Film TV Fond Media,Traditional,,[ 53 ],"August 23, 2013 (Sweden) September 13, 2013 (Norway) December 25, 2013 (Denmark)",76 minutes
2013,The House of Magic,Belgium France,"Ben Stassen, Jérémie Degruson","nWave Digital , StudioCanal",CG animation,Theatrical,,"December 25, 2013",85 minutes
2013,How to Catch a Feather from the Firebird Как поймать перо Жар-Птицы,Russia,Vyacheslav Plotnikov,Inlay Film,Traditional,,,"November 10, 2013",
2013,Hunter × Hunter: Phantom Rouge,Japan,Yūzō Satō,Madhouse,Traditional,,[ 54 ],"January 12, 2013",97 minutes
2013,Hunter × Hunter: The Last Mission,Japan,Keiichiro Kawaguchi,Madhouse,Traditional,,[ 55 ] [ 56 ],"December 27, 2013",98 minutes
2013,Husiti,Czech Republic,Pavel Koutský,,Traditional,,,"November 7, 2013 (Czech) May 3, 2014 (Pilsen Film Festival)",85 minutes
2013,Iron Man & Hulk: Heroes United,United States,"Eric Radomski, Leo Riley","Marvel Animation , Brain Zoo Studios",CG animation,Direct-to-video,[ 57 ],"December 3, 2013 [ 58 ]",71 minutes [ 59 ]
2013,Iron Man: Rise of Technovore,Japan,Hiroshi Hamasaki,Madhouse,Traditional,Direct-to-video,[ 60 ],"April 24, 2013",88 minutes
2013,Ivan Tsarevich and the Gray Wolf 2 Иван Царевич и Серый волк 2,Russia,Vladimir Toropchin,Melnitsa Animation Studio,Traditional,,[ 61 ],"December 26, 2013",73 minutes
2013,Jack and the Cuckoo-Clock Heart Jack et la mécanique du cœur,France,Stéphane Berla Mathias Malzieu,"Walking The Dog, Duran Duboi , Europa Corp. , France 3 Cinéma",CG animation,,[ 62 ],"November 17, 2013 (Arras Film Festival) December 20, 2013 (United States) January 15, 2014 (Mexico) February 5, 2014 (France)",93 minutes
2013,Jasmine,France,Alain Ughetto,Les Films du Tambour de Soie,Clay Animation,,,"June 10, 2013 ( Annecy ) October 30, 2013 (France)",70 minutes
2013,Jay & Silent Bob's Super Groovy Cartoon Movie,United States,Steve Stark,SModcast Pictures View Askew Productions,Flash animation,,[ 63 ],"April 20, 2013",64 minutes
2013,Jungle Master,China,Kerr Xu,Hippo Animation,CG animation,,[ 64 ],"January 19, 2013",90 minutes
2013,Justin and the Knights of Valour Justin y la espada del valor,Spain,Manuel Sicilia,Kandor Graphics,CG animation,Theatrical,[ 65 ],"September 13, 2013 (United Kingdom) September 20, 2013 (Spain)",96 minutes [ 66 ]
2013,The Tale of the Princess Kaguya Kaguya-Hime no Monogatari,Japan,Isao Takahata,Studio Ghibli,Traditional,,[ 67 ] [ 68 ],"November 23, 2013",137 minutes [ 69 ]
2013,Kara no Kyōkai : Mirai Fukuin,Japan,Tomonori Sudou,Ufotable,Traditional,,[ 70 ],"September 28, 2013",32 minutes
2013,No-Eared Bunny and Two-Eared Chick de:Keinohrhase und Zweiohrküken,Germany,Maya Gräfin Rothkirch Til Schweiger,,CG animation,,,"September 26, 2013",75 minutes
2013,Khumba,South Africa,Anthony Silverston,Triggerfish Animation Studios,CG animation,,[ 71 ],"September 8, 2013 ( TIFF ) October 25, 2013 (South Africa)",85 minutes
2013,Kuiba 2,China,,,Traditional,,,"May 31, 2013",83 minutes
2013,Kunta,China,,,Traditional,,,"August 2, 2013",82 minutes
2013,Ku! Kin-dza-dza,Russia Georgia,Georgy Danelia,"Channel One , CTB, Ритм, Ugra Film",Traditional,,[ 72 ],"April 11, 2013",97 minutes
2013,Le Le Xiong Qi Huan Zhui Zong,China,,,Traditional,,,"June 29, 2013",85 minutes
2013,Leapfrog: Adventures in Shapeville Park,United States,Ron Myrick,Chris D'Angelo Productions LeapFrog Lionsgate,Traditional,Direct-to-video,,"January 22, 2013",35 minutes
2013,Leapfrog: The Magnificent Museum of Opposite Words,United States,Ron Myrick,Chris D'Angelo Productions LeapFrog Lionsgate,Traditional,Direct-to-video,,January 2013,68 minutes
2013,The Legend of Sarila,Canada,Nancy Florence Savard,"10th Ave Productions, CarpeDiem Film & TV",CG animation,,,"February 22, 2013",82 minutes
2013,Legends of Oz: Dorothy's Return,United States India,"Dan St. Pierre , Will Finn","Summertime Entertainment, Prana Studios",CG animation,Theatrical,,"June 14, 2013 ( AIAFF ) May 9, 2014 (United States)",88 minutes [ 73 ]
2013,Lisa Limone and Maroc Orange: A Rapid Love Story Lisa Limone ja Maroc Orange: Tormakas armulugu,Estonia,Mait Laas,Nukufilm,Stop motion,,[ 74 ] [ 75 ],"March 8, 2013",72 minutes
2013,The Little Fishgirl,Czech Republic,Jan Balej,,Stop motion,,[ 76 ] [ 77 ],,
2013,The Lost 15 Boys: The Big Adventure on Pirates' Island,China Japan,Xiaohan Mao Qichao Ba Yunfeng Zhang Bing Ryūtarō Nakamura,"China Film Group Corporation Sichuan Institute Of Media Zhigengniao Computer Art Co., Ltd Shanweiduo Media Co., Ltd",Cel shaded CG animation,,[ 78 ],"November 16, 2013 (Japan) October 1, 2014 (China)",82 minutes
2013,Louis & Luca and the Snow Machine Solan og Ludvig – Jul i Flåklypa,Norway,Rasmus A. Sivertsen,Maipo Film Qvisten Animation Kari and Kjell Aukrust's Foundation,Stop motion,,,"November 8, 2013",76 minutes
2013,I Love Wolffy 2,China,Kai Ye,Mr. Cartoon Pictures Creative Power Entertaining Beijing Kaku Media BestTV Media Nanjing Radio and TV Station Pearl River Pictures Beijing Hangmei Entertainment [ 79 ],Traditional,,,"August 1, 2013",88 minutes
2013,Chhatrapati Shivaji - The Emperor of People's Pride,India,Azhar Khan,Aman Anam Productions [ 80 ],Traditional,Theatrical,"First indian multilingual animated film based on Chatrpati Shivaji, the founder of Maratha Empire","August 2, 2013",95 minutes [ 81 ]
2013,Lupin the 3rd vs. Detective Conan: The Movie,Japan,Hajime Kamegaki,TMS Entertainment,Traditional,Theatrical,Theatrical film sequel to the television film Lupin the 3rd vs. Detective Conan (2009); crossover of Lupin the Third and Case Closed .,"December 7, 2013",107 minutes
2013,The Magic Snowflake L'apprenti Père Noël et le flocon magique,France,Luc Vinciguerra,Gaumont Alphanim Snipple Animation Dapaco Productions,Traditional,,[ 82 ],"November 20, 2013 (France) December 23, 2015 (United States)",73 minutes
2013,Majocco Shimai no Yoyo to Nene,Japan,Takayuki Hirao,Ufotable,Traditional,,[ 83 ],"December 28, 2013",100 minutes
2013,Metalocalypse: The Doomstar Requiem,United States,Mark Brooks,"Titmouse, Inc. Williams Street",Flash animation,,[ 84 ],"October 27, 2013",47 minutes
2013,Miffy the Movie Nijntje de film,Denmark Netherlands,Hans Perk,A. Film A/S / Telescreen Film Productions / Mercis / KRO,Stop motion,,[2] [ 85 ],"January 30, 2013 (Netherlands) June 21, 2015 (United Kingdom)",70 minutes
2013,Minuscule: Valley of the Lost Ants Minuscule – La Vallée des Fourmis Perdues,France,Hélène Giraud Thomas Szabo,Entre Chien et Loup Futurikon Futurikon Production II Nozon Vivi Film Warner Chappel France,CG animation,,,"November 17, 2013 ( Tallinn ) January 29, 2014 ( France ) February 26, 2014 ( Belgium )",89 minutes [ 86 ]
2013,Monsters University,United States,Dan Scanlon,Pixar,CGI animation,Theatrical,"Prequel to Monsters, Inc. (2001).","June 5, 2013 ( BFI Southbank ) June 21, 2013 (United States)",104 minutes [ 87 ]
2013,Moshi Monsters: The Movie,United Kingdom,"Wip Vernooij, Morgan Francis",Mind Candy,Flash animation,Theatrical,[ 88 ],"December 20, 2013",81 minutes [ 89 ]
2013,My Little Pony: Equestria Girls,United States Canada,Jayson Thiessen,"Hasbro Studios , DHX Media/Vancouver",Flash animation,,,"June 15, 2013 ( Los Angeles Film Festival ) June 16, 2013 (United States and Canada)",73 minutes
2013,My Little World,United States,Mike Nguyen,July Films,Traditional,,[ 90 ],,80 minutes
2013,"My Mommy is in America and she met Buffalo Bill Ma Maman est en Amérique, elle a rencontré Buffalo Bill",France Luxembourg,"Marc Boréal, Thibaut Chatel","Label Anim, Mélusine Productions",Flash animation,,,"June 10, 2013 ( AIAFF ) October 23, 2013 (France)",75 minutes
2013,The Mythical Ark: Adventures in Love & Happiness,China,William Kan / Huang Xiaoxue / Yu Tak Wai,Toonmax Media Creative Power Entertaining UYoung Culture & Media,Traditional,,[ 91 ],"January 24, 2013 (Mainland China)",86 minutes
2013,My Wife's a Cat,China,,,Traditional,,,"February 14, 2013",94 minutes
2013,Odyssey 2050 The Movie,Costa Rica,Daniel Bermejo / Bruce Callow,Synchro Films,CGI animation,,[ 92 ] [ 93 ],2012,Short Film in Spanish and English: 12 minutes Longer Spanish version: 47 minutes Feature Film: tbc
2013,Oggy and the Cockroaches: The Movie Oggy et les Cafards,France,Olivier Jean-Marie,"Xilam , France 3 Cinéma , Canal+ , France Télévisions , CNC, B Media Kids, Backup Films, [ 94 ] A Plus Image 4, Cofinova 9, Cofimage 24, Cube Créative, Mikros Image",Traditional/CG animation,,[ 95 ] [ 96 ],"August 7, 2013",82 minutes
2013,The Olsen Gang in Deep Trouble Olsen Banden på dybt vand,Denmark,Jørgen Lerdam,"A. Film Production , Nordisk Film",CG animation,,,"October 10, 2013",100 minutes
2013,Once Upon a Time Malayalam,India,Binu Sasidharan,Wireframe Animation,CG animation,,,"May 24, 2013",100 minutes [ 97 ]
2013,Otto the Rhino Otto er et næsehorn,Denmark,Kenneth Kainz,Crone Film,CGI animation,,[ 98 ] [ 99 ] [ 100 ] [ 101 ],"February 7, 2013",76 minutes
2013,Oz the Great and Powerful,United States,Sam Raimi,Roth Films,Animation/Live-Action,Theatrical,,"March 8, 2013",130 minutes
2013,Patema Inverted Sakasama no Patema,Japan,Yasuhiro Yoshiura,Purple Cow Studio Japan,Traditional,,[ 102 ] [ 103 ],"November 9, 2013",99 minutes
2013,"Persona 3 The Movie: Chapter 1, Spring of Birth",Japan,Noriaki Akitaya Tomohisa Taguchi [ # 1 ],AIC ASTA,Traditional,,,"November 23, 2013",91 minutes
2013,Pinocchio,Italy France Belgium Luxembourg,Enzo D'Alò,"2d3D Animations, Cometa Film, Iris Productions, Walking the dog",Traditional,,,"August 20, 2012 ( Venice ) March 21, 2013 (Italy)",84 minutes
2013,Planes,United States,Klay Hall,DisneyToon Studios,CG animation,Theatrical,,"August 2, 2013 ( EAA AirVenture Oshkosh ) August 9, 2013 (United States)",92 minutes [ 104 ]
2013,Plaster of Paris,United States,Cora Clifford,,Traditional,,,"December 5, 2013",76 minutes
2013,Poe,United States,Michael Sporn,"Michael Sporn Animation, Inc.",Traditional,,,"June 6, 2013",90 minutes
2013,Pokémon the Movie: Genesect and the Legend Awakened,Japan,Kunihiko Yuyama,"OLM, Inc.",Traditional,,,"July 13, 2013",72 minutes
2013,"Pororo, The Racing Adventure 뽀로로 극장판 슈퍼썰매 대모험",China South Korea,Young Kyun Park,China ACG Group Co. China Entertainment Co. Ocon Studios,CG animation,,[ 105 ],"January 23, 2013 (South Korea) January 25, 2013 (China) October 6, 2014 (United States)",79 minutes
2013,Pretty Cure All-Stars New Stage 2: Kokoro no Tomodachi,Japan,Koji Ogawa,Toei Animation,Traditional,,[ 106 ],"March 16, 2013",71 minutes
2013,Prince Ivan and the Firebird ru:Как поймать перо Жар-Птицы,Russia,Vyacheslav Plotnikov,,Traditional,,,"October 24, 2013",80 minutes
2013,Princess Twins of Legendale,United States,Doug Krohn,MGA Entertainment,CG animation,,[ 107 ],August 2013,74 minutes
2013,The Return of Buratino Возвращение Буратино,Russia,Ekaterina Mikhaylova,"Animose Studio, UMP Studio",Traditional,,,"April 25, 2013",76 minutes
2013,Rio 2096: A Story of Love and Fury Uma História de Amor e Fúria,Brazil,Luiz Bolognesi,"Buriti Filmes, Gullane",Traditional,,[ 108 ],"March 7, 2013 ( MIFF ) April 5, 2013 (Brazil)",75 minutes
2013,Knight Rusty Ritter Rost – Eisenhart und voll verbeult,Germany,Thomas Bodenstein,,CG animation,,,"January 10, 2013",84 minutes
2013,Robotech: Love Live Alive,United States Japan,"Gregory Snegoff , Katsuhisa Yamada",Harmony Gold USA,Traditional,Direct-to-video,,"July 23, 2013",90 minutes
2013,Roco Kingdom: The Desire of Dragon,China,Sheng-jun Yu,"Shenzhen Tencent Computer Systems, Jiangsu Youman Cartoon TV",Traditional,,[ 109 ],"January 31, 2013",89 minutes
2013,Saint Young Men,Japan,Noriko Takao,A-1 Pictures,Traditional,,[ 110 ],"May 10, 2013",90 minutes
2013,Saving Mr. Banks,Australia United Kingdom United States,John Lee Hancock,Walt Disney Pictures Ruby Films Essential Media and Entertainment BBC Films Hopscotch Features,Live-Action/Traditional Animation,Theatrical,[ 111 ] [ 112 ] [ 113 ] [ 114 ],"October 20, 2013 ( BFI London Film Festival ) November 29, 2013 (United Kingdom) December 13, 2013 (United States) January 9, 2014 (Australia)",125 minutes [ 115 ]
2013,Saving Santa,United Kingdom United States,"Leon Joosen, Aaron Seelman",Gateway Films Prana Studios,CGI animation,Direct-to-video,,"November 1, 2013",83 minutes
2013,The Smurfs 2,United States,Raja Gosnell,Sony Pictures Animation,Live-Action/CGI animation,Theatrical,[ 116 ],"July 31, 2013 [ 117 ]",105 minutes [ 118 ]
2013,Scooby-Doo! Adventures: The Mystery Map,United States,Jomac Noph,Warner Bros Animation Spiffy Productions Hanna Barbera Productions,Puppetry,Direct-to-video,,"July 21, 2013 ( San Diego Comic-Con ) July 23, 2013 (United States)",45 minutes
2013,Scooby-Doo! Mask of the Blue Falcon,United States,Michael Goguen,Warner Bros Animation Hanna Barbera Productions,Traditional,Direct-to-video,,"February 26, 2013",78 minutes
2013,Scooby-Doo! Stage Fright,United States,Victor Cook,Warner Bros Animation Hanna Barbera Productions,Traditional,Direct-to-video,,"August 20, 2013",78 minutes
2013,Seer 3,China,"Wang Zhangjun , Yin Yuqi",Shanghai Taomee Animation Limited Enlight Pictures,CG animation,,,"July 12, 2013",103 minutes
2013,Short Peace,Japan,"Shuhei Morita , Katsuhiro Otomo , Hiroaki Ando , Hajime Katoki",Sunrise,Traditional,,,"July 20, 2013",14 minutes 13 minutes 13 minutes 26 minutes
2013,Sid The Science Kid: The Movie,United States,Drew Massey,The Jim Henson Company,CG Animation,,,"March 25, 2013",75 minutes
2013,Silver Circle,United States,Pasha Roberts,Lineplot Productions,CG animation,,,"March 22, 2013",90 minutes
2013,The Soccer Way,China,,,Traditional,,,"June 16, 2013",
2013,Space Panda,China,,,Traditional,,,"December 27, 2013",
2013,Space Pirate Captain Harlock 宇宙海賊キャプテンハーロック (Uchū Kaizoku Kyaputen Hārokku),Japan,Shinji Aramaki,Toei Animation,CG animation,,[ 119 ],"September 3, 2013 ( Venice ) September 7, 2013 (Japan)",111 minutes [ 120 ]
2013,Star Driver: The Movie,Japan,Takuya Igarashi,Bones,Traditional,,[ 121 ],"February 9, 2013",150 minutes
2013,Steins;Gate: Fuka Ryōiki no Déjà vu,Japan,Kanji Wakabayashi,White Fox,Traditional,,[ 122 ],"April 20, 2013",90 minutes
2013,Still Living in God's Universe,United States,Cora Clifford,,Traditional,,,"December 11, 2013 (video premiere)",79 minutes
2013,Tarzan,United States Germany,Reinhard Klooss,Constantin Film,CG animation,Theatrical,,"October 17, 2013 (Russia) February 20, 2014 (Germany)",94 minutes
2013,That Boy Emil Emil & Ida i Lönneberga,Sweden,Per Åhlin Alicja Björk Lasse Persson,Filmlance International,Traditional,,[ 123 ] [ 124 ],"December 25, 2013",59 minutes
2013,Thomas & Friends: King Of The Railway,United Kingdom,Rob Silvestri,HIT Entertainment,CG animation,,,"September 2, 2013 (United States) September 17, 2013 (United Kingdom)",62 minutes
2013,Til Sbornia Do Us Part Até que a Sbórnia nos Separe,Brazil,"Otto Guerra, Ennio Torresan Jr.",Otto Desenhos Animados,Traditional,,,"August 14, 2013 ( Gramado Film Festival ) October 30, 2014 (Brazil)",83 minutes
2013,Tom and Jerry's Giant Adventure,United States,Spike Brandt Tony Cervone,Turner Entertainment Co. Warner Bros. Animation,Traditional,Direct-to-video,,"August 6, 2013",57 minutes
2013,Train Heroes,China Japan,,,CG animation,,,2012,
2013,Turbo,United States,David Soren,DreamWorks Animation,CGI animation,Theatrical,,"July 17, 2013 [ 125 ]",96 minutes [ 126 ] [ 127 ]
2013,The Ultimate Task,China,Sun Lijun,"Beijing Film Academy [ 79 ] Hunan Aniworld Cartoon Co., Ltd [ 79 ] Beijing Aiyi Meixun Animation Production Co., Ltd [ 79 ] Huaxia Film Distribution Co., Ltd [ 79 ] Beijing Iqiyi Co., Ltd [ 79 ] Beijing Bihe Shijia Media Co., Ltd [ 79 ]",Traditional,,[ 128 ],"July 20, 2013",85 minutes
2013,Underdogs Metegol Futbolín Foosball The Unbeatables,Argentina Spain,Juan José Campanella,"100 Bares Producciones, Antena 3 Films , Catmandu Branded Entertainment, JEMPSA, Telefe , Canal Plus",CG animation,Theatrical,[ 129 ] [ 130 ],"July 18, 2013",85 minutes (United States) 106 minutes [ 131 ] (Argentina/Spain) 97 minutes [ 132 ] (United Kingdom)
2013,VeggieTales: MacLarry and the Stinky Cheese Battle,United States,Mike Nawrocki,Big Idea Productions,CG animation,Direct-to-video,,"July 30, 2013",46 minutes
2013,VeggieTales: Merry Larry and the True Light of Christmas,United States,Brian Roberts,Big Idea Productions,CG animation,Direct-to-video,,"October 22, 2013",46 minutes
2013,VeggieTales: The Little House That Stood,United States,Brian Roberts,Big Idea Productions,CG animation,Direct-to-video,,"March 5, 2013",48 minutes
2013,Voyage Extraordinaire,China,,,CG animation,,,"December 1, 2013",
2013,The Wind Rises (Kaze Tachinu),Japan,Hayao Miyazaki,Studio Ghibli,Traditional,Theatrical,[ 133 ],"July 20, 2013",126 minutes [ 134 ]
2013,Walking with Dinosaurs,United Kingdom United States Australia India,"Neil Nightingale , Barry Cook","Reliance Entertainment , IM Global , BBC Earth Films , Evergreen Studios, Animal Logic",CGI animation,Theatrical,[ 135 ],"December 14, 2013 ( Dubai Int'l Film Festival ) December 20, 2013 (United States)",87 minutes
2013,"Wolfy, the Incredible Secret Loulou, l'Incroyable Secret",France Belgium,Eric Omond,Prima Linea Productions Belvision Studios France 3 RTBF [ 136 ],Traditional,,,"December 18, 2013 [ 136 ]",80 minutes [ 137 ]
2013,The World of Goopi and Bagha,India,Shilpa Ranade,Paperboat Animation Studios Children's Film Society Karadi Tales,Traditional,,[ 138 ] [ 139 ] [ 140 ],"September 7, 2013 ( Toronto ) March 1, 2019 (India)",79 minutes
2013,Worms Minhocas,Brazil,Paolo Conti Arthur Nunes,Animaking Studios Globo Filmes Glaz Entertainment,Stop motion,,[ 141 ],"December 20, 2013 (Brazil) March 27, 2015 (United States)",80 minutes
2013,Xi Bai Po: Wang Er Xiao,China,,,Traditional,,,"May 26, 2013",85 minutes
2014,108 Demon Kings 108 rois-démons,France Belgium Luxembourg Ireland China,Pascal Morelli,"Gébéka Films, Scope Pictures, Bidibul Productions, Fundamental Films",CG animation,,[ 1 ] [ 2 ],"December 4, 2014 (Forum des Images) January 21, 2015 (France)",104 minutes
2014,A Fairly Odd Summer,Canada United States,Savage Steve Holland,Billionfold.inc Frederator Studios Pacific Bay Entertainment,CG animation Live-Action,,,"August 2, 2014",66 minutes
2014,Achmed Saves America,United States,Frank Marino,Bento Box Entertainment LEG,Traditional,,[ 3 ],"March 18, 2014",60 minutes
2014,The Adventures of Sinbad 2,China,"Gu Peixin, Benpineko",Mr. Cartoon Pictures,Traditional,,[ 4 ] [ 5 ],"May 30, 2014",88 minutes
2014,Adventures on the Red Plane As Aventuras do Avião Vermelho,Brazil,"José Maia, Frederico Pinto",OKNA Produções,Traditional,,[ 6 ],"December 11, 2014",70 minutes
2014,Aikatsu! The Movie アイカツ！,Japan,Yūichirō Yano,"Sunrise , Bandai , Toei Company",Traditional,,[ 7 ] [ 8 ],"December 13, 2014",88 minutes
2014,Anpanman: Apple Boy and Everyone's Hope それいけ！アンパンマン　りんごぼうやと みんなの願い,Japan,Jun Kawagoe,"Anpanman Production Committee, TMS Entertainment",Traditional,,,"July 5, 2014",45 minutes
2014,Alpha and Omega 3: The Great Wolf Games,United States,Richard Rich,Lionsgate Crest Animation Productions,CG Animation,Direct-to-Video,,"March 25, 2014",45 minutes
2014,Alpha and Omega 4: The Legend of the Saw Tooth Cave,United States,Richard Rich,Lionsgate Crest Animation Productions,CG Animation,Direct-to-Video,,"October 7, 2014",45 minutes
2014,Anahit,Armenia,David Sahakyants,Robert Sahakyants Production,Traditional,,,"December 27, 2014 (Yerevan)",90 minutes
2014,Ap Bokto,Bhutan,Karma Dhendup,Athang Animation Studio,CG animation,,[ 9 ],September 2014,53 minutes
2014,Asterix: The Land of the Gods Astérix: Le domaine des Dieux,France,"Alexandre Astier, Louis Clichy","SND, Mikros Image",CG animation,,[ 10 ] [ 11 ] [ 12 ],"November 26, 2014",85 minutes
2014,Attack on Titan Part 1: Crimson Bow and Arrow,Japan,Tetsuro Araki,Wit Studio,Traditional,,[ 13 ],"October 31, 2014 ( Tokyo International Film Festival ) November 22, 2014 (Japan)",119 minutes
2014,Aunt Hilda! Tante Hilda !,France,"Jacques-Rémy Girerd, Benoît Chieux",Folimage,Traditional,,[ 14 ],"July 7, 2013 (La Rochelle) February 12, 2014 (France) April 26, 2014 (United States)",89 minutes
2014,Babai Бабай,Ukraine,Maryna Medvid,Ukranimafilm,Traditional,,,"December 11, 2014 (Russia) December 18, 2014 (Ukraine)",70 minutes
2014,Back to L.A.,United States Spain,Pablo Fernandez,,Traditional,,[ 15 ],"April 21, 2014",77 minutes
2014,Balgar: The Movie Българ Филмът,Bulgaria,Nedelcho Bogdanov,,Traditional,,,"November 28, 2014",73 minutes
2014,Bamse and the City of Thieves Bamse och Tjuvstaden,Sweden,Christian Ryltenius,Nordisk Film,Traditional,,,"January 17, 2014",66 minutes
2014,Banished Desterrada,Colombia,Diego Guerra,68 Revoluciones,Traditional CG animation,,[ 16 ],"March 17, 2014 (Cartagena International Film Festival)",79 minutes
2014,Barbie and the Secret Door,United States,Karen J. Lloyd,Universal Studios Arc Productions Rainmaker Studios,CGI animation,,,"August 7, 2014",81 minutes
2014,Barbie: The Pearl Princess,United States,Ezekiel Norton,Universal Studios Arc Productions Rainmaker Studios,CGI animation,,,"February 15, 2014",73 minutes
2014,Batman: Assault on Arkham,United States,Jay Oliva Ethan Spaulding,Warner Bros. Animation DC Entertainment MOI Animation (Animation services),Traditional,Direct-to-Video,[ 17 ] [ 18 ] [ 19 ],"July 25, 2014 ( San Diego Comic-Con ) July 29, 2014 (Digital) August 12, 2014 (Physical)",76 minutes
2014,Berry and Dolly - Playmates hu:Bogyó és Babóca 3. - Játszótársak,Hungary,Antonin Krizanics Géza M. Tóth,Kedd Animation Studio,Traditional,,,"August 28, 2014",65 minutes
2014,Beyond Beyond Resan till Fjäderkungens Rike,Denmark Sweden,Esben Toft Jacobsen,Copenhagen Bombay C More Entertainment Film Väst Noble Entertainment TV2 Danmark TV4 Sweden,CG animation,,[ 20 ] [ 21 ],"February 10, 2014 ( Berlin International Film Festival ) March 21, 2014 (Sweden)",78 minutes
2014,Big Hero 6,United States,"Don Hall , Chris Williams",Walt Disney Animation Studios,CGI animation,Theatrical,[ 22 ] [ 23 ],"October 23, 2014 ( Tokyo International Film Festival ) October 31, 2014 ( Abu Dhabi Film Festival ) November 7, 2014 (United States)",102 minutes [ 24 ] [ 25 ]
2014,Bodacious Space Pirates: Abyss of Hyperspace,Japan,Tatsuo Satō,Satelight,Traditional,,[ 26 ] [ 27 ],"February 22, 2014",93 minutes
2014,The Book of Life,United States,Jorge R. Gutierrez,"20th Century Fox , 20th Century Fox Animation , Reel FX Animation Studios",CG animation,,[ 28 ] [ 29 ],"October 12, 2014 ( L.A. Live ) October 17, 2014 (United States)",95 minutes [ 30 ]
2014,Boonie Bears: To the Rescue 熊出没之夺宝熊兵,China,Liang Ding,Fantawild Animation Inc.,CG animation,,[ 31 ],"January 17, 2014",96 minutes
2014,The Boxcar Children,United States,Daniel Chuba Mark A.Z. Dippe Kyungho Jo,"Phase 4 Films , Hammerhead Productions",CG animation,,,"April 8, 2014 (TIFF Kids) August 25, 2014 (United States)",86 minutes
2014,The Boxtrolls,United States,"Anthony Stacchi , Graham Annable",Laika,Stop motion,,[ 32 ] [ 33 ],"August 31, 2014 ( Venice ) September 12, 2014 (United Kingdom) September 26, 2014 (United States)",97 minutes [ 34 ]
2014,The Boy and the World O Menino e o Mundo,Brazil,Ale Abreu,Filme de Papel,Traditional,,,"September 20, 2013 ( OIAF ) January 17, 2014 (Brazil)",80 minutes
2014,Buddha 2: Tezuka Osamu no Buddha ~Owarinaki Tabi~ BUDDHA2 手塚治虫のブッダ　終りなき旅,Japan,Toshiaki Komura,"Toei Animation , Tezuka Productions",Traditional,,[ 35 ],"February 8, 2014",85 minutes
2014,Chaar Sahibzaade,India,Harry Baweja,Baweja Movies Irealities Technology,CG animation,,,"November 6, 2014",128 minutes [ 36 ] [ 37 ]
2014,Cheburashka Чебурашка,Japan Russia,Makoto Nakamura,Ffangoentertoyment,Stop motion,,[ 38 ],February 2014,57 minutes
2014,City of Rott 2,United States,Frank Sudol,BlackArro Productions,Flash animation,,,"September 19, 2014",85 minutes
2014,The Clockwork Girl,Canada,Kevin Hanna,"Luximation, Arcana Studio , Legacy Filmworks",CG animation,Television Film,[ 39 ] [ 40 ] [ 41 ],"January 12, 2014",85 minutes
2014,"Coconut, the Little Dragon Der kleine Drache Kokosnuss",Germany,Hubert Weiland Nina Wels,"Caligari Film, ZDF, Universum Film",CG animation,,[ 42 ],"December 18, 2014",83 minutes
2014,Pet Pals in Windland it:Cuccioli – Il paese del vento,Italy,Sergio Manfio,Gruppo Alcuni LuxAnimation,CG animation,,,"March 17, 2014",80 minutes
2014,Detective Conan: Dimensional Sniper,Japan,Kobun Shizuno,TMS Entertainment,Traditional,,[ 43 ],"April 19, 2014",110 minutes
2014,Doraemon: New Nobita's Great Demon—Peko and the Exploration Party of Five,Japan,Shinnosuke Yakuwa,Shin-Ei Animation,Traditional,,[ 44 ],"March 8, 2014",109 minutes
2014,Dragon Nest: Warrior's Dawn,China United States,Song Yuefeng,Mili Pictures,CG animation,,[ 45 ],"July 31, 2014",88 minutes
2014,Dwegons and Leprechauns,United States,Tom Walsh,EnterAktion Studios,CG animation,,[ 46 ] [ 47 ],"November 14, 2014",97 minutes
2014,Eiga Precure All Stars New Stage 3: Eien no Tomodachi,Japan,,Toei Animation,Traditional,,[ 48 ],"March 15, 2014",71 minutes
2014,Evliya Çelebi: The Fountain of Youth,Turkey,Serkan Zelzele,"Anibera, Epics Fx Studios",CG animation,,[ 49 ],"November 14, 2014 [ 49 ]",82 minutes
2014,Expelled from Paradise,Japan,Seiji Mizushima,Toei Animation Graphinica,CG animation,,[ 50 ],"November 15, 2014",104 minutes
2014,Farm House 81 II,China,Kerr Xu,"Shanghai Hippo Animation Co., Ltd Hunan TV Aniworld Satellite TV tudou.com",CG animation,,[ 51 ],"October 1, 2014",80 minutes
2014,Food War,China,Shu Zhan,,,,[ 52 ],"September 5, 2014",89 minutes
2014,The Frogville,Taiwan,,,CG animation,,[ 53 ],"October 3, 2014",85 minutes [ 54 ]
2014,Gekijōban Cardfight!! Vanguard,Japan,"Takashi Motoki , Shin Itagaki","Ace Crew Entertainment , Ultra Super Pictures",Traditional,,anime/live action [ 55 ],"September 13, 2014",72 minutes
2014,Gekijō-ban Tiger & Bunny -The Rising-,Japan,Yoshitomo Yonetani,Sunrise,Traditional,,[ 56 ],"February 8, 2014",90 minutes
2014,GG Bond 2,China,Gu Zhibin Lu Jinming,WinSing,CG animation,,[ 57 ] [ 58 ],"May 31, 2014",88 minutes
2014,Ghost Messenger 고스트 메신저 ( Goseuteu Mesinjeo ),South Korea,Goo Bong-hoe,STUDIO ANIMAL,Traditional,,,"May 20, 2014",79 minutes
2014,Giovanni's Island Jobanni no shima,Japan,Mizuho Nishikubo,Production I.G,Traditional,,[ 59 ],"February 22, 2014",102 minutes
2014,The Golden Horse Aukso zirgas,Lithuania,Reinis Kalnaellis,Copenhagen Bombay Paul Thiltges Distributions Rija Films,Traditional,,[ 60 ],"August 29, 2014",75 minutes
2014,HappinessCharge PreCure! the Movie: The Ballerina of the Land of Dolls,Japan,Chiaki Kon,Toei Animation,Traditional,,[ 61 ],"October 11, 2014",71 minutes
2014,Happy Heroes 2 Qiyuan Planet Wars,China,,,,,[ 62 ],"July 20, 2014",
2014,Happy Little Submarines 4: Adventure of Octopus,China,James Hol,,CG animation,,[ 63 ],"May 30, 2014",80 minutes
2014,Heavenly Sword,United States,Gun Ho Jung,PlayStation Originals,CG animation,,[ 64 ],"September 2, 2014",85 minutes
2014,Henry & Me,United States,Barrett Esposito,Henry & Me Productions,Traditional,,[ 65 ],"August 18, 2014 ( New York City ) September 30, 2014 (DVD)",67 minutes
2014,The Hero of Color City,United States,Frank Gladstone,Exodus Film Group Toonz Animation India,CG animation,,[ 66 ],"October 3, 2014",77 minutes
2014,Historias de Cronopios y de Famas,Argentina,Julio César Ludueña,,Mixed,,,"August 28, 2014 (Argentina)",86 minutes
2014,How to Train Your Dragon 2,United States,Dean DeBlois,DreamWorks Animation,CG animation,Theatrical,,"May 16, 2014 ( Cannes ) June 13, 2014 (United States) July 4, 2014 (United Kingdom)",102 minutes [ 67 ]
2014,I Am a Wolf,China,,,,,[ 68 ],"May 31, 2014",95 minutes
2014,I Am Nightmare,United States,M. dot Strange,,CG animation,,[ 69 ],"February 14, 2014",128 minutes
2014,The Idolmaster Movie: Beyond the Brilliant Future!,Japan,Atsushi Nishigori,A-1 Pictures,Traditional,,[ 70 ],"January 25, 2014",122 minutes
2014,Ikkyû san,China Japan,,,Traditional,,[ 71 ],"January 31, 2014",81 minutes
2014,Iron Man & Captain America: Heroes United,United States,Leo Riley,Marvel Animation,CG animation,Direct-to-Video,[ 72 ],"July 29, 2014 [ 72 ]",71 minutes [ 72 ]
2014,JLA Adventures: Trapped in Time,United States,Giancarlo Volpe,Warner Bros. Animation DC Entertainment DR Movie (Animation services),Traditional,Direct-to-Video,[ 73 ],"January 21, 2014",52 minutes
2014,Justice League: War,United States,Jay Oliva,Warner Bros. Animation DC Entertainment MOI Animation (Animation services),Traditional,Direct-to-Video,[ 74 ] [ 75 ] [ 76 ] [ 77 ],"January 21, 2014 (Digital) February 4, 2014 (Physical)",79 minutes
2014,The Jungle Book,India United States,"Jun Falkenstein , Kevin Johnson",DQ Entertainment,CG animation,,[ 78 ],"January 26, 2014",64 minutes
2014,Jungle Shuffle,Mexico South Korea Colombia,Taedong Park Mauricio De la Orta,Animation Picture Company Avikoo Studios,CG animation,,,"October 2, 2014",82 minutes [ 79 ]
2014,K: Missing Kings,Japan,Shinto Suzuki,GoHands,Traditional,,,"July 12, 2014",73 minutes
2014,Kuiba 3,China,"Wang Chuan, Zhang Gang, Zhou Jie",,Traditional,,[ 80 ],"October 1, 2014",90 minutes
2014,La leyenda de las Momias,Mexico,Alberto Rodríguez,Ánima Estudios,Flash animation,,[ 81 ],"October 30, 2014",83 minutes
2014,LeapFrog Letter Factory Adventures: Counting on Lemonade,United States,Craig George,,CG animation,Direct-to-Video,,"September 9, 2014",36 minutes
2014,Leap Frog Letter Factory Adventures: The Letter Machine Rescue Team,United States,Craig George,,CG animation,Direct-to-Video,,"March 4, 2014",34 minutes
2014,The Legend of Qin 秦时明月3D电影龙腾万里,China,Robin Shen,Sparkly Key Animation Studio,CG animation,,[ 82 ],"August 8, 2014",90 minutes
2014,The Lego Movie,United States Australia Denmark,"Phil Lord, Chris Miller","Warner Bros. , Animal Logic , Lego",CG animation,Theatrical,,"February 1, 2014 ( Regency Village Theater ) February 6, 2014 (Denmark) February 7, 2014 (United States) April 3, 2014 (Australia)",100 minutes [ 83 ]
2014,The Little Medic – Secret Mission of the Bodynauts Der Kleine Medicus – Geheimnisvolle Mission im Körper,Germany,Peter Claridge,"WunderWerk, Zeitsprung Pictures",CG animation,,[ 84 ],"October 30, 2014",78 minutes
2014,Lupin the IIIrd: Daisuke Jigen's Gravestone,Japan,Takeshi Koike,,Traditional,,[ 85 ],"June 21, 2014",51 minutes
2014,Maleficent (film),United States,Robert Stromberg,Walt Disney Pictures,CG/Live-Action,Theatrical,,"May 30, 2014",97 minutes
2014,Magic Wonderland,China,Wu Jianrong Fang Lei,,CG animation,,[ 86 ],"May 30, 2014",90 minutes
2014,The Magical Brush,China,Frankie Chung,,CG animation,,[ 87 ],"July 25, 2014",87 minutes
2014,Manieggs: Revenge of the Hard Egg hu:Manieggs: Egy kemény tojás bosszúja,Hungary,Zoltán Miklósy,Umatik Entertainment,CG animation,,,"June 9, 2014 ( AIAFF ) September 14, 2014 (Cinefest International Film Festival) February 26, 2015 (Hungary)",90 minutes
2014,Maya the Bee,Germany Australia,Alexs Stadermann,"Screen Australia , Buzz Studios , Studio 100 Animation",CG animation,,,"September 4, 2014 (South Korea) September 11, 2014 (Germany) November 1, 2014 (Australia)",87 minutes [ 88 ]
2014,Mc Dull·Me & My Mum,China,"Brian Tse , Li Junmin",Sunwah Media,Traditional,,[ 89 ],"October 1, 2014",81 minutes
2014,Meet the Pegasus,China,Jian Yaozong,,Traditional,,[ 90 ],"January 16, 2014 (China) January 30, 2014 (Hong Kong)",83 minutes
2014,Mighty Raju: Rio Calling,India,Rajiv Chilaka,Green Gold Animation,Flash animation,,[ 91 ],"May 17, 2014",99 minutes
2014,Mini and the Mozzies Cykelmyggen og minibillen,Denmark,Jannik Hastrup Flemming Quist Møller,Dansk Tegnefilm,Flash animation,,[ 92 ],"June 12, 2014",74 minutes
2014,Muppets Most Wanted,United States,James Bobin,The Muppets Studio,Puppetry /Live-Action,Theatrical,,"March 21, 2014",107 minutes
2014,Moomins on the Riviera,France Finland,Xavier Picard,"Handle Productions , Pictak Cie",Traditional,Theatrical,[ 93 ],"October 10, 2014 (Finland) February 4, 2015 (France)",80 minutes
2014,Mortadelo and Filemon: Mission Implausible Mortadelo y Filemón contra Jimmy el Cachondo,Spain,Javier Fesser,"Zeta Cinema, Películas Pendelton, Ilion Animation Studios",CG animation,,[ 94 ] [ 95 ],"November 28, 2014",88 minutes
2014,Mr. Peabody & Sherman,United States,Rob Minkoff,DreamWorks Animation,CGI animation,Theatrical,[ 96 ],"February 7, 2014 (United Kingdom) [ 97 ] March 7, 2014 (United States) [ 96 ]",92 minutes [ 98 ]
2014,"Mummy, I'm a Zombie Dixie y la rebelión zombi",Spain,"Beñat Beitia, Ricardo Ramón",Abra Producciones,CG animation,,,"September 21, 2014 ( San Sebastián International Film Festival )",82 minutes
2014,"Mune: Guardian of the Moon Mune, le gardien de la Lune",France,"Benoît Philippon, Alexandre Heboyan",Onyx Films,Traditional / CG animation,,[ 99 ],"December 6, 2014 (Forum des images) October 14, 2015 (France)",86 minutes
2014,My Little Pony: Equestria Girls – Rainbow Rocks,United States Canada,Jayson Thiessen,"Hasbro Studios , DHX Media/Vancouver , Top Draw Animation",Flash animation,,,"September 27, 2014",70 minutes [ 100 ]
2014,The Last: Naruto the Movie,Japan,Tsuneo Kobayashi,Studio Pierrot,Traditional,,[ 101 ],"December 6, 2014",112 minutes
2014,New Minesweepers Warfare: Courageous Boy,China,,,,,[ 102 ],"May 30, 2014",94 minutes
2014,Night at the Museum: Secret of the Tomb,United States,Shawn Levy,20th Century Fox,CG animation Live Action,,Theatrical,"December 19, 2014",98 minutes
2014,The Nut Job,Canada United States South Korea,Peter Lepeniotis,"ToonBox Entertainment , Red Rover International",CG animation,,[ 103 ] [ 104 ] [ 105 ],"January 11, 2014 ( Los Angeles ) January 17, 2014 (United States & Canada) January 29, 2014 (South Korea)",86 minutes [ citation needed ] [ 106 ]
2014,One Hundred Thousand Bad Jokes,China,"Lu Hengyu, Li Shujie",Wanda Media Shanghai Toonmax Media Paramount Pictures Nickelodeon Movies Tencent Pictures U-17 Spin Master Entertainment,Flash animation,,[ 107 ],"December 31, 2014",100 minutes
2014,Paddington,United Kingdom France,Paul King,StudioCanal,CG animation Live-Action,,,28 November 2014,95 minutes
2014,Penguins of Madagascar,United States,"Simon J. Smith , Eric Darnell",DreamWorks Animation,CGI animation,Theatrical,[ 108 ],"November 14, 2014 (China) November 26, 2014 (United States)",91 minutes [ 109 ]
2014,"Persona 3 The Movie: Chapter 2, Midsummer Knight's Dream",Japan,,Anime International Company,Traditional,,,"June 7, 2014",93 minutes
2014,Planes: Fire & Rescue,United States,Bobs Gannaway,DisneyToon Studios,CG animation,Theatrical,[ 110 ],"July 15, 2014 ( El Capitan Theatre ) July 18, 2014 (United States)",84 minutes [ 111 ]
2014,Pim and Pom: The Big Adventure Pim & Pom: Het grote avontuur,Netherlands,Gioia Smid,"A-Film Benelux, Flink Film",Stop motion,,[ 112 ] [1],"April 9, 2014",70 minutes
2014,The Pirate Fairy,United States,Peggy Holmes,DisneyToon Studios,CGI animation,,[ 113 ] [ 114 ] [ 115 ] [ 116 ],"February 13, 2014 (Denmark) [ citation needed ] April 1, 2014 (United States) [ 117 ]",78 minutes [ citation needed ]
2014,"Pokémon the Movie: Diancie and the Cocoon of Destruction ポケモン・ザ・ムービーXY 「破壊の繭とディアンシー」 Pokémon Za Mūbī Ekkusu Wai ""Hakai no Mayu to Dianshī""",Japan,Kunihiko Yuyama,"OLM, Inc. , Shogakukan-Shueisha Productions",Traditional,,[ 118 ],"July 19, 2014",77 minutes
2014,"Pororo, Snow Fairy Adventure 뽀로로 극장판 눈요정 마을 대모험",South Korea,Hyunho Kim,,CG animation,,,"December 11, 2014",35 minutes
2014,Possessed Pos Eso,Spain,Samuel Ortí Martí,Basque Films Conflictivos Productions,Stop motion,,[ 119 ],"October 4, 2014 ( Sitges Film Festival ) November 27, 2014 (Gijón International Film Festival) April 30, 2015 (Spain)",81 minutes 75 minutes (Spain)
2014,Postman Pat: The Movie,United Kingdom United States,Mike Disa,"RGH Entertainment, DreamWorks Classics , Rubicon Group Holding",CG animation,Theatrical,,"May 23, 2014 [ 120 ]",88 minutes [ 121 ]
2014,The Predictor Paul,China,Shi Yang,Flash animation,,,[ 122 ],"July 4, 2014",87 minutes
2014,Pretty Rhythm,Japan,Masakazu Hishida,Tatsunoko Production,Traditional,,[ 123 ],"March 8, 2014",48 minutes
2014,The Princess and the Magic Mirror [ 124 ] Meñique y el espejo mágico,Cuba,Ernesto Padrón,Ficción Producciones,Computer,,Theatrical,"July 20, 2014",78 minutes
2014,The Prophet,Canada France Lebanon Qatar United States,Roger Allers,"Ventanarosa, FFA Private Bank, Doha Film Institute",Traditional,,,"September 6, 2014 ( TIFF ) August 7, 2015 (United States)",85 minutes
2014,Ribbit,Malaysia,Chuck Powers,"KRU Studios , Crest Animation Studios",CG animation,,[ 125 ],"June 21, 2014 (Niagara Integrated Film Festival) September 4, 2014 (Malaysia)",88 minutes
2014,Rio 2,United States,Carlos Saldanha,"20th Century Fox , 20th Century Fox Animation , Blue Sky Studios",CGI animation,Theatrical,Sequel to Rio (2011).,"March 20, 2014 (International) April 11, 2014 (United States)",101 minutes [ 126 ]
2014,Rocks in My Pockets,Latvia United States,Signe Baumane,"Locomotive Productions, Rocks In My Pockets LLC",Traditional,,[ 127 ] [2],"July 7, 2014 ( Karlovy Vary ) August 22, 2014 (Latvia)",88 minutes
2014,Roco Kingdom 3,China,Gong Bingsi,,Traditional,,[ 128 ],"July 10, 2014",85 minutes
2014,Saint Seiya: Legend of Sanctuary,Japan,Keiichi Sato,,CG animation,,[ 129 ],"June 11, 2014 ( Annecy ) June 21, 2014 (Japan)",93 minutes [ 130 ] [ 131 ]
2014,Satellite Girl and Milk Cow 우리별 일호와 얼룩소 ( Uribyeol Ilho-wa Eollukso ),South Korea,Hyeong-yoon Jang,,Traditional,,[ 132 ],"February 20, 2014",81 minutes
2014,Scooby-Doo! Frankencreepy,United States,Paul McEvoy,Warner Bros. Animation,Traditional,Direct-to-Video,[ 133 ],"July 27, 2014 ( San Diego Comic-Con ) August 5, 2014 (Digital HD)",74 minutes [ 134 ]
2014,Scooby-Doo! WrestleMania Mystery,United States,Brandon Vietti,Warner Bros. Animation WWE Studios,Traditional,Direct-to-Video,[ 135 ] [ 136 ] [ 137 ] [ 138 ],"March 24, 2014 (United Kingdom) [ 135 ] March 25, 2014 (United States) [ 136 ]",84 minutes [ 136 ]
2014,Secret Plans 新大头儿子和小头爸爸之秘密计划,China,He Cheng,"Zhong Yang Television Station, Yang Shi Dong Hua",CG animation,,[ 139 ],"September 26, 2014",87 minutes
2014,Seer 4,China,Wang Zhangjun Yin Yuqi,,CG animation,,[ 140 ],"July 10, 2014",86 minutes
2014,Sekai-ichi Hatsukoi: Yokozawa Takafumi no Baai,Japan,Chiaki Kon,Studio Deen,Traditional,,[ 141 ],"March 15, 2014",50 minutes
2014,The Seventh Dwarf Der 7bte Zwerg,Germany,Boris Aljinovic Harald Siepermann,"Zipfelmützen GmbH & Co. KG, Erfttal Film, Animationsfabrik",CG animation,,,"September 25, 2014",87 minutes
2014,Shi Er Sheng Xiao Cheng Shi Ying Xiong,China,Ge Haitao,"Anhui Film Group Anhui Tongren Media Co., Ltd",Flash animation,,[ 142 ],"October 3, 2014",80 minutes
2014,Shin Gekijō-ban Initial D,Japan,,Sanzigen LIDEN FILMS,Traditional,,[ 143 ],"August 23, 2014",62 minutes
2014,Slugterra: Return of the Elementals,Canada,"Johnny Darrell, Logan McPherson, Behzad Mansoori-Dara, Daniel DeSerranno, Steve Sacks",Nerd Corps Entertainment,CG animation,,,"August 21, 2014",63 minutes
2014,The Snow Queen: Journey Continues Снежная королева 2: Перезаморозка,Russia,Alexey Tsitsilin,Wizart Animation,CG animation,,[ 144 ] [ 145 ],"December 12, 2014 (United Kingdom) January 1, 2015 (Russia)",76 minutes [ 146 ]
2014,Snow White: The Power of Dwarfs 白雪公主之矮人力量,China,Adam Qiu,Guangzhou Jinchuan Media,CG animation,,[ 147 ] [ 148 ],"August 21, 2014",84 minutes
2014,Son of Batman,United States,Ethan Spaulding,Warner Bros. Animation DC Entertainment The Answer Studio (Animation services),Traditional,Direct-to-Video,[ 149 ] [ 150 ] [ 151 ] [ 152 ] [ 153 ] [ 154 ],"April 22, 2014",74 minutes
2014,Song of the Sea,Ireland,Tomm Moore,Cartoon Saloon,Traditional,Theatrical,[ 155 ] [ 156 ] [ 157 ],"September 6, 2014 ( TIFF ) December 10, 2014 (France/Belgium/Luxembourg) February 19, 2015 (Denmark) July 10, 2015 (Ireland)",94 minutes [ 158 ]
2014,Sora no Otoshimono Final: Eternal My Master,Japan,Hisashi Saitō,Production IMS,Traditional,,[ 159 ],"April 26, 2014",50 minutes
2014,Soreike! Anpanman: Ringo Bō Ya To Min'Nano Negai,Japan,Jun Kawagoe,,Traditional,,[ 160 ],"July 5, 2014",45 minutes
2014,Space Battleship Yamato 2199: A Voyage to Remember,Japan,Yutaka Izubuchi,Xebec,Traditional,,[ 161 ],"October 11, 2014",120 minutes
2014,Space Dogs 2 Белка и Стрелка: Лунные приключения,Russia,"Inna Evlannikova , Aleksander Khramtsov",KinoAtis,CG animation,,[ 162 ],"February 6, 2014",90 minutes
2014,Space Panda 2,China,,,,,[ 163 ],"May 31, 2014",
2014,Stand by Me Doraemon STAND BY ME ドラえもん,Japan,"Takashi Yamazaki , Ryūichi Yagi",Fujiko Movie Studio,CG animation,,[ 164 ],"August 8, 2014",95 minutes
2014,The Stressful Adventures of Boxhead and Roundhead,Romania United States,Elliot Cowan,"Ace & Son Moving Picture Co., Artis Film, Scenery Hill Entertainment",Flash animation /Traditional,,[ 165 ],"October 3, 2014 (Romania) December 5, 2015 (South Texas Underground Film Festival)",72 minutes
2014,Super Three,China,Fu Yan,,,,[ 166 ],"April 4, 2014",80 minutes
2014,The Swan Princess: A Royal Family Tale,United States,Richard Rich,Nest Family Entertainment StreetLight Animation Productions,CG Animation,,,"February 25, 2014",79 minutes
2014,Tale of the Rally,China,Zheng Chongxin,,Traditional,,[ 167 ],"September 6, 2014",82 minutes
2014,Tamako Love Story たまこラブストーリー,Japan,Naoko Yamada,Kyoto Animation,Traditional,,[ 168 ],"April 26, 2014",83 minutes
2014,Teenage Mutant Ninja Turtles,United States,Jonathan Liebesman,Nickelodeon Movies Platinum Dunes Gama Entertainment Mednick Paramount Pictures,CGI animation Live-Action,,,"August 8, 2014",101 minutes
2014,Timing,South Korea,Min Kyung-Jo,Hyoin Entertainment,Traditional,,[ 169 ],"October 3, 2014 ( Busan ) May 24, 2015 ( Seoul ) December 10, 2015 (South Korea)",100 minutes
2014,Tinker Bell and the Legend of the NeverBeast,United States,Steve Loter,DisneyToon Studios,CG animation,Direct-to-Video,[ 110 ],"December 12, 2014 (United Kingdom) March 3, 2015 (United States)",76 minutes [ 170 ]
2014,Tom and Jerry: The Lost Dragon,United States,Spike Brandt Tony Cervone,Turner Entertainment Co. Warner Bros. Animation,Traditional,Direct-to-Video,[ 171 ],"July 27, 2014 ( San Diego Comic-Con ) August 19, 2014 (Digital) September 2, 2014 (DVD)",57 minutes
2014,Transformers: Age of Extinction,United States,Michael Bay,Hasbro Studios Di Bonaventura Pictures Paramount Pictures,CGI animation Live-Action,,,"June 27, 2014",165 minutes
2014,Triple Trouble Trippel Trappel dierenstinerklaas,Netherlands,Albert 't Hooft Paco Vink,il Luster Productions Vivi Film KRO,Traditional,,[ 172 ],"October 8, 2014",65 minutes
2014,Uchū Senkan Yamato 2199: Hoshi-Meguru Hakobune,Japan,Yutaka Izubuchi,Xebec,Traditional,,[ 173 ],"October 11, 2014",120 minutes
2014,VeggieTales: Beauty and the Beet,United States,Tom Owens,Big Idea Productions,CG animation,Direct-to-Video,,"October 14, 2014",57 minutes
2014,VeggieTales: Celery Night Fever,United States,Mike Nawrocki,Big Idea Productions,CG animation,Direct-to-Video,,"August 5, 2014",52 minutes
2014,VeggieTales: Veggies in Space: The Fennel Frontier,United States,Mike Nawrocki,Big Idea Productions,CG animation,Direct-to-Video,,"March 11, 2014",48 minutes
2014,The Wanted 18,Palestine Canada France,Amer Shomali Paul Cowan,National Film Board of Canada,Stop motion,,[ 174 ],"September 12, 2014 ( Toronto International Film Festival )",75 minutes
2014,When Marnie Was There Omoide no Marnie,Japan,Hiromasa Yonebayashi,Studio Ghibli,Traditional,Theatrical,[ 175 ],"July 19, 2014",103 minutes [ 176 ]
2014,Winx Club: The Mystery of the Abyss Winx Club – Il mistero degli abissi,Italy,Iginio Straffi,Rainbow SpA ( ViacomCBS ),CG animation,,[ 177 ],"September 4, 2014",82 minutes
2014,"Yellowbird Gus, petit oiseau, grand voyage",France,Christian De Vita,TeamTO,CG animation,,,"October 11, 2014 ( London Film Festival ) [ 178 ] February 4, 2015 (France)",88 minutes
2014,Yowamushi Pedal Re:RIDE,Japan,Osamu Nabeshima,TMS/8PAN,Traditional,,,"September 19, 2014",90 minutes
2014,Yugo & Lala 2 神秘世界历险记2,China,Wang Yunfei,,CG animation,,,"August 8, 2014",80 minutes
2014,Yume wa Hatou wo Koete – Tenmei ni Ikita Otoko: Suminokura Ryōi,Japan,Traditional,Mushi Productions,Traditional,,[ 179 ],,
2015,3 Bahadur,Pakistan,Sharmeen Obaid Chinoy,Waadi Animations,CG animation,,[ 1 ],"May 22, 2015 (Pakistan) November 13, 2015 (Worldwide)",94 minutes
2015,10000 Years Later 天籁之一萬年以后,China,Yi Li,,CG animation,,[ 2 ],"March 27, 2015",93 minutes
2015,A Jewish Girl in Shanghai: The Mystery of the Necklace,China,Guanghua Yao,,Traditional,,[ 3 ],"August 28, 2015",83 minutes
2015,A Tale From The Orient 天眼传奇,China,"Chih-Chung Tsai, Daniel Ming-Chin Tsai",Zhejiang Zhongnan Animation Co.,Traditional,,[ 4 ],"October 4, 2015",90 minutes
2015,A Warrior's Tail Савва. Сердце воина,Russia,Maxim Fadeev,"Art Pictures Studio , Glukoza Production",CG animation,,[ 5 ],"November 12, 2015 (Russia) March 26, 2016 (United States)",85 Minutes
2015,Adama,France,Simon Rouby,"Pipangai Production, Naia Productions",Traditional / CG animation,,[ 6 ],"June 15, 2015 ( Annecy ) October 21, 2015 (France)",82 minutes
2015,The Adventures of Little Piglet Banna,China,"Ming Zhang, Zhaohui Weng",Zhejiang Huanqin Media,Flash animation,,[ 7 ],"June 27, 2015",90 minutes
2015,Aikatsu! Music Award: Minna de Shō o Moraima SHOW!,Japan,Shinya Watada,,Traditional,,[ citation needed ],"August 23, 2015",56 minutes
2015,Air Bound Gamba: Gamba to Nakama-tachi,Japan,"Tomohiro Kawamura, Yoshihiro Komori","Arad Productions, Grindstone Pictures, Shirogumi, Toei Animation",CG animation,,[ 8 ],"October 10, 2015",92 minutes
2015,Alvin and the Chipmunks: The Road Chip,United States,Walt Becker,20th Century Fox,Live-Action/CGI,,Theatrical,"December 18, 2015",92 minutes
2015,Ajin Part 1: Shōdō,Japan,Hiroaki Ando,Polygon Pictures,CG animation,,[ 9 ],"October 28, 2015 ( TIFF ) November 27, 2015 (Japan)",106 minutes
2015,Albert Albert,Denmark,Karsten Kiilerich,"M&M Productions, A. Film",CG animation,,[ 10 ],"February 26, 2015",70 minutes
2015,Alibaba and the Thief 阿里巴巴：大盗奇兵,China,Zheng Chengfeng,,CG animation,,[ 11 ],"May 23, 2015",80 minutes
2015,Alpha and Omega: Family Vacation,United States Canada,Richard Rich,Lionsgate Crest Animation Productions,CG Animation,Direct-to-video,,"August 4, 2015",45 minutes
2015,Animal Kingdom: Let's Go Ape Pourquoi j'ai pas mangé mon père,France Belgium Italy,Jamel Debbouze,"Pathé, Boréales, Kiss Films",CG animation,,[ 12 ],"April 8, 2015",113 minutes
2015,Anomalisa,United States,"Charlie Kaufman , Duke Johnson","Paramount Pictures , Starburns Industries , Snoot Entertainment",Stop-motion,,,"September 4, 2015 ( Telluride Film Festival ) December 30, 2015 (United States)",90 minutes [ 13 ]
2015,The Anthem of the Heart Kokoro ga Sakebitagatterun Da,Japan,Tatsuyuki Nagai,A-1 Pictures,Traditional,,[ 14 ],"September 19, 2015",119 minutes [ 15 ]
2015,April and the Extraordinary World Avril et le monde truqué,France Belgium Canada,"Franck Ekinci , Christian Desmares","Je Suis Bien Content, StudioCanal , Kaibou Production UMT, Need Productions, Arte France Cinéma , Jouror Distribution, RTBF , Proximus , Tchack",Traditional/CG animation,,[ 16 ],"June 15, 2015 ( Annecy ) November 4, 2015 (France and Belgium) [ 17 ] February 19, 2016 (Canada)",106 minutes [ 18 ]
2015,Aura Star: Attack of the Temple 奥拉星：进击圣殿,China,Frankie Chung,Pearl River Film Group Guangzhou Baitian Information Technology Toonmax Media Talent Manufacture Meiya Media Hongtu Guanghe Film Investment Fund [ 21 ],CG animation,,[ 22 ],"July 23, 2015",92 minutes
2015,The Autobots 汽车人总动员,China,Jianrong Zhuo,"Bluemtv, G-Point",CG animation,,[ 23 ],"July 4, 2015",85 minutes
2015,El Bandido Cucaracha,Spain,"Juan Alonso, Héctor Pisa",Second Man Productions,Stop motion,,[ 24 ],"December 12, 2015 (Huesca International Film Festival)",74 minutes
2015,Barbie & Her Sisters in The Great Puppy Adventure,United States,Andrew Tan,"Universal Studios , Arc Productions , Rainmaker Studios",CGI animation,,,"October 20, 2015",76 minutes
2015,Barbie in Princess Power,United States,Ezekiel Norton,"Universal Studios , Arc Productions , Rainmaker Studios",CGI animation,,,"March 3, 2015",73 minutes
2015,Barbie in Rock'n Royals,United States,Karen J. Lloyd & Michael Goguen,"Universal Studios , Arc Productions , Rainmaker Studios",CGI animation,,,"September 8, 2015",80 minutes
2015,Batman vs. Robin,United States,Jay Oliva,"Warner Bros. Animation , DC Entertainment",Traditional,Direct-to-video,,"April 7, 2015 (digital) April 14, 2015 (physical)",80 minutes [ 25 ]
2015,Batman Unlimited: Animal Instincts,United States,Butch Lukic,"Warner Bros. Animation , DC Entertainment",Traditional,Direct-to-video,,"May 12, 2015 [ 26 ]",77 minutes
2015,Batman Unlimited: Monster Mayhem,United States,Butch Lukic,"Warner Bros. Animation , DC Entertainment",Traditional,Direct-to-video,,"August 18, 2015 [ 27 ]",81 minutes
2015,Beyond the Boundary: I'll Be Here,Japan,Taichi Ishidate,Kyoto Animation,Traditional,,[ 28 ],"March 14, 2015 (Past) April 25, 2015 (Future)",86 minutes [ 29 ] 89 minutes [ 30 ]
2015,Bicycle Boy,China,Liu Kexin,,CG animation,,[ 31 ],"January 1, 2015",90 minutes
2015,Bilal: A New Breed of Hero,United Arab Emirates,Khurram Alavi,Barajoun Entertainment,CG animation,,[ 32 ],"December 9, 2015 (Dubai Film Festival) September 8, 2016 (Dubai) [ 33 ] February 2, 2018 (United States)",109 minutes
2015,"Birdboy: The Forgotten Children Psiconautas, los niños olvidados",Spain,"Pedro Rivero, Alberto Vázquez",Basque Films,Traditional,,[ 34 ],"September 24, 2015 ( San Sebastian Film Festival )",76 minutes
2015,Blinky Bill the Movie,Australia,Deane Taylor,Flying Bark Productions Telegael Screen Australia Studio 100 Animation Screen NSW Lusomundo StudioCanal,CG animation,,[ 35 ],"September 17, 2015",93 minutes
2015,Bob's Broken Sleigh,Canada,Jay Surridge,"Eh-Okay Entertainment Inc, DHX Media/Vancouver",CG animation,,,"December 1, 2015",46 minutes
2015,Boonie Bears: Mystical Winter 熊出没之雪岭熊风,China,"Ding Liang, Liu Fuyuan","Fantawild Animation, Le Vision Pictures (Tianjin) Co., Pearl River Film Group, Shenzhen Huaqiang Shuzi Dongman",CG animation,,[ 36 ],"January 30, 2015",96 minutes
2015,Boruto: Naruto the Movie,Japan,Hiroyuki Yamashita,Studio Pierrot,Traditional,,[ 37 ],"August 7, 2015",96 minutes
2015,The Boy and the Beast Bakemono no Ko,Japan,Mamoru Hosoda,Studio Chizu,Traditional,,[ 38 ],"July 11, 2015",120 minutes [ 39 ]
2015,Brave Rabbit 2 Crazy Circus 闯堂兔2疯狂马戏团,China,Zeng Xianlin,,CG animation,,[ 40 ],"January 1, 2015",88 minutes
2015,Cafard,France Netherlands Belgium,Jan Bultheel,"Tarantula Belgique, Tondo Films, Topkapi Films [ 41 ]",CG animation,,[ 42 ],"September 23, 2015 (Belgium) December 12, 2015 (France)",92 minutes [ 43 ]
2015,Canine Team Selección Canina,Mexico,Carlos Pimentel Nathan Sifuentes,"Animex Producciones , Nahuala Films",CG animation,,,"April 24, 2015",90 minutes
2015,Capture The Flag Atrapa la Bandera,Spain,Enrique Gato,"Lightbox Entertainment, Telecinco Cinema, Telefónica Studios",CG animation,,[ 44 ],"August 25, 2015",94 minutes [ 45 ]
2015,Caroline and the Magic Potion Brujerías,Spain,Virginia Curiá,"Latido Films, Moonbite Studios, Santisound",CG animation,,[ 46 ],"September 15, 2015",79 minutes
2015,The Case of Hana & Alice,Japan,Shunji Iwai,,Traditional,,[ 47 ],"February 20, 2015",99 minutes
2015,Chibi Maruko-chan: Italia Kara Kita Shōnen,Japan,Jun Takagi [ ja ],Nippon Animation,Traditional,,[ 48 ],"December 23, 2015",94 minutes(or 95 minutes [ 49 ] )
2015,CJ7: Super Q Team 长江7号：超萌特攻队,China,William Kan,Xuelang Dock Media YL Pictures,CG animation,,[ 50 ],"September 26, 2015",80 minutes
2015,Crayon Shin-Chan: My Moving Story! Cactus Large Attack!,Japan,Masakazu Hashimoto,Shin-Ei Animation TV Asahi ADK Futabasha,Traditional,,,"April 18, 2015",104 minutes
2015,El cumpleaños esotérico,Costa Rica,"Guillermo Tovar, Nadia Mendoza",Interdimensional Studio,Flash animation,,First Costa Rican animated film.,"Dec 11, 2015",61 minutes
2015,Curious George 3: Back to the Jungle,United States,Norton Virgien,"Imagine Entertainment , Universal 1440 Entertainment , Tycoon Animation, BV Animation Studio",Traditional,Direct-to-Video,,"June 23, 2015",81 minutes
2015,Date A Live: Mayuri Judgement,Japan,Keitaro Motonaga,Production IMS,Traditional,,[ 51 ],"August 22, 2015",72 minutes [ 52 ]
2015,Detective Conan: Sunflowers of Inferno,Japan,Kobun Shizuno,TMS Entertainment,Traditional,,[ 53 ],"April 18, 2015",112 minutes
2015,Digimon Adventure tri. Reunion,Japan,Keitaro Motonaga,Toei Animation,Traditional,,[ 54 ],"November 21, 2015",86 minutes (Part 1) [ 55 ]
2015,Doraemon: Nobita's Space Hero Record of Space Heroes,Japan,Yoshihiro Osugi,Shin-Ei Animation,Traditional,,[ 56 ] [ 57 ],"March 7, 2015",100 minutes [ 58 ]
2015,Dragon Ball Z: Resurrection 'F',Japan,Tadayoshi Yamamuro,Toei Animation,Traditional,,[ 59 ] [ 60 ],"April 18, 2015 [ 61 ]",94 minutes (theatrical) [ 62 ] [ 63 ]
2015,Eiga Yo-Kai Watch: Enma Daioh to Itsutsu no Monogatari da Nyan!,Japan,"Shigeharu Takahashi [ ja ] , Shinji Ushiro [ ja ]","OLM, Inc.",Traditional,,[ 64 ] [ 65 ],"December 19, 2015",94 minutes
2015,The Empire of Corpses,Japan,Ryoutarou Makihara,Wit Studio,Traditional,,[ 66 ],"October 2, 2015",126 minutes
2015,Enchanted Mirror Romance 魔镜奇缘,China,Chengfeng Zheng,Beijing Fengshang Ruizhi Media Co.,CG animation,,[ 67 ],"September 3, 2015",81 minutes
2015,The Firefox of Bunnington Burrows 兔子镇的火狐狸,China,Ge Shuiying,"Kunshan Zhangpu Haoshanshui Animation Beijing Shuzi Linghai Films Technology Erduosishi Hengqida Media, [ 21 ] Beijing G-POINT Film Culture Media 河南约克动漫影视股份有限公司 维乐享电影文化（北京）有限公司 Aiweixiao Culture Media (Beijing) [ 21 ]",CG animation,,[ 68 ],"October 30, 2015",90 minutes
2015,The Flintstones & WWE: Stone Age SmackDown!,United States,Spike Brandt Tony Cervone,"Warner Bros. Animation , Hanna-Barbera , WWE Studios",Traditional,Direct-to-video,[ 69 ],"March 10, 2015",51 minutes
2015,Fortress Крепость,Russia,Fedor Dmitriev,"CTB Film Company, Melnitsa Animation Studio",Traditional,,[ 70 ],"October 29, 2015",76 minutes
2015,Gekijōban Meiji Tokyo Renka: Yumihari no Serenade,Japan,Hiroshi Watanabe,Studio Deen,Traditional,,[ 71 ],"July 18, 2015",60 minutes
2015,Gekijō-ban PriPara Mi~nna Atsumare! Prism Tours,Japan,Masakazu Hishida,Tatsunoko Production,Traditional,,[ 72 ],"March 7, 2015",90 minutes
2015,Get Squirrely,United States,Ross Venokur,"Viva Pictures, Vanguard Animation",CG animation,,[ 73 ],"June 20, 2015 (Japan) November 4, 2016 (United States)",83 minutes
2015,GG Bond Movie: Ultimate Battle 猪猪侠之终极决战,China,"Jinming Lu, Jinhui Lu",Guangdong Winsing Animation Toonmax Media Pearl River Pictures Guangdong TV Jiajia Cartoon Beijing Dongfang Huamian Film [ 21 ],CG animation,,[ 74 ],"July 10, 2015",90 minutes
2015,Girls und Panzer der Film,Japan,Tsutomu Mizushima,Actas,Traditional,,[ 75 ],"November 20, 2015 (Tokyo) November 21, 2015 (Japan)",120 minutes [ 76 ]
2015,Go! Anpanman: Mija and the Magic Lamp ja:それいけ!アンパンマン ミージャと魔法のランプ,Japan,Hiroyuki Yano,"Anpanman Production Committee, TMS Entertainment",Traditional,,,"July 4, 2015",46 minutes
2015,The Good Dinosaur,United States,Peter Sohn,Pixar,CGI animation,,[ 77 ],"November 10, 2015 ( Paris ) November 25, 2015 (United States)",97 minutes [ 78 ]
2015,Goosebumps (film),United States,Rob Letterman,Sony Pictures Animation,Live-Action-CGI,,,"October 16, 2015",103 minutes
2015,The Grow 2 金箍棒传奇2：沙僧的逆袭,China,Ha Lei,,Traditional,,[ 79 ],"May 29, 2015",91 minutes
2015,Gulu Mermaid,China,Guangfu Yang,,,,[ 80 ],"December 20, 2015",90 minutes
2015,Happy Little Submarine Magic Box of Time 潜艇总动员5：时光宝盒,China,He Zili,,CG animation,,[ 81 ],"May 29, 2015",80 minutes
2015,Happy Panda 2: Panda Hero Legend,China,"Jia Wu, Jiye Tang",Kunshan Feifan Animation Co. Zhejiang Zhongnan Animation Co.,Flash animation,,[ 82 ],"August 15, 2015",81 minutes
2015,Harmony,Japan,"Takashi Nakamura , Michael Arias",Studio 4°C,Traditional,,[ 66 ],"November 13, 2015",119 minutes
2015,Hell and Back,United States,"Tom Gianas, Ross Shuman",ShadowMachine,Stop motion,,,"October 2, 2015",84 minutes
2015,High Speed! Free! Starting Days,Japan,Yasuhiro Takemoto,Kyoto Animation,Traditional,,[ 83 ],"December 5, 2015",110 minutes
2015,Hikawa Maru Monogatari,Japan,Shunji Ōga,Mushi Production,Traditional / CG animation,,[ 84 ],"August 22, 2015",90 minutes
2015,Home,United States,Tim Johnson,DreamWorks Animation,CGI animation,,[ 85 ],"March 7, 2015 ( BIFF ) March 27, 2015 (United States)",94 minutes [ 86 ]
2015,Hotel Transylvania 2,United States,Genndy Tartakovsky,Sony Pictures Animation,CGI animation,,[ 87 ] [ 88 ],"September 25, 2015",89 minutes [ 89 ]
2015,"Huevos: Little Rooster's Egg-cellent Adventure , Un gallo con muchos huevos",Mexico,Gabriel Riva Palacio,Huevocartoon Producciones,CG Animation,,,"August 20, 2015",98 minutes
2015,Inside Out,United States,"Pete Docter , Ronnie del Carmen",Pixar,CGI animation,,[ 77 ],"May 18, 2015 ( Cannes ) June 19, 2015 (United States)",95 minutes
2015,Justice League: Gods and Monsters,United States,Sam Liu,"Warner Bros. Animation , DC Entertainment",Traditional,Direct-to-Video,[ 90 ],"July 21, 2015 (Digital) July 28, 2015 (Physical)",76 minutes
2015,Justice League: Throne of Atlantis,United States,Ethan Spaulding,"Warner Bros. Animation , DC Entertainment",Traditional,Direct-to-Video,,"January 13, 2015 (Digital) January 27, 2015 (United States)",72 minutes
2015,Khun Tong Daeng: The Inspirations,Thailand,Nitipat Somsaman Phanlop Sincharoen Saksiri Koshpasharin,Dr.Head Imagimax Studio The Monk Studios Workpoint Picture,CG animation,,,"December 6, 2015",101 minutes
2015,The King of Tibetan Antelope,China,Yujun Liu,Shenzhen Tianyuxing Entertainment,Flash animation,,[ 91 ],"November 20, 2015",83 minutes
2015,Knights of Sidonia,Japan,Kōbun Shizuno,Polygon Pictures,Traditional,,,"March 6, 2015",134 minutes
2015,Kōkaku Kidōtai Shin Gekijōban,Japan,Kazuya Nomura,Production I.G,Traditional,,[ 92 ] [ 93 ],"June 20, 2015 [ 94 ]",100 minutes
2015,Kung Fu Style,China,Xu Kerr,Shanghai Hippo Animation Co.,CG animation,,[ 95 ],"April 10, 2015",90 minutes
2015,Kuru Kuru and Friends: The Secrets of the Rainbow Tree 꾸루꾸루와 친구들:무지개 나무의 비밀,South Korea,Jisoo Han Moon Jae-dea,Ffango Entertoyment,Stop Motion,,[ citation needed ],"November 11, 2015",74 minutes
2015,Kwai Boo 桂宝之爆笑闯宇宙,China,Yunfei Wang,Beijing Juhe Yinglian Media Beijing Motianlun Media [ 21 ],CG animation,,[ 96 ],"August 6, 2015",95 minutes
2015,Last Prince of Atlantis Последний человек Атлантиды,Russia,Vladlen Barbe,InlayFilm,CG animation,,[ 97 ],2015,84 minutes
2015,LeapFrog Letter Factory Adventures: Amazing Word Explorers,United States,Craig George,,CG animation,Direct-to-Video,,"March 3, 2015",38 minutes
2015,LeapFrog Letter Factory Adventures: The Great Shape Mystery,United States,Craig George,,CG animation,Direct-to-Video,,"September 8, 2015",37 minutes
2015,Legend of a Rabbit: The Martial of Fire 兔侠之青黎传说,China,"Ma Yuan, Dong Dake","TianJin BeiFang Film Group Co., LTD Beijing Century Butterfly Animation Production Co., Ltd Beijing Luyi Jiuying Pictures Media Co., Ltd China Beijing Television Station Toonmax Media Co., Ltd Tianjin Radio and television Beijing Wanzhong Canlan Entertainment Co., Ltd Beijing Xinghe Lianmeng Entertainment Co., Ltd YL Pictures American Aurora Pictures International Ltd",CG animation,,[ 98 ],"February 21, 2015",90 minutes
2015,Legend of the Moles – The Magic Train Adventure 摩尔庄园3：魔幻列车大冒险,China,Li Tingting,"Shanghai Taomee Network & Technology Co., Ltd. China Film Group Corporation Beijing KAKU Cartoon Satellite TV Hunan TV Aniworld Satellite TV",Traditional,,[ 99 ],"February 5, 2015",86 minutes
2015,Lego DC Comics Super Heroes: Justice League – Attack of the Legion of Doom,United States,Rick Morales,"Warner Bros. Animation , DC Entertainment , The Lego Group",CG animation,Direct-to-Video,[ 100 ],"August 25, 2015",72 minutes [ 101 ]
2015,Lego DC Comics Super Heroes: Justice League vs. Bizarro League,United States,Brandon Vietti,"Warner Bros. Animation , DC Entertainment , The Lego Group",CG animation,Direct-to-Video,,"February 10, 2015",49 minutes
2015,Little from the Fish Shop Malá z rybárny,Czech Republic France Slovakia,Jan Balej,Miracle Film,Stop motion,,[ 102 ],"May 28, 2015",75 minutes
2015,The Little Man Malý pán,Czech Republic Slovakia,Radek Beran,Bedna Films Czech Television Fantomas Production [ 103 ],Puppetry,,,"April 30, 2015",83 minutes
2015,The Little Mermaid: Attack of the Pirates 美人鱼之海盗来袭,China,Adam Qiu,Fu Jian Heng ye Film Distribution CO. Gold Valley Films,CG animation,,[ 104 ],"July 31, 2015",77 minutes
2015,The Little Prince Le Petit Prince,France Italy,Mark Osborne,"Onyx Films, Orange Studio, LPPTV, ON Animation Studios",Stop motion / CG animation,,[ 105 ],"May 22, 2015 ( Cannes Film Festival ) [ 106 ] July 29, 2015 (France) [ 107 ]",108 minutes [ 108 ]
2015,LokalFilmis,Slovakia,Jakub Kroner,Lokal TV Inout Studio,2D CGI cutout,,,"June 13, 2015",78 minutes
2015,Long Way North Tout en haut du monde,France Denmark,Rémi Chayé,"Sacrebleu Productions, Maybe Movies, Noerlum Studios, 2 Minutes Animation",Traditional & CG animation,,[ 109 ],"June 16, 2015 ( Annecy ) January 27, 2016 (France)",80 minutes
2015,Looney Tunes: Rabbits Run,United States,Jeff Siergey,Warner Bros. Animation,Traditional,Direct-to-Video,,"July 7, 2015 (Walmart/ Vudu ) August 4, 2015 (General)",75 minutes [ 110 ]
2015,Louis and Luca – The Big Cheese Race Solan og Ludvig – Herfra til Flåklypa,Norway,Rasmus A. Sivertsen,"Qvisten Animation , Maipo Film , Kari and Kjell Aukrust's Foundation",Stop motion,,[ 111 ],"December 25, 2015",78 minutes
2015,Love Live! The School Idol Movie,Japan,Takahiko Kyōgoku,Sunrise,Traditional,,[ 112 ],"June 13, 2015",99 minutes [ 113 ]
2015,The Magic Mountain,Romania France Poland,Anca Damian,"Aparte Film, Arizona Productions, Filmograf",Mixed,,[ 114 ],"June 17, 2015 ( Annecy ) October 9, 2015 (Romania) December 23, 2015 (France)",89 minutes
2015,Minions,United States,"Pierre Coffin , Kyle Balda",Illumination Entertainment,CGI animation,,[ 115 ],"June 11, 2015 ( Odeon Leicester Square ) July 10, 2015 (United States)",91 minutes [ 116 ]
2015,Miss Hokusai 百日紅,Japan,Keiichi Hara,Production I.G,Traditional,,[ 117 ],"May 9, 2015",90 minutes
2015,Monkey King: Hero Is Back 西游记之大圣归来,China,Xiaopeng Tian,"Beijing Weiyingshidai Culture & Media, Hengdian Chinese Film Production Co., October Media, S&C Pictures",CG animation,,[ 118 ],"July 10, 2015",90 minutes
2015,Morengen Bear vs Man,China,Jianjun Ma Pengcheng Wang,,Traditional,,[ 119 ],2015,
2015,Mr. Black: Green Star 黑猫警长之翡翠之星,China,"Shengjun Yu, Xuegang Shi, Song Qing, Yi Shi",Shanghai Film Group Shanghai Animation Film Studio Fengwei (Shanghai) Entertainment Beijing Weiying Shidai Technology [ 21 ],Traditional,,[ 120 ],"August 7, 2015",83 minutes
2015,My Little Pony: Equestria Girls – Friendship Games,United States Canada,Ishi Rudell,"Hasbro Studios , DHX Media",Flash animation,,[ 121 ],"September 17, 2015 ( Angelika Film Center ) September 26, 2015 ( Discovery Family and Family Channel )",72 minutes (DVD/Blu-ray) [ 122 ]
2015,The Nutcracker Sweet,Peru,Eduardo Schuldt,Aronnax Animation Studios,CG animation,,[ 123 ],"June 3, 2015",80 minutes
2015,Ooops! Noah Is Gone... Oops! Die Arche ist weg...,Germany Belgium Luxembourg Ireland,"Toby Genkel, Sean McCormack",Ulysses Filmproduktion Fabrique d'Images Skyline Entertainment Moetion Films Studio Rakete The Picture Factory Grid Animation,CG animation,,[ 124 ],"February 26, 2015 (Luxembourg City Film Festival) May 1, 2015 (Ireland) July 17, 2015 (United States) July 30, 2015 (Germany)",87 minutes
2015,Open Season: Scared Silly,United States,David Feiss,"Sony Pictures Animation , Rainmaker Entertainment",CGI animation,Direct-to-Video,[ 125 ],"December 18, 2015 (Turkey) March 8, 2016 ( United States )",85 minutes
2015,The Peanuts Movie,United States,Steve Martino,"20th Century Fox , 20th Century Fox Animation , Blue Sky Studios",CGI animation,,[ 126 ] [ 127 ],"November 1, 2015 (New York City premiere) November 6, 2015 (United States)",88 minutes [ 128 ]
2015,Peppa Pig: The Golden Boots,United Kingdom,"Neville Astley, Mark Baker",Entertainment One,Flash animation,Television film,[ 129 ],"February 14, 2015",15 minutes
2015,"Persona 3 The Movie: No. 3, Falling Down",Japan,Keitaro Motonaga,A-1 Pictures,Traditional,,,"April 4, 2015",87 minutes
2015,Phantom Boy,France Belgium,"Alain Gagnol, Jean-Loup Felicioli",Folimage,Traditional,,[ 130 ],"September 12, 2015 ( TIFF ) October 14, 2015 (France)",84 minutes [ 131 ]
2015,Pirate's Passage,Canada,"Mike Barth, Jamie Gallant","Martin's River Ink, PiP Animation Services , Tandem Communications",Flash animation,Television film,,"January 4, 2015",88 minutes
2015,Pixels (2015 film),United States China,Chris Columbus,Columbia Pictures,Live-Action-CGI,,,"July 24, 2015",106 minutes
2015,Pixies,Canada,Sean Patrick O'Reilly,Arcana Studio,CG Animation,,,"June 5, 2015",78 minutes
2015,Pleasant Goat and Big Big Wolf – Amazing Pleasant Goat 喜羊羊与灰太狼之羊年喜羊羊,China,Huang Weiming,Shanghai Film Group Alpha Pictures Investment (Beijing) Creative Power Entertaining Beijing TV Kaku Kids Channel Jiangsu Youman Cartoon TV Guangdong Jia-jia Cartoon Channel Beijing Guolong Film Distributors,Traditional,,[ 132 ],"January 31, 2015",86 minutes
2015,Pokémon the Movie: Hoopa and the Clash of Ages,Japan,Kunihiko Yuyama,"OLM, Inc. , Shogakukan-Shueisha Productions",CGI animation,,[ 133 ],"July 18, 2015",78 minutes
2015,Polar Adventure 极地大反攻,China,Fang Qiao,Su Zhou Ou Rui Dong Man [ 21 ] Beijing G-POINT Film Culture Media [ 21 ],CG animation,,[ 134 ],"October 1, 2015",94 minutes
2015,Pororo 3: Cyber Space Adventure 뽀로로 극장판3 : 컴퓨터왕국대모험,South Korea,Chanwook Park Young Kyun Park,Korea Creative Content Agency Korean Film Council Korean Small and Medium Business Administration Ocon Studios SK Broadband Winner Cultural Media,CG animation,,[ 135 ],"December 13, 2015",90 minutes
2015,PreCure All Stars: Spring Carnival,Japan,Junji Shimizu,Toei Animation,Traditional,,[ 136 ],"March 14, 2015",74 minutes
2015,Princess of Rome,Iran,Hadi Muhammadian,HonarPooya Group,CG animation,,[ 137 ] [ 138 ] [ 139 ],"February 1, 2015 ( Fajr International Film Festival ) October 4, 2015 (Iran)",75 minutes
2015,Psycho-Pass: The Movie,Japan,Naoyoshi Shiotani,Production I.G,Traditional,,,"January 9, 2015",113 minutes
2015,Rabbit Hero,China,Fu Yan,,,,[ 140 ],"May 30, 2015",80 minutes
2015,Raven the Little Rascal – The Big Race Der kleine Rabe Socke 2,Germany,"Ute von Münchow-Pohl [ fr ] , Sandor Jesse",Studio 88,Traditional,,,"August 20, 2015",73 minutes
2015,Regular Show: The Movie,United States,J. G. Quintel,Cartoon Network Studios,Traditional,Television film,,"August 14, 2015 ( The Downtown Independent ) September 1, 2015 (digital release) October 13, 2015 (DVD) November 25, 2015 (TV)",68 minutes
2015,Reveries of a Solitary Walker,Italy,Paolo Gaudio,Smart Brands,Claymation,,,"November 1, 2014 (Samain du Cinéma Fantastique) [ 141 ] [ 142 ] November 26, 2015 (Italy)",87 minutes
2015,Roco Kingdom 4 洛克王国4：出发！巨人谷,China,"Hugues Martel, Dongbiao Cao",Tencent Pictures Jiangsu Youman Cartoon TV Beijing Enlight Pictures More Fun Studio Wepiao [ 21 ] Dianping.com [ 21 ],Traditional,,[ 143 ],"August 13, 2015",83 minutes
2015,Scooby-Doo! and Kiss: Rock and Roll Mystery,United States,Spike Brandt Tony Cervone,"Warner Bros. Animation , Hanna-Barbera",Traditional,Direct-to-Video,[ 144 ],"July 10, 2015 (Digital) July 21, 2015 (DVD and Blu-ray)",79 minutes
2015,Scooby-Doo! Moon Monster Madness,United States,Paul McEvoy,"Warner Bros. Animation , Hanna-Barbera",Traditional,Direct-to-Video,[ 145 ],"February 3, 2015 (Digital) February 17, 2015 (DVD)",80 minutes [ 146 ]
2015,The Secret of Olentzero and Amila Olentzero eta Amilaren sekretua,Spain,Gorka Vázquez,Baleuko S.L. Draftoon Talape,CG animation,,,"December 4, 2015",59 minutes
2015,Seer Movie 5: Rise of Thunder 赛尔号大电影5：雷神崛起,China,Zhangjun Wang,Shanghai Taomi Animation Beijing Enlight Media Beijing Iqiyi Beijing KAKU Cartoon Satellite TV [ 21 ],CG animation,,[ 147 ],"July 23, 2015",90 minutes
2015,Sergiy Radonezhsky. The Legend of Miracle Worker Наследники,Russia,Vladimir Khotinenko,Da-Studio,Traditional,,[ 148 ],"October 22, 2015",
2015,Shaun the Sheep Movie,United Kingdom,"Richard Starzak , Mark Burton","Aardman Animations , StudioCanal",Stop motion,,[ 149 ],"January 24, 2015 ( Sundance ) [ 150 ] February 6, 2015 (United Kingdom) [ 151 ]",85 minutes [ 152 ]
2015,Shimajiro and the Mother Tree,Japan,Isamu Hirabayashi,"Benesse, The Answer Studio","Live Action, Traditional",,[ 153 ],"January 1, 2015",61 minutes
2015,Sinbad: Sora Tobu Hime to Himitsu no Shima,Japan,Shinpei Miyashita,"Nippon Animation , Shirogumi",Traditional,,[ 154 ],"July 4, 2015",50 minutes [ 155 ]
2015,Snow White: The Mysterious Father 白雪公主之神秘爸爸,China,Ben Zhao,,CG animation,,[ 156 ],"August 14, 2015",78 minutes
2015,Snowtime! La Guerre des tuques 3D,Canada,Jean-François Pouliot,CarpeDiem Film & TV,CG animation,,[ 157 ],"November 13, 2015",82 minutes
2015,Space Forces 2911 Uzay Kuvvetleri 2911,Turkey,Şahin Michael Derun,Animaj,CG animation,,[ 158 ],"April 20, 2015",91 minutes
2015,The SpongeBob Movie: Sponge Out of Water,United States,"Paul Tibbitt , Mike Mitchell","Paramount Pictures , Paramount Animation , Nickelodeon Movies",Traditional/CGI animation/Live-Action,,[ 159 ] [ 160 ],"January 28, 2015 (Belgium) [ 161 ] [ 162 ] February 6, 2015 (United States)",92 minutes [ 163 ]
2015,Strange Magic,United States,Gary Rydstrom,"Lucasfilm , Lucasfilm Animation , Industrial Light & Magic",CGI animation,,[ 164 ],"January 23, 2015",99 minutes [ 165 ] [ 166 ]
2015,Tamayura: Sotsugyō Shashin Dai-1-bu -Kizashi-,Japan,Junichi Sato,TYO Animations,Traditional,,[ 167 ],"April 4, 2015",52 minutes (Part 1) [ 168 ]
2015,Tamayura: Sotsugyō Shashin Dai-2-bu -Hibiki-,Japan,Junichi Sato,TYO Animations,Traditional,,[ 167 ],"August 29, 2015",52 minutes (Part 2) [ 169 ]
2015,Tamayura 3,Japan,Junichi Sato,TYO Animations,Traditional,,[ 167 ],"November 28, 2015",51 minutes (Part 3) [ 170 ]
2015,Ted 2,United States,Seth MacFarlane,Universal Pictures,Live-Action-CGI,,,"June 26, 2015",115 minutes
2015,Teenage Mao Zedong 少年毛泽东,China,Lei Junlin,,CG animation,,[ 171 ],"April 30, 2015",76 minutes
2015,Thomas & Friends: Sodor's Legend of the Lost Treasure,United States,David Stoten,"Arc Productions , HiT Entertainment",CG animation,,[ 172 ],"July 17, 2015 ( United Kingdom ) [ 173 ] September 8, 2015 ( United States )",60 minutes (UK) 63 minutes (US)
2015,Three Heroes. Horse Course Три богатыря. Ход конём,Russia,Konstantin Feoktisov,"CTB Film Company, Melnitsa Animation Studio",Traditional,,[ 174 ] [1],"January 1, 2015",74 minutes
2015,The Three Pigs and the Lamp 三只小猪与神灯,China,Wei Liu,Mili Pictures,CG animation,,[ 175 ],"July 4, 2015",80 minutes
2015,Tom and Jerry: Spy Quest,United States,"Spike Brandt , Tony Cervone","Warner Bros. Animation , Hanna-Barbera , Turner Entertainment",Traditional,Direct-to-Video,[ 176 ],"June 9, 2015 (Digital) June 23, 2015 (DVD)",73 minutes
2015,Top Cat Begins,Mexico India,Andres Couturier,Ánima Estudios,CG animation,,[ 177 ],"October 30, 2015 [ 178 ]",90 minutes [ 179 ]
2015,"Trenk, the Little Knight Ritter Trenk",Germany Austria,Anthony Power,"Blue Eyes Fiction, WunderWerk, Dor Film Produktionsgesellschaft",Traditional,,[ 180 ],"November 5, 2015",75 minutes
2015,Two Buddies and a Badger Knutsen & Ludvigsen og den fæle Rasputin,Norway,Rasmus A. Sivertsen Rune Spaans,Tordenfilm AS Qvisten Animation Neofilm Atmo Media Network Film Fund FUZZ,CG animation,,[ 181 ],"September 20, 2015 ( Trondheim ) September 25, 2015 (Norway)",75 minutes
2015,UFO Gakuen no Himitsu,Japan,Isamu Imakake,IRH Press Co.,Traditional,,[ 8 ],"October 10, 2015",125 minutes
2015,VeggieTales: Noah's Ark,United States,Mike Nawrocki,Big Idea Productions,CG animation,Direct-to-Video,,"March 3, 2015 [ 182 ]",50 minutes
2015,"Wake Up, Girls! Beyond the Bottom",Japan,Yutaka Yamamoto,Ordet,Traditional,,[ 183 ],"December 11, 2015",53 minutes
2015,"Wake Up, Girls! The Shadow of Youth",Japan,Yutaka Yamamoto,Ordet,Traditional,,[ 184 ],"September 25, 2015",55 minutes
2015,When Black Birds Fly,United States,Jimmy ScreamerClauz,Draconian Films,CG animation,,[ 185 ],"November 13, 2015 (Housecore) January 15, 2016",95 minutes
2015,Where's the Dragon? 龙在哪里？,China,Sing-Choong Foo,Beijing Dedao Education Investment Beijing Duobaoshu Entertainment Hongkong Longzai Nali Caihong Engineering [ 21 ] 北京星美影视发行有限公司 [ 21 ],CG animation,,[ 186 ],"October 23, 2015",97 minutes
2015,Wicked Flying Monkeys,Mexico India,Albert Mar,Ánima Estudios,CG animation,,[ 187 ],"April 10, 2015 [ 188 ]",86 minutes
2015,The Winner,China,Dai Mao,,,,[ 189 ],"December 12, 2015",85 minutes
2015,Xinnian is Coming – Uproar of Chuxi,China,"Yu Mingliang, Yang Xiaojun, Liang Donglong","Tianjin Binhai Xinqu Guoshi Jingwei Media Co., Ltd Beijing Guoshi Jingwei Science And Technology Co., Ltd Lasai Guoshi Jingwei Media Co., Ltd Chengdu Guoshi Jingwei Media Co., Ltd Tibet Audio-Video Publishing House",Flash animation,,[ 190 ],"February 19, 2015",80 minutes
2015,Xi You Xin Chuan 2: Zhen Xin Hua Da Mao Xian,China,Chang Liu,,,,[ 191 ],"July 3, 2015",80 minutes
2015,Yoko and His Friends,Spain Russia,"Iñigo Berasategui, Alexey Medvedev, Juanjo Elordi, Rishat Gilmetdinov",Dibulitoon Studio( es ) Somuga Wizart Animation Yokoren Kluba,CG animation,,[ 192 ],"September 13, 2015",80 minutes
2015,Yowamushi Pedal Re: ROAD,Japan,Osamu Nabeshima,TMS/8PAN,Traditional,,,"June 12, 2015",89 minutes
2015,Yowamushi Pedal: The Movie,Japan,Norihiro Naganuma,TMS/8PAN,Traditional,,,"August 28, 2015",90 minutes
2016,Accel World: Infinite Burst,Japan,Masakazu Obara,Sunrise,Traditional,,[ 1 ],"July 23, 2016",82 minutes [ 2 ]
2016,Ajin Part 2: Shōtotsu,Japan,Hiroaki Ando,Polygon Pictures,CG animation,,[ 3 ],"May 6, 2016",106 minutes
2016,Ajin Part 3: Shōgeki,Japan,Hiroaki Ando,Polygon Pictures,CG animation,,[ 4 ],"September 23, 2016",121 minutes
2016,Albert,United States,Max Lang,Nickelodeon Animation Studios,CG animation,,[ 5 ] [ 6 ],"December 9, 2016",43 minutes
2016,Alice Through the Looking Glass,United States,James Bobin,Walt Disney Pictures Roth Films Team Todd Tim Burton Productions,CGI animation/Live-action,,,"May 10, 2016 ( London ) May 27, 2016",113 minutes
2016,Alpha and Omega: Dino Digs,United States Canada,Tim Maltby,Lionsgate Crest Animation Productions,CG animation,Direct-to-video,,"May 10, 2016",47 minutes
2016,Alpha and Omega: The Big Fureeze,United States,Tim Maltby,Lionsgate Crest Animation Productions,CG animation,Direct-to-video,,"November 8, 2016",47 minutes
2016,Anpanman: Nanda and Runda from the Star of Toys ja:それいけ!アンパンマン おもちゃの星のナンダとルンダ,Japan,Jun Kawagoe,Anpanman Production Committee TMS Entertainment,Traditional,,,"July 2, 2016",62 minutes
2016,The Angry Birds Movie,United States Finland,Clay Kaytis Fergal Reilly,Columbia Pictures Rovio Animation,CGI animation,,[ 7 ] [ 8 ],"May 1, 2016 ( Berlin ) May 13, 2016 (Finland) May 20, 2016 (United States and New York City )",97 minutes [ 9 ]
2016,The Ape Story,China,Liu Pan,,CG animation,,[ 10 ],"January 24, 2016",
2016,Ballerina Leap!,France Canada,Éric Summer Eric Warin,L'Atelier Animation,CG snimation,,[ citation needed ],"October 19, 2016 ( Paris ) December 14, 2016 (France) February 24, 2017 (Canada)",89 minutes [ 11 ]
2016,Bamse and the Witch's Daughter Bamse och häxans dotter,Sweden Hungary Germany Taiwan,Christian Ryltenius Maria Blom,SF Studios Tre Vänner,Traditional,,[ 12 ],"December 25, 2016",65 minutes
2016,Barbie: Spy Squad,United States,Conrad Helten,Universal Studios Arc Productions Rainmaker Studios,CGI animation,,,"January 15, 2016 (DVD) March 20, 2016 ( Nickelodeon )",75 minutes
2016,Barbie: Star Light Adventure,United States Canada,Andrew Tan,Arc Productions Mattel Creations,CGI animation,,,"July 30, 2016 (theatrical) August 29, 2016 (home video) October 2, 2016 (television)",79 minutes
2016,Barbie & Her Sisters in A Puppy Chase,United States,Conrad Helten,Universal Studios Arc Productions Rainmaker Studios,CGI animation,,,"October 18, 2016 (DVD) November 13, 2016 (Nickelodeon)",75 minutes
2016,Big Fish & Begonia,China,Liang Xuan Zhang Chun,Beijing Enlight Media B&T Studio,Traditional/CG animation,,[ 13 ],"July 8, 2016",105 minutes
2016,Bling,South Korea United States,Kyung Ho Lee Wonjae Lee,Momentum Pictures Digiart Productions Digital Idea,CG animation,,,"March 3, 2016",82 minutes
2016,BoBoiBoy: The Movie,Malaysia,Nizam Razak,Animonsta Studios,CG animation,,,"March 3, 2016 April 13, 2016 (Indonesia)",100 minutes
2016,Batman: Bad Blood,United States,Jay Oliva,Warner Bros. Animation DC Entertainment The Answer Studio (animation services),Traditional,,,"January 20, 2016 (digital) February 2, 2016 (physical)",72 minutes
2016,Batman: The Killing Joke,United States,Sam Liu,Warner Bros. Animation DC Entertainment The Answer Studio,Traditional,,[ 14 ],"July 22, 2016 ( San Diego Comic-Con ) (United States)",77 minutes [ 15 ]
2016,Batman: Return of the Caped Crusaders,United States,Rick Morales,Warner Bros. Animation DC Entertainment,Traditional,,[ 16 ],"October 6, 2016 ( NYCC ) [ 17 ] October 10, 2016 (United States) [ 18 ]",78 minutes [ 19 ]
2016,Batman Unlimited: Mechs vs. Mutants,United States,Curt Geda,Warner Bros. Animation DC Entertainment,Traditional,,[ 20 ],"July 24, 2016 ( San Diego Comic-Con [ 21 ] ) August 30, 2016 (Digital [ 22 ] ) September 13, 2016 (DVD [ 23 ] )",72 minutes [ 24 ]
2016,The BFG,United States India,Steven Spielberg,Walt Disney Pictures Amblin Entertainment Reliance Entertainment Walden Media The Kennedy/Marshall Company The Roald Dahl Story Company,CGI animation / Live-action,,[ 25 ],"May 14, 2016 ( Cannes ) July 1, 2016 (United States) July 22, 2016 (United Kingdom)",118 minutes
2016,Bobby the Hedgehog,China,Jianming Huang,Beijing Skywheel Entertainment Co. Daysview Animation,CG Animation,,[ 26 ],"July 22, 2016",94 minutes
2016,Boonie Bears: The Big Top Secret,China,Ding Liang Lin Yongchang,Shenzhen Huaqiang Shuzi Dongman You Yang (Tian Jin) Dong Man Culture Media Le Vision Pictures (Tianjin) Fantawild Holdings Pearl River Pictures Dadi Century Films Distribution (Beijing) Tianjin Maoyan Media,CG animation,,[ 27 ],"January 16, 2016",96 minutes
2016,Chaar Sahibzaade: Rise of Banda Singh Bahadur,India,Harry Baweja,Baweja Movies Irealities Technology,CG animation,,,"November 11, 2016",134 minutes
2016,Chain Chronicle: Light of Haecceitas,Japan,Masashi Kudō,Telecom Animation Film Graphinica,Traditional,,[ 28 ],"December 3, 2016 (theatrical release) January 7, 2017",24 minutes
2016,Chhota Bheem Himalayan Adventures [ citation needed ],India,Rusauro B. Adorable,Green Gold Animation,CG animation,,[ 29 ],"January 8, 2016",97 minutes
2016,Code Geass: Boukoku no Akito Final,Japan,Kazuki Akane,Sunrise,Traditional,,[ 30 ],"February 6, 2016",60 minutes
2016,Crayon Shin-chan: Fast Asleep! Dreaming World Big Assault!,Japan,Wataru Takahashi,Shin-Ei Animation,Traditional,,[ 31 ],"April 16, 2016",96 minutes
2016,DC Super Hero Girls: Hero of the Year,United States,Cecilia Aranovich,Warner Bros. Animation DC Entertainment Mattel Playground Productions,Traditional,,[ 32 ],"July 24, 2016 ( San Diego Comic-Con [ 33 ] ) August 9, 2016 (Digital) August 23, 2016 (DVD) [ 34 ]",76 minutes
2016,Deity Hunt,China,,,CG animation,,[ 35 ],,85 minutes
2016,Detective Conan: Junkoku no Nightmare,Japan,Kobun Shizuno,TMS Entertainment,Traditional,,[ 36 ],"April 16, 2016 [ 37 ]",112 minutes
2016,Digimon Adventure tri. Determination,Japan,Keitaro Motonaga,Toei Animation,Traditional,,[ 38 ],"March 12, 2016",84 minutes (Part 2) [ 39 ]
2016,Digimon Adventure tri. Confession,Japan,Keitaro Motonaga,Toei Animation,Traditional,,[ 38 ],"September 24, 2016",101 minutes (Part 3) [ 40 ]
2016,Dōkyūsei,Japan,Shouko Nakamura,A-1 Pictures,Traditional,,[ 41 ] [ 42 ],"February 20, 2016 May 6, 2016 ( NA )",60 minutes
2016,"Dofus, book 1: Julith",France,Anthony Roux Jean-Jacques Denis,Ankama Animations,Traditional,,[ 43 ],"November 7, 2015 (Arras Film Festival) November 22, 2015 ( Paris International Fantastic Film Festival ) February 3, 2016",100 minutes
2016,Doraemon: Nobita and the Birth of Japan 2016,Japan,Shinnosuke Yakuwa,Shin-Ei Animation,Traditional,,[ 44 ],"March 5, 2016 [ 45 ]",104 minutes
2016,The Dragon Spell,Ukraine,Depoyan Manuk,Panama Grand Prix,CG animation,,[ 46 ] [ 47 ] [ 48 ],"October 13, 2016",85 minutes
2016,Eiga Precure All Stars Minna de Utau♪ Kiseki no Mahō,Japan,,Toei Animation,Traditional,,[ 49 ],"March 19, 2016",70 minutes
2016,El Americano: The Movie,United States Mexico,"Ricardo Arnaiz, Mike Kunkel",Animex Anáhuac Films Olmos Productions Phil Roman Entertainment,CG animation,,[ 50 ] [ 51 ] [ 52 ],"January 22, 2016 (Mexico) [ 52 ] June 13, 2017 (United States) [ 53 ]",87 minutes
2016,The Emperor's New Clothes,China,Li Xia,,CG animation,,[ 54 ],"January 1, 2016",78 minutes
2016,Ethel & Ernest,United Kingdom Luxembourg,Roger Mainwood,BBC Lupus Films Ethel & Ernest Productions Melusine Productions Cloth Cat Animation BFI Ffilm Cymru Wales Film Fund Luxembourg,Traditional,,[ 55 ] [ 56 ] [ 57 ],"October 15, 2016 (London Film Festival) December 28, 2016",94 minutes [ 58 ]
2016,Finding Dory,United States,Andrew Stanton,Pixar Animation Studios,CGI animation,,,"June 8, 2016 ( El Capitan Theatre ) June 17, 2016",97 minutes [ 59 ]
2016,Friends Forever - A Pig's Tale Mullewapp – Eine schöne Schweinerei,Germany,Theresa Strozyk,MotionWorks Melusine Productions,CG animation,,[ citation needed ],"July 14, 2016",72 minutes
2016,The Frog Kingdom 2: Sub-Zero Mission,China,Chang Guang Xi Peng Fei,,CG animation,,[ 60 ],"February 19, 2016",87 minutes
2016,Fruity Robo The Great Escape,China,Wang Wei,,CG animation,,[ 61 ],"January 24, 2016",81 minutes
2016,Gantz: O,Japan,Yasushi Kawamura,Digital Frontier,CG animation,,[ 62 ],"October 14, 2016",96 minutes
2016,Garakowa -Restore the World-,Japan,Masashi Ishihama,A-1 Pictures,Traditional,,[ 63 ],"January 9, 2016",67 minutes
2016,Garo: Divine Flame,Japan,Yuichiro Hayashi,MAPPA,Traditional,,[ 64 ],"May 21, 2016",78 minutes
2016,Gekijōban Aikatsu Stars!,Japan,,,Traditional,,[ 65 ],"August 13, 2016",59  minutes
2016,Gekijōban Tantei Opera Milky Holmes ~Gyakushū no Milky Holmes~,Japan,Hiroaki Sakurai,J.C. Staff,Traditional,,[ 66 ],"February 27, 2016",70  minutes
2016,Gekijoban Shimajiro no Wao! Shimajiro to Ehon no Kuni,Japan,Isamu Hirabayashi,Benesse,Traditional/Live Action,,[ 67 ],"March 11, 2016",61  minutes
2016,Get Santa Den magiske juleæske [ citation needed ],Sweden Denmark,Jacob Ley,Copenhagen Bombay,Stop motion,,[ 68 ],"November 10, 2016",90 minutes [ 69 ]
2016,The Girl Without Hands La Jeune Fille sans mains,France,Sébastien Laudenbach,Les Films Sauvages Les Films Pelléas,Traditional,,[ citation needed ],"May 12, 2016 ( Cannes ) December 14, 2016",76 minutes
2016,Ghost Patrol,Canada,Karen J. Lloyd,Eh-Okay Entertainment Inc DHX Media/Vancouver,CG animation,,,"October 21, 2016",47 minutes
2016,Godbeast Megazord: Return of Green Dragon,China,Zhu Xiaobing Huang Yiqing,Pearl River Film Group Guangzhou Dali Animation Beijing KAKU Cartoon Satellite TV [ 70 ] Pearl River Pictures [ 70 ],CG animation,,[ 71 ],"September 15, 2016",87 minutes [ 72 ]
2016,Hitler's Folly,United States,Bill Plympton,Plymptoons,Mockumentary,,,"June 3, 2016",67 minutes
2016,Hood's Mad Animals Бременские разбойники,Russia,Aleksey Lukyanchikov,Central Partnership Star Media Film,Traditional,,[ 73 ],"November 10, 2016",73 minutes
2016,Howard Lovecraft and the Frozen Kingdom,Canada,Sean Patrick O'Reilly,Arcana Studio,CG animation,,[ 74 ] [ 75 ],"October 3, 2016",83 minutes
2016,I Am Nezha,China,Shu Zhan,,CG animation,,[ 76 ],"October 1, 2016",83 minutes [ 72 ]
2016,Ice Age: Collision Course,United States,Mike Thurmeier Galen T. Chu,Blue Sky Studios,CGI animation,,[ 77 ] [ 78 ],"June 19, 2016 ( Sydney Film Festival ) July 22, 2016",91 minutes [ 79 ]
2016,In the Forest of Huckybucky Dyrene i Hakkebakkeskogen,Norway,Rasmus A. Sivertsen,Qvisten Animation,Stop motion,,[ citation needed ],"December 25, 2016",75 minutes
2016,In This Corner of the World Kono Sekai no Katasumi ni,Japan,Sunao Katabuchi,MAPPA,Traditional,,[ 80 ],"October 28, 2016 ( TIFF ) November 12, 2016 December 20, 2019 (extended version)",129 minutes (original version) 168 minutes (extended version)
2016,Ivan Tsarévitch et la Princesse Changeante,France,Michel Ocelot,Canal+ Nord-Ouest Films Studio O,,,[ 81 ],"September 28, 2016",57 minutes
2016,"Dofus, book 1: Julith",France,Anthony Roux Jean-Jacques Denis,Ankama Animations,Traditional,,[ 43 ],"November 7, 2015 (Arras Film Festival) November 22, 2015 ( Paris International Fantastic Film Festival ) February 3, 2016",100 minutes
2016,Izzie's Way Home,United States,Sasha Burrow,The Asylum,CG animation,,,"May 17, 2016",75 minutes [ 82 ]
2016,Justice League vs. Teen Titans,United States,Sam Liu,Warner Bros. Animation DC Entertainment MOI Animation (animation services),Traditional,,,"March 26, 2016 ( WonderCon ) March 29, 2016 (United States)",79 minutes
2016,The Jungle Book,United States,Jon Favreau,Walt Disney Pictures Fairview Entertainment,CGI animation/Live-action,,,"April 15, 2016",106 minutes
2016,Jak uratować mamę,Poland,"Daniel Zduńczyk, Marcin Męczkowski",Virtual Magic,Traditional/CG animation,,[ 83 ] [ 84 ],"June 5, 2016",86 minutes
2016,Kabaneri of the Iron Fortress Recap 1: Gathering Light,Japan,Tetsurō Araki,Wit Studio,Traditional,,[ 85 ] [ 86 ],"December 31, 2016 (part 1)",107 minutes (part 1) [ 87 ]
2016,KanColle: The Movie,Japan,Keizō Kusakawa,Diomedéa,Traditional,,[ 88 ] [ 89 ],"November 26, 2016",95 minutes [ 90 ]
2016,Kikoriki: Legend of the Golden Dragon Смешарики. Легенда о золотом драконе,Russia,Denis Chernov,Petersburg Animation Studio,CG animation,,[ 91 ],"March 17, 2016",80 minutes
2016,King of Prism by PrettyRhythm,Japan,Masakazu Hishida,Tatsunoko Production,Traditional,,[ 92 ],"January 9, 2016",60 minutes
2016,Kingsglaive: Final Fantasy XV,Japan,Takeshi Nozue,Visual Works Digic Pictures Image Engine Marza Animation Planet,CG animation,,,"July 9, 2016",110 minutes [ 93 ]
2016,Kin-iro Mosaic: Pretty Days,Japan,Tensho,Studio Gokumi AXsiZ,Traditional,,[ 94 ],"November 12, 2016",50 minutes
2016,Kizumonogatari Part 1: Tekketsu,Japan,Tatsuya Oishi,Shaft,Traditional,,[ 95 ],"January 8, 2016",64 minutes [ 2 ]
2016,Kizumonogatari II: Nekketsu-hen,Japan,Tatsuya Oishi,Shaft,Traditional,,[ 96 ],"August 19, 2016",69 minutes
2016,Kubo and the Two Strings,United States,Travis Knight,Laika,Stop motion/CGI animation,,[ 97 ],"August 13, 2016 ( MIFF ) August 19, 2016",102 minutes [ 98 ]
2016,Kung Fu Panda 3,United States China,Jennifer Yuh Nelson Alessandro Carloni,DreamWorks Animation China Film Group Corporation Oriental DreamWorks Zhong Ming You Ying Film,CGI animation,,[ 99 ] [ 100 ],"January 23, 2016 (China) March 25, 2016",95 minutes [ 101 ]
2016,Kunta 2,China,Lian Li,,,,[ 102 ],"January 1, 2016",
2016,The Land Before Time XIV: Journey of the Brave,United States,Davis Doi,Universal Animation Studios Universal 1440 Entertainment,Traditional,,,"February 2, 2016",82 minutes
2016,La Leyenda del Chupacabras,Mexico,Alberto Rodriguez,Ánima Estudios,Traditional,,[ 103 ] [ 104 ],"October 21, 2016",82 minutes
2016,The Legend of Shankhadhar,Nepal,Sanyukta Shrestha,Yantrakala Studios Pvt Ltd,Flash animation,,[ 105 ] [ 106 ],"December 17, 2016",55 Minutes
2016,Lego DC Comics Super Heroes: Justice League – Cosmic Clash,United States,Rick Morales,Warner Bros. Animation DC Entertainment,CG animation,,[ 107 ],"February 9, 2016 (Digital) March 1, 2016 (Blu-ray and DVD)",78 minutes
2016,Lego DC Comics Super Heroes: Justice League – Gotham City Breakout,United States,Matt Peters Melchior Zwyer,Warner Bros. Animation LEGO DC Entertainment,CG animation,,[ 108 ],"June 21, 2016 (Digital) July 12, 2016 (DVD and Blu-ray)",78 minutes
2016,Lego Scooby-Doo! Haunted Hollywood,United States,Rick Morales,Warner Bros. Animation The Lego Group,CG animation,,[ 109 ],"May 10, 2016",75 minutes [ 110 ]
2016,Little Door Gods,China,Gary Wang,Light Chaser Animation Studios,CG animation,,[ 111 ],"December 25, 2015 [ 112 ]",107 minutes 86 minutes (United States Version)
2016,Lost in the Moonlight 달빛궁궐 (Dal-bit-gung-gwol),South Korea,Hyun-Joo Kim,Studio Holhory co Seok-joon,Traditional,,[ 113 ],"September 7, 2016",80 minutes
2016,Louise by the Shore Louise en hiver,France,Jean-François Laguionie,JPL films,Traditional/CG animation,,[ citation needed ],"June 15, 2016 ( Annecy ) November 23, 2016",75 minutes
2016,McDull: Rise of the Rice Cooker,China Hong Kong,Brian Tse,Sunwah Media,CG animation,,[ 114 ],"September 15, 2016",90 minutes [ 72 ]
2016,Moana,United States,Ron Clements John Musker,Walt Disney Animation Studios,CGI animation,,[ 115 ],"November 14, 2016 ( AFI Fest ) November 23, 2016",107 minutes
2016,Monster Strike The Movie,Japan,Shinpei Ezaki,Liden Films Ultra Super Pictures XFlag Pictures,Traditional,,[ 116 ],"December 10, 2016",103 minutes [ 117 ]
2016,Monster Trucks,United States,Chris Wedge,Nickelodeon Movies Disruption Entertainment,CGI animation / Live-action,,,"December 21, 2016",105 minutes
2016,Motu Patlu: King Of Kings,India,Suhas D. Kadav,Viacom 18 Motion Pictures Cosmos Entertainment Maya Digital Studios,CG animation,,[ 118 ],"October 19, 2016",110 minutes
2016,Mr. Nian,China,Yang Zhang,Tianjin Maoyan Media,CG animation,,[ 119 ],"February 8, 2016",97 minutes [ 120 ]
2016,Murderous Tales Smrtelné historky,Czech Republic Slovakia,Jan Bubenícek,T.H.A.,Puppet Stop motion/CG animation,,,"March 24, 2016 (Febiofest International Film Festival)",80 minutes
2016,"My Dogs, JinJin & Akida 우리집 멍멍이 진진과 아키다 (U-li-jip Meong-meong-i Jin-jin-gwa A-ki-da)",South Korea,Jong-Duck Cho,Korean Academy of Film Arts,Traditional,,[ 121 ],"October 22, 2016 (Bucheon International Animation Festival)",67 minutes
2016,My Entire High School Sinking Into the Sea,United States,Dash Shaw,Washington Square Films Electric Chinoland Low Spark Films,Traditional,,[ 122 ] [ 123 ] [ 124 ],"September 11, 2016 ( TIFF ) April 14, 2017",75 minutes
2016,My Life as a Zucchini Ma vie de Courgette,France Switzerland,Claude Barras,Gebeka Films Blue Spirit Productions,Stop motion,,[ 125 ],"May 15, 2016 ( Cannes ) September 22, 2016 (Switzerland) October 19, 2016 (France)",65 minutes [ 126 ]
2016,My Little Pony: Equestria Girls – Legend of Everfree,Canada United States,Ishi Rudell Katrina Hadley,Hasbro Studios DHX Media,Flash animation,,Television film,"September 24, 2016 ( Discovery Kids Latin America ) October 1, 2016 ( Netflix in the United States and Canada)",73 minutes
2016,Naze Ikiru: Rennyo Shounin to Yoshizaki Enjou,Japan,Hideaki Ōba,,Traditional,,[ 127 ] [ 128 ],"May 21, 2016",86 minutes
2016,Nerdland,United States,Chris Prynoski,"Titmouse, Inc.",Flash animation,,[ 129 ],"April 14, 2016 ( Tribeca Film Festival ) December 6, 2016",83 minutes [ 130 ]
2016,New Happy Dad and Son 2: The Instant Genius,China,He Cheng,"Luming Pictures Zhong Yang Television Station Yang Shi Dong Hua China Radio, Film & TV Programs Exchanging Center Beijing E Xi E Entertainment Production Xi'an Qujiang Film&TV Investment Group Heyi Information Technology (Beijing) [ 131 ] China Film Group Corporation Beijing E Xi E Entertainment Production Wuzhou Film Distribution Eastern Mordor Sihai Distribution Association Beijing Weiying Shidai Technology Tianjin Maoyan Media Xi'an Qujiang Film&TV Investment Group [ 131 ]",CG animation,,[ 132 ],"August 19, 2016",85 minutes [ 131 ]
2016,Norm of the North,United States India,Trevor Wall,Assemblage Entertainment Splash Entertainment Telegael,CG animation,,[ 133 ],"January 15, 2016 (United States) [ 134 ] March 18, 2016 (Ireland)",88 minutes [ 135 ]
2016,Nova Seed,Japan Canada,Nick DiLiberto,Gorgon Pictures House of Cool,Traditional,,[ 136 ] [ 137 ],"April 23, 2016 (Toronto Animation Arts Festival International)",64 minutes
2016,The Oddsockeaters Lichozrouti,Czech Republic Slovakia Croatia,Galina Miklínová,T.H.A.,CG animation,,,"October 22, 2016",83 minutes
2016,Omnivirtuous Srimanta Sankardeva,India,Manju Borah,AM Television,CG Animation,,[ 138 ],"November 11, 2016 [ 139 ]",140 minutes
2016,One Piece Film: Gold,Japan,Hiroaki Miyamoto,Toei Animation,Traditional,,[ 140 ],"July 15, 2016 ( Emirates Palace ) July 23, 2016",120 minutes
2016,Orange: Future,Japan,Naomi Nakayama Hiroshi Hamasaki,Telecom Animation Film TMS Entertainment,Traditional,,[ 141 ],"November 18, 2016",63 minutes
2016,Ozzy,Spain Canada,Alberto Rodríguez Nacho La Casa,Arcadia Motion Pictures Tangent Animation,CG animation,,[ citation needed ],"October 14, 2016",90 minutes
2016,Pete's Dragon,United States,David Lowery,Walt Disney Pictures Whitaker Entertainment,CGI animation/Live-action,,,"August 12, 2016",103 minutes
2016,"Persona 3 The Movie: No. 4, Winter of Rebirth",Japan,Tomohisa Taguchi,A-1 Pictures,Traditional,,[ 142 ],"January 23, 2016",105 minutes [ 143 ]
2016,Pixi Post & the Gift Bringers Pixi Post y los genios de Navidad,Spain Colombia,Gorka Sesma,Somuga Bitebilau Digitz Films,CG animation,,,"December 23, 2016",90 minutes
2016,Pokémon the Movie: Volcanion and the Mechanical Marvel,Japan,Kunihiko Yuyama,OLM,Traditional,,[ 144 ],"July 16, 2016",95 minutes
2016,Pop In Q,Japan,Naoki Miyahara,Toei Animation,Traditional,,[ 145 ],"December 23, 2016",95 minutes
2016,PriPara Mi~nna no Akogare Let's Go PriPari,Japan,Makoto Moriwaki,Tatsunoko Production,Traditional,,[ 146 ],"March 12, 2016",60 minutes
2016,Quackerz Крякнутые каникулы,Russia,Victor Lakeshow,Asymmetric VFX Studio ROME Animation & Film Studio,CG animation,,[ 147 ],"February 14, 2016",81 minutes
2016,Ratchet & Clank,United States Canada,"Kevin Munroe , Jericca Cleland",Rainmaker Entertainment Blockade Entertainment PlayStation Originals CNHK Media China Film Financial Services Original Force Insomniac Games,CG animation,,[ 148 ],"April 29, 2016 [ 149 ]",94 minutes [ 150 ]
2016,The Red Turtle,Japan France,Michaël Dudok de Wit,Studio Ghibli Wild Bunch Prima Linea Productions Why Not Productions Arte France Cinéma CN4 Productions Belvision,Traditional,,[ 151 ],"May 18, 2016 ( Cannes ) June 29, 2016 (France) September 17, 2016 (Japan)",80 minutes
2016,Revengeance,United States,Bill Plympton Jim Lujan,Plymptoons,Traditional,,[ 152 ] [ 153 ] [ 154 ],"September 15, 2016 (L'Étrange Festival, Paris, France)",76 minutes [ 155 ]
2016,Robinson Crusoe The Wild Life,Belgium France,Vincent Kesteloot Ben Stassen,StudioCanal nWave Pictures Illuminata Pictures,CG Animation,,,"February 5, 2016 (Brussels Animation Film Festival) March 30, 2016 (Belgium) April 20, 2016 (France)",90 minutes
2016,Rock Dog,United States China,Ash Brannon,Summit Premiere H. Brothers Mandoo Pictures H. Brothers Entertainment Eracme Entertainment Dream Factory Group Reel FX Animation Studios,CGI animation,,[ 156 ],"June 15, 2016 ( SIFF ) [ 157 ] July 8, 2016 (China) [ 158 ] [ 159 ] February 24, 2017 (United States)",80 minutes [ 160 ]
2016,Rudolf the Black Cat Rudorufu to Ippaiattena,Japan,Kunihiko Yuyama Mikinori Sakakibara,"Sprite Animation Studios OLM, Inc. OLM Digital",CG animation,,[ 161 ],"August 6, 2016",90 minutes [ 2 ]
2016,Sausage Party,United States Canada,Greg Tiernan Conrad Vernon,Columbia Pictures Annapurna Pictures Point Grey Pictures,CGI animation,,[ 162 ],"March 14, 2016 ( SXSW ) August 12, 2016 (United States)",89 minutes [ 163 ]
2016,Saving Sally,Philippines,Avid Liongoren,Rocketsheep Studios,Traditional/Live action,,,"December 25, 2016",94 minutes [ 164 ]
2016,Scooby-Doo! and WWE: Curse of the Speed Demon,United States,Tim Divar,Warner Bros. Animation WWE Studios,Traditional,,[ 165 ],"July 23, 2016 ( San Diego Comic-Con ) [ 166 ] July 26, 2016 (Digital) [ 167 ] August 9, 2016 (DVD & Blu-ray)",82 minutes [ 168 ]
2016,The Secret Life of Pets,United States,Chris Renaud,Illumination Entertainment,CGI animation,,[ 169 ] [ 170 ] [ 171 ] [ 172 ] [ 173 ],"June 16, 2016 ( AIAFF ) July 8, 2016",86 minutes [ 174 ]
2016,The Secret Princess,United Kingdom,Segun Williams,Transtales Entertainment,CG animation,,[ 175 ],"February 14, 2016",94 minutes
2016,Selector Destructed WIXOSS,Japan,Takuya Satō,J.C. Staff,Traditional,,[ 176 ],"February 13, 2016",91 minutes [ 177 ]
2016,Seoul Station,South Korea,Yeon Sang-ho,Traditional/CG animation,,,[ 178 ],"August 18, 2016",92 minutes
2016,Sheep and Wolves Волки и овцы: бееезумное превращение,Russia,Andrey Galat Maksim Volkov,Wizart Animation CTB Film Company,CG animation,,[ 179 ],"April 28, 2016",85 minutes [ 180 ]
2016,Shimajiro In Bookland,Japan,Isamu Hirabayashi,Benesse The Answer Studio,Traditional/Live Action,,[ 181 ],"March 11, 2016",61 minutes
2016,Shinjuku,United States,Robert Valley,Twistory Studios Picture Rock,Traditional,,[ 182 ],2013,12 minutes
2016,A Silent Voice,Japan,Naoko Yamada,Kyoto Animation,Traditional,,[ 183 ],"September 17, 2016",130 minutes [ 184 ] [ 185 ]
2016,Sinbad: Pirates of the Seven Storms,Russia,Vlad Barbe,CTB Film Company,Traditional,,[1],"October 27, 2016",74 minutes
2016,Sing,United States,Garth Jennings,Illumination Entertainment,CGI animation,,[ 186 ],"September 11, 2016 ( TIFF ) December 21, 2016",108 minutes [ 187 ]
2016,Smart,United States China,John A. Davis,Xing Xing Digital Pelagius Entertainment,,,[ 188 ],,
2016,The Snow Queen 3: Fire and Ice Снежная королева 3: Огонь и лёд,Russia,Aleksey Tsitsilin,Wizart Animation 3Beep,CG animation,,[ 189 ],"December 29, 2016",89 minutes [ 190 ]
2016,Sound! Euphonium: The Movie – Welcome to the Kitauji High School Concert Band,Japan,Tatsuya Ishihara,Kyoto Animation,Traditional,,[ 191 ],"April 23, 2016",103 minutes
2016,Spark,United States Canada South Korea,Aaron Woodley,ToonBox Entertainment,CG animation,,[ 192 ],"April 22, 2016 (TAAFI) [ 193 ] April 14, 2017 (United States) April 28, 2017 (Canada)",90 minutes
2016,Storks,United States,Doug Sweetland Nicholas Stoller,Warner Animation Group RatPac-Dune Entertainment Stoller Global Solutions,CGI animation,,[ 194 ] [ 195 ] [ 196 ],"September 17, 2016 ( Regency Village Theater ) September 23, 2016",87 minutes [ 197 ]
2016,Suki ni Naru Sono Shunkan o: Kokuhaku Jikkō Iinkai,Japan,Tetsuya Yanagisawa,Qualia Animation,Traditional,,[ 198 ],"December 17, 2016",63 minutes
2016,"The Swan Princess: Princess Tomorrow, Pirate Today",United States India,Richard Rich,Lionsgate Crest Animation Productions,CG Animation,Direct-to-video,,"September 6, 2016",81 minutes
2016,"Tales of the First People, Vol I: Spirit Tales",Canada,Chris Kientz,New Machine Studios,CG animation,,,September 2016 (limited),90 minutes
2016,Tamayura 4,Japan,Jun'ichi Satô,TYO Animations,Traditional,,[ 199 ],"April 2, 2016",58 minutes [ 200 ]
2016,The Tayo Movie: Missing: Ace,South Korea,"Kim, Min-sung",Iconix Entertainment EBS Kl Studio Gale,CG animation,,,"January 21, 2016",47 minutes
2016,Ted Sieger's Molly Monster [ citation needed ],Switzerland Germany Sweden,Matthias Bruhn<br /Michael Ekbladh Ted Sieger,Alexandra Schatz Filmproduktion Little Monster Sluggerfilm TrickStudio Lutterbeck,Traditional,,[ 201 ],"February 15, 2016 ( Berlinale ) September 8, 2016 (Germany)",72 minutes [ 202 ]
2016,Teenage Mutant Ninja Turtles: Out of the Shadows,United States,Dave Green,Paramount Pictures Nickelodeon Movies Platinum Dunes Gama Entertainment Mednick Productions Smithrowe Entertainment,CGI animation/Live-action,,,"June 3, 2016",112 minutes
2016,Throne of Elves,China,Yuefeng Song,Beijing Enlight Pictures,CG animation,,[ 203 ],"August 19, 2016",104 minutes [ 72 ]
2016,Tom and Jerry: Back to Oz,United States,Spike Brandt Tony Cervone,Warner Bros. Animation Turner Entertainment Hanna-Barbera,Traditional,,[ 204 ],"June 21, 2016",81 minutes
2016,Trolland,United States,Ron Thornton,SMV Complete Media The Asylum,CG animation,,,"October 25, 2016",77 minutes
2016,Trolls,United States,Mike Mitchell,DreamWorks Animation,CGI animation,,[ citation needed ] [ 205 ] [ 206 ],"October 8, 2016 ( BFI London Film Festival ) November 4, 2016",93 minutes [ 207 ]
2016,Upin & Ipin: Jeng Jeng Jeng!,Malaysia,Ainon Ariff Erma Fatima,Les' Copaque Production KRU Studios MNC Pictures,CG animation/Live-action,,[ 208 ] [ 209 ],"November 24, 2016",97 minutes
2016,Woozle & Pip in Search of the Scallywagger! Woezel & Pip Op zoek naar de Sloddervos!,Netherlands,Patrick Raats,TDMP Dreamchaser Europe Source Investments KRO-NCRV Il Luster Productions Anikey Studios,Flash animation,,,"January 20, 2016",70 minutes
2016,Yo-kai Watch: Sora Tobu Kujira to Double no Sekai no Daibōken da Nyan!,Japan,Shigeharu Takahashi Shinji Ushiro,"OLM, Inc.",CG animation/Live-action,,[ 210 ],"December 17, 2016",90 minutes
2016,Your name. Kimi no Na wa,Japan,Makoto Shinkai,CoMix Wave Films,Traditional,,[ 211 ],"July 3, 2016 ( Anime Expo ) August 26, 2016 (Japan)",107 minutes [ 212 ]
2016,Yowamushi Pedal: Spare Bike,Japan,Osamu Nabeshima,TMS/8PAN,,,[ citation needed ],"September 9, 2016",60 minutes
2016,Yu-Gi-Oh!: The Dark Side of Dimensions,Japan,Satoshi Kuwabara,Studio Gallop,Traditional,,[ 213 ],"April 23, 2016",131 minutes
2016,Yugo & Lala 3,China,Wang Yunfei,"Jiangsu Youman Cartoon TV Beijing Qixinran Entertainment Cheers Tone Beijing Qi Cartoon Animation, [ 214 ] Eastern Mordor Sihai Distribution Association Beijing Weiying Shidai Technology Gewara Tao Piao Piao Tianjin Huayi Brothers Blockbuster Films [ 214 ]",CG animation,,[ 215 ],"July 29, 2016",82 minutes [ 214 ]
2016,Zootopia,United States,Byron Howard Rich Moore Jared Bush,Walt Disney Animation Studios,CGI animation,,[ 216 ],"February 13, 2016 (Belgium) March 4, 2016",108 minutes [ 217 ] [ 218 ]
2016,Zutto Mae Kara Suki Deshita: Kokuhaku Jikkō Iinkai,Japan,Tetsuya Yanagisawa,Qualia Animation,Traditional,,[ 219 ],"April 23, 2016",63 minutes
2017,Alpha and Omega: Journey to Bear Kingdom,United States India,Richard Rich,Lionsgate Crest Animation Productions,CGI animation,,,"May 9, 2017",44 minutes
2017,Ana and Bruno Ana y Bruno,Mexico,Carlos Carrera,Lo Coloco Films Anima Estudios,CGI animation,,[ 1 ],"June 12, 2017 ( Annecy ) August 31, 2018",96 minutes
2017,Ancien and the Magic Tablet Hirune Hime: Shiranai Watashi no Monogatari,Japan,Kenji Kamiyama,Signal.MD,Traditional,,[ 2 ],"March 18, 2017 (Japan) March 18, 2017 (New York International Children's Film Festival) [ 3 ] August 16, 2017 (United Kingdom & Ireland) [ 4 ] June 1, 2017 (Singapore) July 28, 2017 (Malaysia) [ 5 ] August 18, 2017 (United Kingdom) [ 6 ]",111 minutes
2017,Anchors Up Elias og Storegaps Hemmelighet [ citation needed ],Norway,Simen Alsvik Karsten Fullu,Animando Steamheads Studios,CGI animation,,[ 7 ],"October 6, 2017",75 minutes
2017,The Angel in the Clock El ángel en el reloj [ citation needed ],Mexico,Miguel Ángel Uriegas,Fotosintesis Media,Traditional,,[ 8 ],"October 22, 2017 (Morelia Film Festival) May 25, 2018 (Mexico)",91 minutes 80 minutes (South Korea)
2017,Animal Crackers,United States Spain China,Scott Christian Sava Dean Lorey Tony Bancroft,Blue Dream Studios China Film Group Corporation,CGI animation,,[ 9 ],"June 12, 2017 ( Annecy ) July 21, 2018 (China) July 24, 2020 (United States)",105 minutes
2017,Go! Anpanman: Bulbul's Big Treasure Hunt Adventure ja:それいけ!アンパンマン ブルブルの宝探し大冒険!,Japan,Hiroyuki Yano,"Anpanman Production Committee, TMS Entertainment",Traditional,,,"July 1, 2017",62 minutes
2017,Baba Yaga. Inception Баба Яга. Начало,Russia,Vladimir Sakov,Art Pictures Studio Glukoza Production Films based on Baba Yaga,Traditional,,[ 10 ],"November 8, 2018",63 minutes
2017,Backkom Bear: Agent 008,China,Li Qingfang,Alpha Pictures Harbin Pinge Media Pinngo RG Animation Studios,CGI animation,,[ 11 ],"January 13, 2017 (China) May 3, 2017 (South Korea)",86 minutes
2017,Barbaricina History,Russia,Yuriy Mamontov,Slyers Animation Studios,CGI animation,,[ 12 ],"April 13, 2017",60 minutes
2017,Barbie: Video Game Hero,United States,Conrad Helten & Zeke Norton,Universal Studios Arc Productions Rainmaker Studios,CGI animation,,,"January 31, 2017 (DVD) March 26, 2017 ( Nickelodeon )",72 minutes
2017,Barbie: Dolphin Magic,Canada,Conrad Helten,Universal Studios Arc Productions Rainmaker Studios,CGI animation,,,"September 18, 2017 ( Netflix )",61 minutes
2017,Barkley,Taiwan,Li Wei Chiu,Barkley the Cat Beijing Taihe Universal Film Investment Realma DigiMedia Studio2 Animation Lab,CGI animation,,,"November 18, 2017 ( Taipei Golden Horse Film Festival ) December 29, 2017 (Taiwan)",88 minutes
2017,Batman and Harley Quinn,United States,Sam Liu,Warner Bros. Animation DC Entertainment,Traditional,,[ 13 ],"July 21, 2017 ( San Diego Comic-Con ) August 14, 2017",74 minutes
2017,Batman vs. Two-Face,United States,Rick Morales,Warner Bros. Animation DC Entertainment,Traditional,,,"October 8, 2017 ( New York Comic Con ) [ 14 ] October 10, 2017 [ 15 ]",72 minutes
2017,Battle of Persian Gulf II,Iran,Farhad Azima,Fatima Zahra Animation Studios,CGI animation,,[ 16 ] [ 17 ] [ 18 ] [ 19 ],"February 18, 2017",80 minutes [ 20 ]
2017,Beasts of Burden [ citation needed ],China New Zealand,Kirby Atkins,China Film Animation Huhu Studios,CGI animation,,[ 21 ] [ 22 ] [ 23 ],,
2017,The Big Bad Fox and Other Tales... Le Grand Méchant Renard et autres contes ... [ citation needed ],France,Benjamin Renner Patrick Imbert,Folivari Panique! Production,Traditional Flash animation,,[ 24 ],"June 15, 2017 ( Annecy ) June 21, 2017 (France)",83 minutes
2017,Birds Like Us Ptice kao mi [ citation needed ],Bosnia and Herzegovina Turkey United Kingdom Qatar,Faruk Šabanović Amela Ćuhara,PrimeTime Turkish Radio,CGI animation,,[ 25 ],"May 5, 2017 ( Stuttgart ) August 16, 2017 ( Sarajevo ) November 30, 2017 ( Doha ) October 16, 2018 ( Turkey ) January 25, 2022 ( United States )",84 minutes
2017,Black Butler: Book of the Atlantic,Japan,Noriyuki Abe,A-1 Pictures,Traditional,,[ 26 ],"January 21, 2017",100 minutes [ 27 ]
2017,Blame!,Japan,Hiroyuki Seshita,Polygon Pictures,CGI animation,,[ 28 ],"May 20, 2017",106 minutes
2017,Bob the Builder: Mega Machines,United Kingdom,Chris Parker James Mason,HIT Entertainment,CGI animation,,,"May 27, 2017",63 minutes
2017,Boonie Bears: Entangled Worlds,China,Ding Liang,Le vision pictures,CGI animation,,[ 29 ],28 January 2017,89 minutes [ 30 ]
2017,The Boss Baby,United States,Tom McGrath,DreamWorks Animation,CGI animation,,[ 31 ] [ 32 ],"March 12, 2017 ( Miami ) March 31, 2017 (United States)",97 minutes [ 33 ]
2017,The Breadwinner,Ireland Canada Luxemburg,Nora Twomey,Cartoon Saloon Aircraft Pictures,Traditional,,[ 34 ],"September 8, 2017 ( TIFF ) November 17, 2017 ( United States )",94 minutes
2017,Bunyan and Babe,United States India,Tony Bancroft,Exodus Film Group Toonz Entertainment,CGI animation,,[ 35 ] [ 36 ],"January 12, 2017",84 minutes [ 37 ]
2017,Captain Underpants: The First Epic Movie,United States,David Soren,DreamWorks Animation,CGI animation,,[ 38 ],"May 21, 2017 ( Regency Village Theater ) June 2, 2017 (United States)",88 minutes [ 39 ]
2017,CarGo,United States,James Cullen Bressack,The Asylum,CGI animation,,,"June 6, 2017",96 minutes
2017,Cars 3,United States,Brian Fee,Pixar,CGI animation,,[ 40 ],"May 23, 2017 ( Kannapolis ) June 16, 2017 (United States)",102 minutes
2017,Chain Chronicle Light of Haecceitas: Part 2,Japan,Masashi Kudō,Telecom Animation Film Graphinica,Traditional,,[ 41 ],"January 14, 2017",89 minutes
2017,Chain Chronicle Light of Haecceitas: Part 3,Japan,Masashi Kudō,Telecom Animation Film Graphinica,Traditional,,[ 42 ],"February 11, 2017",93 minutes
2017,Cinderella the Cat Gatta Cenerentola,Italy,Alessandro Rak Ivan Cappiello Marino Guarnieri Dario Sansone,Mad Entertainment,CGI animation,,[ 43 ],"September 6, 2017 ( Venice ) September 14, 2017 (Italy)",86 minutes
2017,Coco,United States,Lee Unkrich,Pixar,CGI animation,,[ 44 ],"October 20, 2017 ( Morelia ) [ 45 ] November 22, 2017 (United States)",105 minutes [ 46 ]
2017,Code Geass Lelouch of the Rebellion: Awakening Path,Japan,Gorō Taniguchi,Sunrise,Traditional,,[ 47 ],"October 21, 2017",135 minutes
2017,Condorito: la película,Chile Peru,Alex Orrelle Eduardo Schuldt,"Aronnax Animation Studios Pajarraco Films, LCC",CGI animation,,[ 48 ] [ 49 ],"October 12, 2017 (Latin America) January 12, 2018 (United States)",88 minutes
2017,Crayon Shin-chan: Invasion!! Alien Shiriri,Japan,Masakazu Hashimoto,Toho,Traditional,,[ 50 ],"April 17, 2017",103 minutes
2017,Da Hu Fa [ citation needed ],China,Zhigang Yang (Busifan),Beijing Enlight Media Co. Horgos Coloroom Pictures Tianjin Niceboat Culture Communication,Traditional,,[ 51 ],"July 13, 2017",95 minutes
2017,Detective Conan: Crimson Love Letter,Japan,Kobun Shizuno,Toho,Traditional,,[ 52 ],"April 15, 2017",112 minutes
2017,Deep,Spain Belgium Switzerland,Julio Soto Gurpide,The Thinklab Grid Animation Kraken Films,CGI animation,,[ citation needed ] [ 53 ] [ 54 ],"August 25, 2017",92 minutes
2017,Despicable Me 3,United States,"Pierre Coffin , Kyle Balda",Illumination Entertainment,CGI animation,,[ 55 ],"June 14, 2017 ( Annecy ) June 30, 2017 (United States)",90 minutes [ 56 ]
2017,DC Super Hero Girls: Intergalactic Games,United States,Cecilia Aranovich,Warner Bros. Animation DC Entertainment,Traditional,,[ 57 ] [ 58 ],"May 9, 2017 (Digital) [ 59 ] May 23, 2017 (DVD) [ 60 ]",77 minutes
2017,Digimon Adventure tri. Loss,Japan,Keitaro Motonaga,Toei Animation,Traditional,,[ 61 ],"February 25, 2017",78 minutes (Part 4) [ 62 ]
2017,Digimon Adventure tri. Symbiosis,Japan,Keitaro Motonaga,Toei Animation,Traditional,,[ 63 ],"September 30, 2017",85 minutes (Part 5) [ 64 ]
2017,Doraemon the Movie 2017: Great Adventure in the Antarctic Kachi Kochi,Japan,Atsushi Takahashi,Toho,Traditional,,[ 65 ],"March 4, 2017",101 Minutes
2017,Doru [ citation needed ],Turkey,Can Soysal,Anibera Animation Studios,CGI animation,,[ 66 ],"July 7, 2017",91 minutes
2017,Eureka Seven: Hi-Evolution 1,Japan,Tomoki Kyoda,Bones,Traditional,,[ 67 ],"September 16, 2017 (Part 1)",92 minutes
2017,The Elephant King [ citation needed ],Iran Lebanon,Hadi Mohammadian,Honarpooya Group,CGI animation,,[ 68 ],"May 1, 2017",80 minutes
2017,The Emoji Movie,United States,Tony Leondis,Sony Pictures Animation,CGI animation,,[ 69 ] [ 70 ] [ 71 ],"July 23, 2017 ( Regency Village Theatre ) July 28, 2017 (United States)",86 minutes [ 72 ]
2017,Fairy Tail: Dragon Cry,Japan,Tatsuma Minamikawa,A-1 Pictures,Traditional,,,"May 6, 2017",85 minutes
2017,Fantastic Journey to OZ Урфин Джюс и его деревянные солдаты,Russia,Vladimir Toropchin,Melnitsa Animation Studio [1],CGI animation,,[ 73 ],"April 20, 2017",75 minutes
2017,Fate/kaleid liner Prisma Illya: Vow in the Snow,Japan,Shin Oonuma,Kadokawa Animation Silver Link,Traditional,,[ 74 ] [ 75 ] [ 76 ] [ 77 ] [ 78 ] [ 79 ] [ 80 ],"August 26, 2017",90 minutes
2017,Fate/stay night: Heaven's Feel I. Presage Flower,Japan,Tomonori Sudou,Ufotable,Traditional,,[ 81 ],"October 14, 2017",120 minutes
2017,Ferdinand,United States,Carlos Saldanha,20th Century Fox 20th Century Fox Animation Blue Sky Studios,CGI animation,,[ 82 ],"December 10, 2017 ( Los Angeles ) December 15, 2017 (United States)",108 minutes [ 83 ]
2017,"Fireworks Uchiage hanabi, shita kara miru ka? Yoko kara miru ka? [ citation needed ]",Japan,Akiyuki Shinbo Nobuyuki Takeuchi,Shaft,Traditional,,[ 84 ],"August 18, 2017",90 minutes [ 85 ]
2017,The Fixies: Top Secret Фиксики: Большой секрет,Russia,Vasiko Bedoshvili Andrey Kolpin,Petersburg Animation Studio Aeroplane Productions,CGI animation,,[ 86 ] [ citation needed ],"October 28, 2017",80 minutes
2017,Free! Timeless Medley,Japan,Eisaku Kawanami,Kyoto Animation Animation Do,Traditional,,[ 87 ],"April 22, 2017",95 minutes
2017,Free! Timeless Medley: Part 2,Japan,Eisaku Kawanami,Kyoto Animation Animation Do,Traditional,,[ 87 ],"July 1, 2017",98 minutes
2017,Free! -Take Your Marks!-,Japan,Eisaku Kawanami,Kyoto Animation Animation Do,Traditional,,[ 87 ],"October 28, 2017",100 minutes
2017,GadgetGang in Outer Space BugiGangue no Espaço,Brazil United States India Hungary,Ale McHaddo,44 Toons! Studio56,CGI animation,,[ 88 ] [ 89 ] [ 90 ],"February 23, 2017 (Brazil) July 4, 2017 (United States)",80 minutes [ 91 ]
2017,Genocidal Organ,Japan,Shukō Murase,Manglobe Geno Studio,Traditional,,[ 92 ] [ 93 ] [ 94 ],"February 3, 2017",115 minutes
2017,"Gekijōban Haikara-san ga Tōru Zenpen – Benio, Hana no 17-sai",Japan,Kazuhiro Furuhashi,Nippon Animation,Traditional,,[ 95 ],"November 11, 2017",97 minutes
2017,GG Bond: Guarding,China,Lu Jinming Zhong Yu,Le vision pictures,CGI animation,,[ 96 ],"January 7, 2017",91 minutes [ citation needed ]
2017,Girls und Panzer das Finale: Part 1,Japan,Tsutomu Mizushima,Actas,Traditional,,[ 97 ],"December 9, 2017",47 minutes
2017,Gnome Alone,United States Canada,Peter Lepeniotis,3QU Media Cinesite Vanguard Animation,CGI animation,,[ 98 ],"November 2, 2017 (Greece and Cyprus) [ 99 ]",85 minutes
2017,Godzilla: Planet of the Monsters,Japan,Kobun Shizuno Hiroyuki Seshita,Polygon Pictures,Traditional,,[ 100 ],"November 17, 2017",88 minutes [ 101 ]
2017,Gordon & Paddy Gordon och Paddy [ citation needed ],Sweden,Linda Hambäck,Film i Väst Lee Film,Traditional,,[ 102 ],"December 22, 2017 (Sweden) February 12, 2018 ( Berlinale )",62 minutes
2017,Hanuman Da' Damdaar,India,Ruchi Narain,R.A.T Films Percept Picture Company,Traditional,,[ 103 ],"June 2, 2017",105 minutes
2017,Harvie and the Magic Museum Гурвинек: Волшебная игра Hurvínek a kouzelné muzeum,Russia Czech Republic Belgium,Martin Kotík Inna Evlannikova,KinoAtis Rolling Pictures Grid Animation,CGI animation,,[ 104 ],"August 31, 2017",86 minutes [ 105 ]
2017,Have a Nice Day Hao ji le [ citation needed ],China,Liu Jian,Flagship Entertainment Group Le-Joy Animation Studio,Traditional,,[ 106 ],"February 17, 2017 ( Berlin )",75 minutes
2017,Hey Arnold!: The Jungle Movie,United States,Raymie Muzquiz Stu Livington,"Snee-Oosh, Inc. Nickelodeon Animation Studio",Traditional,,,"November 24, 2017",81 minutes
2017,Howard Lovecraft and the Undersea Kingdom,Canada,Sean Patrick O'Reilly,Arcana Studio,CGI animation,,[ 107 ] [ 108 ] [ 109 ],"October 1, 2017",89 minutes
2017,I'll Just Live in Bando 반도에 살어리랏다 (Ban-do-e Sal-eo-li-lat-da) [ citation needed ],South Korea,Lee Young-sun,AniSEED,Traditional,,[ 110 ],"June 12, 2017 (Annecy International Animation Film Festival) July 16, 2017 (BiFan - Bucheon International Fantastic Film Festival)",85 minutes
2017,The Incredible Story of the Giant Pear Den utrolige historie om den kæmpestore pære [ citation needed ],Denmark,Philip Einstein Lipski Jørgen Lerdam Amalie Næsby Fick,Level K,CGI animation,,[ 111 ],"October 12, 2017",78 minutes
2017,The Jetsons & WWE: Robo-WrestleMania!,United States,Anthony Bell,Warner Bros. Animation Hanna-Barbera WWE Studios,Traditional,,[ 112 ],"February 28, 2017 (Digital) March 14, 2017 (DVD)",82 minutes
2017,The Jungle Bunch Les As de la jungle [ citation needed ],France,David Alaux,TAT Productions SND Groupe M6,CGI animation,,[ 113 ],"June 13, 2017 (Annecy International Animation Film Festival) July 26, 2017 (France)",90 minutes
2017,Journey Beyond Sodor,United Kingdom,David Stoten,HiT Entertainment Mattel Creations,CGI animation,,,"June 23, 2017 (Canada) August 22, 2017 (United States) October 16, 2017 (United Kingdom)",73 minutes
2017,Justice League Dark,United States,Jay Oliva,Warner Bros. Animation DC Entertainment,Traditional,,[ 114 ],"January 24, 2017 (digital) February 7, 2017 (DVD and Blu-ray release)",75 minutes
2017,Kabaneri of the Iron Fortress (part 2),Japan,Tetsurō Araki,Wit Studio,Traditional,,[ 115 ] [ 116 ],"January 7, 2017",104 minutes [ 117 ]
2017,Kikoriki. Legend of the Golden Dragon Смешарики. Легенда о золотом драконе,Russia,Denis Chernov,Petersburg Animation Studio,CGI animation,,,"March 17, 2017",79 minutes
2017,Kizumonogatari III: Reiketsu-hen,Japan,Akiyuki Shinbo Tatsuya Oishi,Shaft,Traditional,,[ 118 ],"January 6, 2017",83 minutes [ 119 ]
2017,Knight Rusty 2: Full Metal Racket Ritter Rost 2: Das Schrottkomplott,Germany,Thomas Bodenstein Marcus Hamann,,CGI animation,,,"January 19, 2017",87 minutes
2017,The Kuflis hu:Egy kupac kufli [ citation needed ],Hungary,Kristóf Jurik Szabolcs Pálfi Géza M. Tóth,KEDD Animation Studio,2D animation,,[ 120 ],"August 17, 2017",71 minutes
2017,Kuroko's Basketball The Movie: Last Game,Japan,Shunsuke Tada,Production I.G,Traditional,,[ 121 ],"March 18, 2017",90 minutes
2017,The Legend of King Solomon hu:Salamon király kalandjai [ citation needed ],Hungary Israel,Albert Hanan Kaminski,Cinemon Entertainment Eden Productions,Traditional,,[ 122 ],"September 28, 2017",80 minutes
2017,The Lego Batman Movie,United States Denmark,Chris McKay,Warner Animation Group DC Entertainment The Lego Group,CGI animation,,[ 123 ],"January 29, 2017 ( Dublin ) [ 124 ] February 9, 2017 (Denmark) February 10, 2017 (United States) March 30, 2017 (Australia)",104 minutes [ 125 ]
2017,The Lego Ninjago Movie,United States Denmark,Charlie Bean,Warner Animation Group The Lego Group,CGI animation,,[ 126 ] [ 127 ],"September 16, 2017 ( Regency Village Theater ) September 21, 2017 (Denmark) United States (United States)",101 minutes [ 128 ]
2017,Lego Scooby-Doo! Blowout Beach Bash,United States,Ethan Spaulding,Warner Bros Animation Hanna Barbera The Lego Group,CGI animation,Direct-to-video,,"July 11, 2017 (digital) July 25, 2017 (DVD and Blu-ray)",78 minutes
2017,Lila's Book El libro de Lila,Colombia,Marcela Rincon,Fosfenos Media Palero Estudio,Traditional Flash animation,,[ 129 ],"September 21, 2017 ( Sala Zitarrosa ) September 28, 2017 (Colombia)",76 minutes
2017,Lino: An Adventure of Nine Lives br:Lino: Uma Aventura de Sete Vidas [ citation needed ],Brazil,Rafael Ribas,Start Desenhos Animados,CGI animation,,[ 130 ],"September 7, 2017",94 minutes
2017,Little Heroes Pequeños héroes [ citation needed ],Venezuela,Juan Pablo Buscarini,Orinoco Films Fundación Villa del Cine,CGI animation,,[ 131 ],"May 6, 2017 (Golden Kuker Sofia) June 12, 2017 (Annecy International Animation Film Festival)",76 minutes
2017,The Little Vampire 3D Der kleine Vampir [ citation needed ],Netherlands Germany Denmark,Richard Claus Karsten Kiilerich,Ambient Entertainment,CGI animation,,[ 132 ],"October 5, 2017",82 minutes [ 133 ]
2017,Loving Vincent,Poland United Kingdom,Dorota Kobiela Hugh Welchman,Trademark Films Breakthru Films,Oil-painted / Traditional,,[ 134 ] [ 135 ],"June 12, 2017 ( Annecy ) [ 136 ] September 22, 2017 (United States) October 6, 2017 (Poland) [ 137 ] October 13, 2017 (United Kingdom) [ 138 ]",95 minutes [ 139 ]
2017,Lu Over the Wall Yoake Tsugeru Lu no Uta [ citation needed ],Japan,Masaaki Yuasa,Science SARU,Traditional Flash animation,,[ 140 ],"May 19, 2017",112 minutes [ 141 ]
2017,Lupin the Third: Goemon Ishikawa's Spray of Blood,Japan,Takeshi Koike,Telecom Animation Film,Traditional,,[ 142 ],"February 4, 2017",54 minutes
2017,Magical Girl Lyrical Nanoha Reflection,Japan,Takayuki Hamana,Seven Arcs,Traditional,,[ 143 ],"July 22, 2017",111 minutes
2017,Mary and the Witch's Flower Meari to Majo no Hana,Japan,Hiromasa Yonebayashi,Studio Ponoc,Traditional,,[ 144 ],"July 8, 2017",103 minutes [ 133 ]
2017,Mazinger Z: Infinity,Japan,Junji Shimizu,Toei Animation,Traditional,,[ 145 ],"October 27, 2017",95 minutes
2017,Mission Kathmandu: The Adventures of Nelly & Simon Nelly et Simon: Mission Yéti [ citation needed ],Canada,Pierre Greco Nancy Florence Savard,Productions 10e Ave Seville Films,CGI animation,,[ 146 ] [ 147 ] [ 148 ],"October 5, 2017 (FIFF) February 23, 2018 ( Québec )",85 minutes
2017,Monster Family,Germany United Kingdom,Holger Tappe,Ambient Entertainment GmbH United Entertainment Mack Media Agir Timeless Films Rothkirch Cartoon Film Sky Cinema Original Films VideoBack,CGI animation,,[ 149 ],"August 24, 2017 (Germany) March 2, 2018 (United Kingdom)",96 minutes
2017,Monster Island Isla Calaca [ citation needed ],Mexico,Leopoldo Aguilar,Anima Estudios,CGI animation,,[ 150 ],"September 14, 2017 ( Mexico ) February 20, 2021 ( Spain )",80 minutes [ 151 ]
2017,Moomins and the Winter Wonderland Muumien taikatalvi [ citation needed ],Finland Poland,Ira Carpelan Jakub Wronski,Filmcompaniet,Traditional,,[ 152 ],"December 1, 2017",82 minutes
2017,Mariah Carey's All I Want for Christmas Is You,United States,Guy Vasilovich,Universal 1440 Entertainment Splash Entertainment Magic Carpet Productions Universal Animation Studios,CGI animation,,,"November 13, 2017",91 minutes
2017,Mutafukaz [ fr ] [ citation needed ],France Japan,Guillaume Renard Shōjirō Nishimi,Ankama Animations Studio 4°C,Traditional,,[ 153 ],"June 13, 2017 ( Annecy Festival ) May 23, 2018 (France) October 12, 2018 (Japan)",93 minutes [ 154 ]
2017,My Little Pony: The Movie,United States Canada,Jayson Thiessen,Allspark Pictures DHX Media,Traditional Flash animation,,[ 155 ] [ 156 ],"September 24, 2017 (New York City) [ 157 ] October 6, 2017 (United States and Canada) [ 158 ]",99 minutes [ 159 ]
2017,Next Door Spy Nabospionen [ citation needed ],Denmark,Karla von Bengtson,Copenhagen Bombay TriCoast Entertainment,Flash animation,,[ 160 ],"August 10, 2017",77 minutes
2017,"The Night Is Short, Walk on Girl Yoru wa Mijikashi Aruke yo Otome [ citation needed ]",Japan,Masaaki Yuasa,Science SARU,Traditional Flash animation,,[ 161 ],"April 7, 2017",93 minutes
2017,The Nut Job 2: Nutty by Nature,United States Canada South Korea,Cal Brunker,"ToonBox Entertainment Redrover Co., Ltd. Gulfstream Pictures",CGI animation,,[ 162 ],"August 11, 2017",91 minutes [ 163 ]
2017,Nur and the Dragon Temple Nur y el templo del dragón,Spain,Juan Bautista Berasategi,Lotura Films,Flash animation,,,"June 2, 2017",64 minutes
2017,On Happiness Road Xing Fu Lu Shang [ citation needed ],Taiwan,Hsin Yin Sung,Happiness Road Productions,Traditional,,[ 164 ],"October 15, 2017 ( BIFF ) January 5, 2018 (Taiwan)",110 minutes
2017,Overlord: The Dark Warrior,Japan,Naoyuki Itō,Madhouse,Traditional,,[ 165 ],"February 25, 2017 (Part 1)",117 minutes (Part 1) [ 166 ]
2017,Overlord: The Undead King,Japan,Naoyuki Itō,Madhouse,Traditional,,[ 165 ],"March 11, 2017 (Part 2)",108 minutes (Part 2) [ 167 ]
2017,The Ox [ citation needed ],Greece,Giorgos Nikopoulos,Baubo Productions,Traditional,,[ 168 ],"November 9, 2017 ( TIFF )",67 minutes
2017,Paddington 2,"United Kingdom, France",Paul King,StudioCanal,Live-action/CGI,,,10 November 2017,104 minutes
2017,Peppa Pig: My First Cinema Experience,United Kingdom,Mark Baker Iwan Watson,Astley Baker Davies Ltd Entertainment One,Flash animation,,,"April 7, 2017",72 minutes
2017,"Pipi, Pupu & Rosemary: the Mystery of the Stolen Notes Pipì Pupù e Rosmarina in Il Mistero delle Note Rapite [ citation needed ]",Italy,Enzo D'Alò,Bolero Film,Flash animation,,[ 169 ],"November 16, 2017",81 minutes
2017,Pokémon the Movie: I Choose You!,Japan,Kunihiko Yuyama,OLM,Traditional,,,"July 6, 2017 ( Japan Expo ) July 15, 2017 (Japan)",97 minutes
2017,"Pororo, Dinosaur Island Adventure 뽀로로 극장판 공룡섬 대모험",South Korea,Kim Hyun-ho Yoon Je-wan,,CGI animation,,,"December 7, 2017",78 minutes
2017,Pretty Cure Dream Stars!,Japan,Hiroshi Miyamoto,Toei Animation,Traditional,,[ 170 ],"March 18, 2017",71 minutes
2017,Rabbit School: Guardians of the Golden Egg Die Häschenscule – Jagd nach dem Goldenen Ei,Germany,Ute von Münchow-Pohl [ fr ],Akkord Film Produktion GmbH,CGI animation,,[ 171 ] [ 172 ],"March 16, 2017",76 minutes [ 173 ]
2017,Release From Heaven [ citation needed ],Iran,Ali Noori-Oskouei,"Eshragh Animation, Stunning Media",Traditional,,[ 174 ],"February 1, 2017 (Fajr Film Festival) September 22, 2017 (Isfahan International Festival of Films for Children & Young Adults)",76 minutes
2017,Resident Evil: Vendetta,Japan,Takanori Tsujimoto,Sony Pictures Entertainment Japan Marza Animation Planet,CGI animation,,[ 175 ],"May 27, 2017",97 minutes
2017,Richard the Stork A Stork's Journey,Germany Luxembourg Norway Belgium,Toby Genkel Reza Memari,Knudsen & Streuber Medienmanufaktur Ulysses Filmproduktion Melusine Productions Den Siste Skilling Walking The Dog,CGI animation,,[ 176 ],"February 12, 2017 ( BIFF ) May 5, 2017 (Norway) June 30, 2017 ( United States ) May 11, 2017 (Germany) February 7, 2018 (France)",85 minutes
2017,Sahara [ citation needed ],France Canada,Pierre Coré,La Station Animation Mandarin Production Transfilm International,CGI animation,,[ 177 ],"January 18, 2017 (L'Alpe d'Huez Film Festival) May 12, 2017 (Netflix)",84 minutes
2017,Seitokai Yakuindomo: The Movie,Japan,Hiromitsu Kanazawa,GoHands,Traditional,,[ 178 ],"July 21, 2017",60 minutes
2017,The Shower 소나기 ( So-na-gi ),South Korea,Jae-hoon Ahn,Meditation With a Pencil EBS,Traditional,,[ 179 ],"August 31, 2017",48 minutes
2017,Si Juki the Movie,Indonesia,Faza Meonk,Falcon Pictures,Traditional,,[ 180 ],"December 28, 2017",110 minutes
2017,Shimajiro and the Rainbow Oasis,Japan,Isamu Hirabayashi,"Benesse The Answer Studio Co., Ltd.",Traditional/Live-action,,[ 181 ],"March 10, 2017",71 minutes
2017,Smurfs: The Lost Village,United States,Kelly Asbury,Sony Pictures Animation,CGI animation,,[ 182 ],"April 5, 2017 ( Belgium and Asia ) April 7, 2017 (United States)",90 minutes [ 183 ]
2017,The Son of Bigfoot Bigfoot Junior,Belgium France,Jeremy Degruson Ben Stassen,NWave Pictures,CGI animation,,,"August 16, 2017 (France) [ 184 ] February 16, 2018 (United States)",92 minutes
2017,Sound! Euphonium: The Movie – May the Melody Reach You!,Japan,Taichi Ogawa,Kyoto Animation,Traditional,,[ 185 ],"September 30, 2017",105 minutes
2017,Space Battleship Yamato 2202: Warriors of Love,Japan,Nobuyoshi Habara,Xebec,Traditional,,[ 186 ],"February 25, 2017",
2017,Scooby-Doo! Shaggy's Showdown,United States,Matt Peters,Warner Bros. Animation Hanna-Barbera,Traditional,,[ 187 ],"January 31, 2017",80 minutes [ 188 ]
2017,The Star [ citation needed ],United States,Timothy Reckart,Sony Pictures Animation,CGI animation,,[ 71 ] [ 189 ] [ 190 ] [ 191 ],"November 12, 2017 ( Regency Village Theater ) November 17, 2017 (United States)",86 minutes [ 192 ]
2017,Surf's Up 2: WaveMania,United States,Henry Yu,Sony Pictures Animation,CGI animation,,,"January 17, 2017",84 minutes [ 193 ]
2017,The Swan Princess: Royally Undercover,United States,Richard Rich,Nest Family Entertainment StreetLight Animation Productions,CGI animation,,,"March 28, 2017",79 minutes
2017,Thomas & Friends : Journey Beyond Sodor,United Kingdom,David Stoten,Hit Entertainment,CGI animation,,,"June 23, 2017 (Canada) August 22, 2017 (United States) October 16, 2017 (United Kingdom)",73 minutes
2017,Sword Art Online The Movie: Ordinal Scale,Japan,Tomohiko Ito,A-1 Pictures,Traditional,,[ 194 ],"February 18, 2017",120 minutes [ 195 ] [ 196 ]
2017,Tad the Lost Explorer and the Secret of King Midas Tadeo Jones 2: El secreto del Rey Midas,Spain,Enrique Gato David Alonso,Lightbox Entertainment Telecinco Cinema Telefónica Studios,CGI animation,,[ 197 ],"June 13, 2017 (Annecy)",85 minutes [ 198 ]
2017,The Shonku Diaries: A Unicorn Adventure,United States India Turkey,Kamal Bansal,Turtle in Motion Studios,CGI animation,,[ 199 ],"June 17, 2017 ( Shanghai International Film Festival ) November 3, 2017 (Turkey) October 4, 2019 (United States) [ 200 ]",92 minutes
2017,The Tale of Peter and Fevronia Сказ о Петре и Февронии,Russia,Yuri Kulakov,Vverh Animation Studio,Traditional,,[ 201 ],2017,85 minutes
2017,Tales from the Lakeside hu:Lengemesék [ citation needed ],Hungary,Zsolt Pálfi,Cinemon Entertainment,Traditional,,[ 202 ],"April 27, 2017",65 minutes
2017,Tall Tales Drôles de petites bêtes [ citation needed ],France Belgium,Antoon Krings Arnaud Bouron,Onyx Films,CGI animation,,[ 203 ],"June 13, 2017 (Annecy International Animation Film Festival) December 13, 2017 (France)",80 minutes
2017,Tea Pets [ citation needed ],China,Gary Wang,Light Chaser Animation Studios,CGI animation,,[ 204 ],"May 20, 2017 (Seattle International Film Festival) July 21, 2017 (Shanghai International Film Festival)",98 minutes 86 minutes (South Korea)
2017,Teen Titans: The Judas Contract,United States,Sam Liu,Warner Bros. Animation DC Entertainment,Traditional,,[ 13 ],"March 31, 2017 ( WonderCon ) April 4, 2017 (United States)",84 minutes
2017,Tehran Taboo [ citation needed ],Austria Germany,Ali Soozandeh,Little Dream Entertainment Coop99 Filmproduktion Österreichischer Rundfunk,Traditional,,[ 205 ],"May 20, 2017 ( Cannes ) November 16, 2017 (Germany)",96 minutes
2017,T-Guardians,China South Korea,Yan Huang Yu Shen,,CGI animation,,,"August 4, 2017",89 minutes
2017,Three Heroes and the King of the Sea Три богатыря и морской царь,Russia,Konstantin Feoktistov,Melnitsa Animation Studio,Traditional,,[ 206 ],"January 1, 2017",75 minutes
2017,Three Heroes and the Princess of Egypt Три богатыря и принцесса Египта,Russia,Konstantin Feoktistov,Melnitsa Animation Studio,Traditional,,[ 207 ],"December 28, 2017",75 minutes
2017,Tofu,China,Joey Zou,Kingkey Animation Studios,CGI animation,,,"July 28, 2017",81 minutes
2017,Tom and Jerry: Willy Wonka and the Chocolate Factory,United States,Spike Brandt,Warner Bros. Animation,Traditional,,,"June 27, 2017 (Digital) July 11, 2017 (DVD) [ 208 ]",79 minutes [ 209 ]
2017,Trinity Seven the Movie: The Eternal Library and the Alchemist Girl,Japan,Hiroshi Nishikiori,Seven Arcs Pictures,Traditional,,[ 210 ],"February 25, 2017",55 minutes
2017,Virus Tropical [ citation needed ],Colombia Ecuador,Santiago Caicedo,Ikki Films,Flash animation,,[ 211 ],"October 21, 2017 (Animation Is Film Festival) May 17, 2018 (Colombia)",97 minutes
2017,Wall [ citation needed ],Canada,Cam Christiansen,National Film Board of Canada,Traditional/CGI animation,,[ 212 ],"September 25, 2017 ( CIFF )",82 minutes
2017,Where It Floods [ citation needed ],United States,Joel Benjamin,Electricbeard Productions,CGI animation,,[ 213 ],"May 2, 2017 (Midwest Independent Film Festival) (premiere)",47 minutes
2017,Yowamushi Pedal: Re:GENERATION,Japan,Osamu Nabeshima,TMS/8PAN,Traditional,,,"October 13, 2017",90 minutes
2017,Zombillenium [ citation needed ],France Belgium,Arthur de Pins Alexis Ducord,Maybe Movies,CGI animation,,[ 214 ],"May 24, 2017 ( Cannes )",78 minutes
2018,3 Bahadur: Rise of the Warriors,Pakistan,Sharmeen Obaid-Chinoy,Waadi Animations,CG animation,,[ 1 ] [ 2 ] [ 3 ] [ 4 ],"December 14, 2018",94 minutes
2018,Alibaba and the Three Golden Hair 阿里巴巴三根金发 ( Ali baba sangen jin fa ),China,Jiang Yefeng,,CG animation,,[ 5 ],"December 30, 2018",85 minutes [ 6 ]
2018,Allahyar and the Legend of Markhor,Pakistan,Uzair Zaheer Khan,3rd World Studio,CG animation,,,"February 2, 2018 [ 7 ]",90 minutes
2018,Anemone – Eureka Seven: Hi-Evolution 2,Japan,Tomoki Kyoda,Bones,Traditional,,[ 8 ],"November 10, 2018 (Part 2)",90 minutes (Part 2)
2018,Another Day of Life [ citation needed ],Poland Spain Germany Belgium Hungary,Raúl de la Fuente Damian Nenow,Kanaki Films Platige Image Puppetworks Animation Studio,CG animation,,[ 9 ] [ 10 ],"May 11, 2018 (Cannes Film Festival)",85 minutes
2018,Anpanman: Shine! Kulun And The Stars Of Life ja:それいけ!アンパンマン かがやけ!クルンといのちの星,Japan,Hiroyuki Yano,"Anpanman Production Committee, TMS Entertainment",Traditional,,,"June 30, 2018",62 minutes
2018,Asterix: The Secret of the Magic Potion Asterix: The Secret Of The Magic Potion [ citation needed ],France,"Alexandre Astier, Louis Clichy","SND, Mikros Image",CG animation,,[ 11 ],"December 5, 2018",87 minutes
2018,Attack on Titan: The Roar of Awakening,Japan,"Tetsurō Araki , Masashi Koizuka",Wit Studio,Traditional,,[ 12 ],"January 13, 2018",120 minutes
2018,Bad Boss 나쁜 상사,South Korea,Unknown,CJ ENM,Traditional,,[ 13 ],"August 7, 2018",103 minutes
2018,Bamse and the Thunderbell Bamse och dunderklockan [ citation needed ],Sweden,"Christian Ryltenius, Maria Blom",SF Studios,Traditional,,[ 14 ],"December 21, 2018",65 minutes
2018,Batman: Gotham by Gaslight,United States,Sam Liu,Warner Bros. Animation DC Entertainment,Traditional,,[ 15 ],"January 12, 2018 ( Newseum [ 16 ] ) January 23, 2018 (Digital Download) February 6, 2018 (Blu-ray)",78 minutes [ 17 ]
2018,Batman Ninja,United States Japan,Junpei Mizusaki,Warner Bros. Animation Kamikaze Douga,Traditional / CG animation,,[ 18 ],"April 24, 2018 (United States) June 15, 2018 (Japan)",85 minutes [ 19 ]
2018,Big World! Big Adventures! The Movie,United States,David Stoten,"HiT Entertainment , Mattel Creations",CG animation,,,"July 7, 2018 ( London ) July 20, 2018 (United Kingdom & Ireland) September 7, 2018 (United States)",85 minutes
2018,Black is Beltza [ citation needed ],Spain,Fermín Muguruza,"Black is Beltza AIE, Talka Records, Euskal Irrati Telebista, Setmàgic Audiovisual",Traditional,,[ 20 ],"October 5, 2018 [ 21 ]",88 minutes [ 22 ]
2018,Boonie Bears: The Big Shrink,China,Liang Ding,,CG animation,,[ 23 ],"February 16, 2018",90 minutes
2018,The Boxcar Children: Surprise Island,United States,Anna Chi Mark A.Z. Dippé Wonjae Lee,"Blueberry Pictures, Legacy Classics Family Entertainment",CG animation,,,"May 8, 2018",81 minutes
2018,Bumblebee,United States China,Travis Knight,Paramount Pictures Allspark Pictures Bay Films Di Bonaventura Pictures Tencent Pictures,CGI/Live-Action,,,"December 21, 2018",114 minutes
2018,Bungo Stray Dogs: Dead Apple,Japan,Takuya Igarashi,Bones,Traditional,,[ 24 ],"March 3, 2018",90 minutes [ 25 ]
2018,Buñuel in the Labyrinth of the Turtles Buñuel en el Laberinto de las Tortugas [ citation needed ],Spain Netherlands,Salvador Simó,"Sygnatia, Submarine",Traditional,,[ 26 ],"October 20, 2018 (Animation Is Film Festival) [ 27 ] April 26, 2019 (Spain) [ 28 ]",77 minutes [ 27 ]
2018,Capt'n Sharky Käpt'n Sharky [ citation needed ],Germany,"Jan Stoltz, Hubert Weiland","Caligari Film, Universum Film",CG animation,,[ 29 ],"August 30, 2018",73 minutes
2018,Captain Morten and the Spider Queen Kapten Morten Lollide Laeval [ citation needed ],Estonia Ireland United Kingdom Belgium,Kaspar Jancis,"Nukufilm, Telegael, Calon, Grid Animation",Stop Motion,,[ 30 ],"June 5, 2018 ( Animafest Zagreb ) March 21, 2019 ( Estonia )",79 minutes
2018,Cats and Peachtopia,China,Gary Wang,Light Chaser Animation Studios,CG animation,,[ 31 ],"April 5, 2018",105 minutes
2018,Cattle Hill KuToppen [ citation needed ],Norway,Lise I. Osvoll,"Qvisten Animation , The Lipp, Vigmostad & Bjørke",CG animation,,[ 32 ],"October 19, 2018",66 minutes [ 33 ]
2018,Charming,United States Canada,Ross Venokur,Vanguard Animation,CG animation,,[ 34 ],"April 20, 2018 (Spain) June 24, 2019 (United States) [ 35 ]",85 minutes [ 35 ]
2018,Checkered Ninja Ternet Ninja [ citation needed ],Denmark,"Thorbjørn Christoffersen, Anders Matthesen","A. Film , Pop Up Production, Sudoku ApS",CG animation,,[ 36 ],"December 25, 2018",81 minutes
2018,Chris the Swiss [ citation needed ],Switzerland Germany Croatia Finland,Anja Kofmel,"Dschoint Ventschr, Ma.Ja.De, Nukleus film",Traditional,,[ 37 ],"May 13, 2018 ( Cannes )",90 minutes
2018,Christopher Robin,United States,Marc Forster,"Walt Disney Pictures , 2Dux² Productions",Live-Action / CG animation,,[ 38 ] [ 39 ],"July 30, 2018 ( Burbank ) August 3, 2018 (United States)",104 minutes [ 40 ]
2018,Chuck Steel: Night of the Trampires [ citation needed ],United Kingdom,Michael Mort,Animortal Studio,Stop Motion,,[ 41 ],"June 12, 2018 (Annecy International Animation Film Festival, France)",89 minutes
2018,Cinderella and the Secret Prince [ citation needed ],United States,Lynne Southerland,Gold Valley Films,CG animation,,,2018,90 minutes
2018,Coconut the Little Dragon: Into the Jungle Der kleine Drache Kokosnuss – Auf in den Dschungel! [ citation needed ],Germany,Anthony Power,Caligari Film,CG animation,,[ 42 ],"December 27, 2018 [ 21 ]",80 minutes
2018,Code Geass Lelouch of the Resurrection the Movie: Imperial Path,Japan,Gorō Taniguchi,Sunrise,Traditional,,[ 43 ],"May 26, 2018",
2018,Code Geass Lelouch of the Resurrection the Movie: Rebellion Path,Japan,Gorō Taniguchi,Sunrise,Traditional,,[ 44 ],"February 10, 2018",
2018,Constantine City of Demons: The Movie,United States,Doug Murphy,Warner Bros. Animation DC Entertainment,Traditional,,[ 45 ],"October 4, 2018 (New York City, New York) October 9, 2018 (DVD and Blu-ray)",90 minutes
2018,Crayon Shin-chan: Burst Serving! Kung Fu Boys ~Ramen Rebellion~,Japan,Wataru Takahashi,Toho,Traditional,,[ 46 ],"April 13, 2018",104 minutes
2018,Dajjal: The Slayer and His Follower,Pakistan,Rana Abrar,WBJ Media,CG Animation,,[ 47 ],December 2018 [ 48 ],100 minutes
2018,DC Super Hero Girls: Legends of Atlantis,United States,Cecilia Aranovich Ian Hamilton,Warner Bros. Animation DC Entertainment,Traditional,,[ 49 ],"July 22, 2018 ( San Diego Comic-Con [ 50 ] ) [ 49 ] October 2, 2018 (Digital and DVD)",72 minutes [ 51 ]
2018,The Death of Superman,United States,Jake Castorena Sam Liu,Warner Bros. Animation DC Entertainment,Traditional,,[ 52 ],"July 20, 2018 ( San Diego Comic-Con [ 53 ] ) July 24, 2018 ( Digital [ 54 ] )",81 minutes [ 55 ]
2018,Detective Conan: Zero the Enforcer,Japan,Tachikawa Yuzuru,"Toho Company, Ltd.",Traditional,,[ 56 ],"April 13, 2018",110 minutes
2018,Digimon Adventure tri. Future,Japan,Keitaro Motonaga,Toei Animation,Traditional,,[ 57 ],"May 5, 2018",97 minutes (Part 6) [ 58 ]
2018,Dilili in Paris Dilili à Paris [ citation needed ],France Belgium Germany,Michel Ocelot,"Nord-Ouest Films, Studio O, Mars Films",CG animation/Traditional,,[ 59 ],"June 11, 2018 ( Annecy Festival ) [ 60 ] October 10, 2018 (France) October 24, 2018 (Belgium) May 1, 2019 (Internationales Trickfilm-Festival Stuttgart)",95 minutes
2018,The Donkey King,Pakistan,Aziz Jindani,Talisman Studios,CG animation,,[ 61 ],"October 13, 2018",105 minutes [ 62 ]
2018,Doraemon the Movie: Nobita's Treasure Island,Japan,Kazuaki Imai,Toho,Traditional,,[ 63 ],"March 3, 2018",108 minutes
2018,Dr. Seuss' The Grinch,United States,"Yarrow Cheney , Scott Mosier",Illumination Entertainment,CG animation,,[ 64 ],"October 22, 2018 ( Regency Village Theater ) November 9, 2018 (United States)",85 minutes
2018,Dragon Ball Super: Broly,Japan,Tatsuya Nagamine,Toei Animation,Traditional,,[ 65 ],"December 14, 2018",100 minutes [ 66 ]
2018,Duck Duck Goose,United States,Chris Jenkins,Original Force Animation,CG animation,,[ 67 ],"March 9, 2018 (China) [ citation needed ] July 20, 2018 (United States) [ 68 ]",91 minutes [ 69 ]
2018,Early Man,United Kingdom,Nick Park,Aardman Animations British Film Institute,Stop-motion,,[ 70 ],"January 20, 2018 ( BFI Southbank ) January 26, 2018 (United Kingdom)",87 minutes [ 71 ]
2018,Eiga Shimajirō: Mahou no Shima no dai Boken,Japan,Hiroshi Kawamata Takashima Hiro,,Traditional,,[ 72 ],2018,52 minutes
2018,Elliot the Littlest Reindeer [ citation needed ],Canada,Jennifer Westcott,"Awesometown Entertainment, Double Dutch International, Elgin Road Productions",CG animation,,[ 73 ],"October 19, 2018 (Turkey) [ 74 ] December 4, 2018 (Canada) [ 75 ]",
2018,Enchanted Princess Чудо-Юдо,Russia,Artyom Lukichev,Karo Premiere,Traditional,,[ 76 ] [ citation needed ],"January 1, 2018",75 minutes
2018,Funan [ citation needed ],France Belgium Luxembourg Cambodia,Denis Do,"Les Films d'Ici, Lunanime, Bac Films, Web Spider Production, Ithinkasia",Traditional,,[ 77 ],"June 11, 2018 ( Annecy International Animation Film Festival ) [ 60 ] March 6, 2019 (France) [ citation needed ] April 24, 2019 (Belgium) [ citation needed ]",84 minutes [ 60 ]
2018,Gekijōban Haikara-san ga Tōru Kōhen – Tokyo Dai Roman,Japan,"Kazuhiro Furuhashi , Toshiaki Kidokoro",Nippon Animation,Traditional,,[ 78 ],"October 19, 2018",105 minutes
2018,Girls und Panzer: Dai 63 Kai Sensha-dou Zenkoku Koukousei Taikai Soushuuhen,Japan,Tsutomu Mizushima,Actas,Traditional,,[ 79 ],"November 11, 2017",122 minutes
2018,Godzilla: City on the Edge of Battle,Japan,Hiroyuki Seshita Kōbun Shizuno,Polygon Pictures,Traditional,,[ 80 ],"May 18, 2018",100 minutes [ 81 ]
2018,Goosebumps 2: Haunted Halloween,United States,Ari Sandel,Columbia Pictures Sony Pictures Animation Original Film Scholastic Entertainment Silvertongue Film,CG animation Live-action,,,"October 8, 2018 ( Culver City ) [ 82 ] October 12, 2018 (United States)",90 minutes [ 83 ]
2018,Hanuman vs Mahiravana,India,Ezhil Vendan,Green Gold Animations,CG Animation,,[ 84 ],"July 6, 2018",96 minutes [ 85 ]
2018,Happy Little Submarine: 20000 Leagues under the Sea,China,Yu Shen,Shenzhen GDC,Traditional,,[ 86 ],"June 1, 2018",75 minutes [ 87 ]
2018,The Haunted House: The Secret of the Cave 신비아파트: 금빛 도깨비와 비밀의 동굴,South Korea,Kim Byung-gab,"CJ ENM , Studio BAZOOKA",Traditional,,[ 88 ],"July 25, 2018",68 minutes
2018,Henchmen,Canada,Adam Wood,Bron Studios,CG animation,,[ 89 ],"December 7, 2018",89 minutes
2018,Here Comes the Grump,Mexico United Kingdom,Andrés Couturier,Ánima Estudios GFM Animation Prime Focus World,CG animation,,[ 90 ] [ 91 ],"March 1, 2018 (Italy) July 26, 2018 (Mexico)",97 minutes
2018,Hoffmaniada,Russia,Stanislav Sokolov,Soyuzmultfilm,Stop-motion,,,"February 18, 2018 ( Berlin International Film Festival ) June 11, 2018 ( AIAFF ) October 11, 2018 ( Russia )",75 minutes
2018,Hoppi Land hu:Egy év Hoppifalván,Hungary,Ferenc Rofusz,The Hoppies,2D animation,,TV movie [ 92 ],"March 17, 2018 (M2 TV premiere)",71 minutes
2018,Hotel Transylvania 3: Summer Vacation,United States,Genndy Tartakovsky,Sony Pictures Animation,CG animation,,[ 93 ] [ 94 ] [ citation needed ],"June 13, 2018 ( AIAFF ) July 13, 2018 (United States)",97 minutes [ 95 ]
2018,Howard Lovecraft and the Kingdom of Madness,Canada,Sean Patrick O'Reilly,Arcana Studio,CG animation,,[ 96 ] [ 97 ] [ 98 ] [ 99 ],"December 4, 2018",75 minutes
2018,I Want to Eat Your Pancreas Kimi no Suizō o Tabetai,Japan,Shinichiro Ushijima,Studio VOLN,Traditional,,[ 100 ],"September 1, 2018",108 minutes
2018,Incredibles 2,United States,Brad Bird,Pixar,CG animation,,[ 101 ] [ citation needed ] [ 102 ],"June 5, 2018 ( Los Angeles ) June 15, 2018 (United States)",118 minutes [ citation needed ]
2018,Infini-T Force the Movie and Infinimals Forces,Japan,Jun Matsumoto,Tatsunoko Production Digital Frontier,CG animation,,[ 103 ],"February 24, 2018",90 minutes
2018,Isle of Dogs,United States,Wes Anderson,"Fox Searchlight Pictures , Indian Paintbrush",Stop-motion,,[ 104 ] [ 105 ],"February 15, 2018 ( Berlin ) March 23, 2018 (United States) May 10, 2018 (Germany)",101 minutes [ 106 ]
2018,K: Seven Stories,Japan,Shingo Suzuki,GoHands,Traditional,,[ 107 ],"July 7, 2018 August 4, 2018 September 1, 2018 October 6, 2018 November 3, 2018 December 1, 2018",59–66 minutes
2018,Kase-san and Morning Glories,Japan,Takuya Satō,Zexcs,Traditional,,,"June 9, 2018",58 minutes
2018,Kikoriki. Deja Vu Смешарики. Дежавю,Russia,Denis Chernov,Petersburg Animation Studio,CG animation,,[ citation needed ],"April 26, 2018",85 minutes
2018,King Şakir: Let the Game Begin Kral Şakir: Oyun Zamani,Turkey,"Haluk Can Dizdaroglu, Berk Tokay",Grafi2000 BKM,CG animation,,,"May 11, 2018",74 minutes
2018,The Ladybug,China,Ding Shi,Its Cartoon Animation Studio,CG animation,,,"February 2, 2018",75 minutes
2018,The Last Fiction [ citation needed ],Iran,Ashkan Rahgozar,Hoorakhsh studio,Traditional,,[ 108 ],"June 12, 2018 (Annecy) [ 108 ]",100 minutes
2018,The Legend of Muay Thai: 9 Satra,Thailand,"Pongsa Kornsri, Nat Yodsawattananon, Gun Phansuwan",M Pictures,CG animation,,,"January 11, 2018 December 25, 2019 ( Netflix )",102 minutes
2018,Lego DC Comics Super Heroes: Aquaman – Rage of Atlantis,United States,Matt Peters,"Warner Bros. Animation , DC Entertainment , The Lego Group",CG animation,,[ 109 ],"July 22, 2018 ( San Diego Comic-Con [ 110 ] ) July 31, 2018 (Digital, DVD and Blu-ray)",77 minutes [ 111 ]
2018,Lego DC Comics Super Heroes: The Flash,United States,Ethan Spaulding,"Warner Bros. Animation , DC Entertainment , The Lego Group",CG animation,,[ 112 ],"February 13, 2018 (Digital) March 13, 2018 (DVD and Blu-ray) [ 113 ]",78 minutes [ 114 ]
2018,Lego DC Super Hero Girls: Super-Villain High,United States,Elsa Garagarza,"Warner Bros. Animation , DC Entertainment , The Lego Group",CG animation,,[ 115 ],"May 1, 2018 (Digital) [ 116 ] May 15, 2018 (DVD) [ 117 ]",78 minutes [ 118 ]
2018,Leo Da Vinci: Mission Mona Lisa [ citation needed ],Italy Poland,Sergio Manfio,Gruppo Alcuni,CG animation,,[ 119 ] [ 120 ],"January 11, 2018",85 minutes [ 121 ]
2018,La Leyenda del Charro Negro,Mexico,Alberto Rodriguez,Ánima Estudios,Flash animation,,[ 122 ],"January 19, 2018",85 minutes
2018,Liz and the Blue Bird Rizu to Aoi tori,Japan,Naoko Yamada,Kyoto Animation,Traditional,,[ 123 ],"April 21, 2018",90 minutes
2018,Louis & Luca – Mission to the Moon Solan og Ludvig –  Månelyst i Flåklypa,Norway,Rasmus A. Sivertsen,"Maipo Film, Qvisten Animation",Stop motion,,[ 124 ],"September 21, 2018",80 minutes [ 125 ]
2018,"Love, Chunibyo & Other Delusions! Take on Me",Japan,Tatsuya Ishihara,Kyoto Animation,Traditional,,[ 126 ],"January 6, 2018",90 minutes
2018,Luis and the Aliens Luis und die Aliens [ citation needed ],Germany Luxembourg Denmark,"Christoph Lauenstein , Wolfgang Lauenstein","Ulysses Filmproduktion, Fabrique d'Images, A. Film Production",CG animation,,[ 127 ],"March 22, 2018 (Luxembourg City Film Festival) May 24, 2018 (Germany) August 17, 2018 (United States) August 24, 2018 (United Kingdom)",86 minutes [ 128 ]
2018,Macross Delta the Movie: Passionate Walkūre,Japan,Kenji Yasuda,Studio Nue Satelight,Traditional,,[ 129 ],"February 9, 2018",119 minutes
2018,Magic Birds: The Movie,Greece,Nikos Vergitsis,Art Toons,Traditional,,[ 130 ] [ 131 ],"January 15, 2018",
2018,Magic Mirror 2,China,Chengfeng Zheng Yang Li,"Huaxia Film Distribution Co., Ltd Beijing Yingshikong Media Co., Ltd",Traditional,,[ 132 ],"June 1, 2018",
2018,Magical Girl Lyrical Nanoha Detonation,Japan,Takayuki Hamana,Seven Arcs,Traditional,,[ 133 ],"October 19, 2018",111 minutes
2018,Maquia: When the Promised Flower Blooms Sayonara no Asa ni Yakusoku no Hana o Kazarō,Japan,Mari Okada,P.A. Works,CG animation / Traditional,,[ 134 ],"February 24, 2018",115 minutes
2018,Marcianos vs. Mexicanos,Mexico,Gabriel Riva Palacio Alatriste Rodolfo Riva Palacio Alatriste,Huevocartoon Producciones,Traditional,,[ 135 ] [ 136 ],"March 9, 2018",87 minutes
2018,Marnie's World Marnies Welt Spy Cat,France Germany Belgium,"Christoph Lauenstein, Wolfgang Lauenstein","Grid Animation, Seven Pictures, Schubert International Filmproduktions, Scopas Medien",CG animation,,[ 137 ],"June 13, 2018 (Annecy)",84 minutes [ 21 ]
2018,Marvel Rising: Secret Warriors,United States,Alfred Gimeno,Marvel Animation,Traditional,,[ 138 ],"September 30, 2018 [ 139 ]",80 minutes [ 140 ]
2018,Mary Poppins Returns,United States,Rob Marshall,Walt Disney Pictures,Traditional / Live-action,,,"November 29, 2018 ( Dolby Theatre ) December 19, 2018 (United States)",131 minutes [ 141 ]
2018,Maya the Bee: The Honey Games,Germany Australia,"Noel Cleary, Sergio Delfino, Alexs Stadermann",UFA GmbH,CG animation,,[ 142 ],"March 1, 2018 (Germany) May 1, 2018 (United States) July 26, 2018 (Australia)",85 minutes
2018,Memoirs of a Man in Pajamas Memorias de un hombre en pijama [ citation needed ],Spain,Carlos Fernández de Vigo,"Dream Team Concept, Ézaro Films, Hampa Studio",Traditional,,[ 143 ],"April 14, 2018 ( Málaga Film Festival ) November 9, 2018 (Madrid) November 16, 2018 (Barcelona) January 4, 2019 (Spain)",74 minutes
2018,Mirai Mirai no Mirai,Japan,Mamoru Hosoda,Studio Chizu,Traditional,,[ 144 ],"May 16, 2018 ( Directors' Fortnight ) [ citation needed ] July 20, 2018 (Japan) [ 145 ]",98 minutes [ 146 ] [ 145 ]
2018,Mission Kathmandu: The Adventures of Nelly and Simon Nelly et Simon: Mission Yéti [ citation needed ],Canada,"Nancy Florence Savard , Pierre Greco",10th Ave. Productions / Seville Films,CG animation,,[ 147 ] [ 148 ] [ 149 ],"October 5, 2017 (FIFF) February 23, 2018 ( Québec )",85 minutes
2018,Modest Heroes ちいさな英雄-カニとタマゴと透明人間-,Japan,"Hiromasa Yonebayashi , Yoshiyuki Momose , Akihiko Yamashita",Studio Ponoc,Traditional,,[ 150 ] [ 151 ] [ 152 ] [ 153 ],"August 24, 2018",53 minutes
2018,Motel Rose 장미여관 ( Jang-mi-yeo-gwan ),South Korea,Yeo Eun-a,,Traditional,,[ 154 ],"October 19, 2018",77 minutes
2018,Mugworth El veritable conte de Nadal,Spain,Marc Fernandez,,Traditional,,,"November 7, 2018",70 minutes
2018,My Hero Academia: Two Heroes,Japan,Kenji Nagasaki,Bones,Traditional,,[ 155 ],"July 5, 2018 (Los Angeles) August 3, 2018 (Japan)",97 minutes [ 156 ]
2018,Natsume's Book of Friends the Movie,Japan,"Takahiro Omori, Hideaki Itō",Shuka,Traditional,,[ 157 ],"September 29, 2018",104 minutes
2018,Next Gen [ citation needed ],Canada United States,"Kevin R. Adams, Joe Ksander",Baozou Manhua / Alibaba Pictures / Tangent Animation,CG Animation,,[ 158 ],"September 7, 2018",105 minutes
2018,Non Non Biyori Vacation,Japan,Shin'ya Kawatsura,Silver Link,Traditional,,[ 159 ],"August 25, 2018",71 minutes
2018,Norm of the North: Keys to the Kingdom,United States,"Tim Maltby, Richard Finn (co-director)",Assemblage Entertainment / Discreet Arts Productions / Lionsgate / Splash Entertainment,CG animation,,[ 160 ],"August 9, 2018",91 minutes
2018,North of Blue [ citation needed ],United States,Joanna Priestley,Joanna Priestley Motion Pictures,Traditional,,[ 161 ],"June 11, 2018 ( Annecy ) [ 162 ]",60 minutes
2018,Okko's Inn Waka Okami wa Shogakusei! [ citation needed ],Japan,Kitarô Kôsaka,Madhouse Inc.,Traditional,,[ 163 ],"June 11, 2018",94 minutes [ citation needed ]
2018,Pachamama [ citation needed ],France Luxembourg Canada,Juan Antin,"O2B Films, Folivari, Doghouse Films",CG animation/Traditional,,[ 164 ] [ 165 ],"October 20, 2018 (Animation Is Film Festival) December 12, 2018",72 minutes
2018,Peacemaker Kurogane,Japan,Hiroshi Takeuchi,White Fox,Traditional,,[ 166 ],"June 2, 2018 (Part 1) November 17, 2018 (Part 2)",109 minutes (total)
2018,Penguin Highway,Japan,Hiroyasu Ishida,Studio Colorido,Traditional,,[ 167 ],"July 29, 2018 ( Fantasia International Film Festival ) August 17, 2018 (Japan)",118 minutes
2018,Peter Rabbit,United States United Kingdom Australia,Will Gluck,Sony Pictures Animation,Live-Action / CG animation,,[ 168 ] [ 169 ] [ 170 ] [ 171 ],"February 3, 2018 ( The Grove ) February 9, 2018 (United States) March 16, 2018 (United Kingdom) March 22, 2018 (Australia)",95 minutes [ 172 ]
2018,Ploey: You Never Fly Alone Lói – Þú flýgur aldrei einn,Iceland,Árni Ásgeirsson,GunHill Cyborn,CG animation,,[ 173 ],"February 2, 2018",82 minutes [ 174 ]
2018,Pocoyo And the League of Extraordinary Super Friends,Spain,Andy Yekes,Zinkia Entertainment,CG animation,,,"June 22, 2018",49 minutes
2018,Pokémon the Movie: The Power of Us,Japan,Tetsuo Yajima,OLM Wit Studio,Traditional,,[ 175 ] [ 176 ],"July 13, 2018",100 minutes
2018,Pretty Cure Super Stars!,Japan,Yōko Ikeda,Toei Animation,Traditional,,,"March 17, 2018",
2018,The Princess and the Dragon Принцесса и Дракон,Russia,Marina Nefedova,Licensing Brands AA Studio,CG animation,,[ 177 ] [ 178 ],"August 23, 2018",75 minutes
2018,Racetime La course des Tuques [ citation needed ],Canada,"Benoit Godbout, François Brisson",CarpeDiem Film,CG animation,,[ 179 ],"December 7, 2018",89 minutes
2018,Ralph Breaks the Internet,United States,"Rich Moore , Phil Johnston",Walt Disney Animation Studios,CG animation,,[ 180 ] [ 181 ] [ 182 ],"November 5, 2018 ( El Capitan Theatre ) November 21, 2018 (United States)",112 minutes [ 183 ]
2018,Ready Player One (film),United States,Steven Spielberg,Warner Bros. Pictures,CG/Live-action,,,"March 29, 2018",140 minutes
2018,"Ruben Brandt, Collector hu:Ruben Brandt, a gyűjtő [ citation needed ] [ 184 ]",Hungary,Milorad Krstić,Sony Pictures Classics,Traditional / CG animation,,[ 185 ],"August 9, 2018 ( Locarno Film Festival ) [ 186 ]",94 minutes [ 187 ]
2018,Sadko Садко,Russia,Vitaly Mukhametzianov,InlayFilm CTB Film Company,CG animation,,[ 188 ],"May 24, 2018",81 minutes
2018,Samouni Road La strada dei Samouni,Italy France,Stefano Savona,Dugong Films Picofilms Alterego Productions Rai Cinema Arte France Cinéma,CG animation/Traditional,,[ 189 ] [ 190 ] [ 191 ],"May 10, 2018 ( Cannes )",128 minutes
2018,Scooby-Doo! & Batman: The Brave and the Bold,United States,Jake Castorena,Warner Bros. Animation DC Entertainment Hanna-Barbera Cartoons,Traditional,,[ 192 ],"January 6, 2018 ( TCL Chinese Theatre [ 193 ] January 9, 2018 DVD and digital [ 194 ] )",75 minutes [ 195 ]
2018,Scooby-Doo! and the Gourmet Ghost,United States,Doug Murphy,Warner Bros Animation Hanna Barbera Productions,Traditional,,Direct-to-video,"July 22, 2018 ( San Diego Comic-Con ) [ 196 ] August 28, 2018 (Digital) [ 197 ]",77 minutes [ 198 ]
2018,Seder-Masochism [ citation needed ],United States,Nina Paley,,Traditional,,[ 199 ],"June 11, 2018 ( Annecy International Animated Film Festival [ 60 ] )",78 minutes
2018,The Seven Deadly Sins the Movie: Prisoners of the Sky,Japan,"Noriyuki Abe , Yasuto Nishikata",A-1 Pictures,Traditional,,[ 200 ],"August 18, 2018",99 minutes
2018,Sgt. Stubby: An American Hero,United States,Richard Lanni,Mikros Image,CG animation,,[ 201 ],"March 27, 2018 ( Los Angeles ) April 13, 2018 (United States and Canada)",84 minutes
2018,Sherlock Gnomes,United Kingdom United States,John Stevenson,Rocket Pictures Paramount Animation Metro-Goldwyn-Mayer Paramount Pictures,CG animation,,[ 202 ],"March 23, 2018 (United States) May 11, 2018 (United Kingdom)",86 minutes
2018,Shimajiro the Movie: Adventures on Magic Island,Japan,"Hiroshi Kawamata, Hiro Takashima",Benesse Toho Sony Music Direct,CG animation,,[ 203 ],"March 9, 2018",52 minutes
2018,Smallfoot,United States,Karey Kirkpatrick,Warner Animation Group,CG animation,,[ 204 ] [ 205 ],"September 28, 2018",96 minutes [ 206 ]
2018,The Snow Queen: Mirrorlands,Russia,"Robert Lence, Aleksey Tsitsilin",Wizart Animation,CG animation,,[ 207 ],"December 21, 2018 (Poland, et al.) January 1, 2019 (Russia)",84 minutes [ 208 ]
2018,Spider-Man: Into the Spider-Verse,United States,"Bob Persichetti , Peter Ramsey , Rodney Rothman",Sony Pictures Animation,CG animation/Traditional,,[ 209 ],"December 1, 2018 ( Regency Village Theater ) December 14, 2018 (United States)",117 minutes [ citation needed ]
2018,The Stolen Princess,Ukraine,Oleh Malamuzh,Animagrad Animation Studio FILM.UA Group,CG animation,,[ 210 ],"March 7, 2018 [ 211 ]",90 minutes
2018,Strike [ citation needed ],United Kingdom,Trevor Hardy,Gigglefish,Stop Motion,,[ 212 ],"December 16, 2018 (Carrefour du Cinéma d'Animation) March 16, 2019 (United Kingdom)",100 minutes
2018,Suicide Squad: Hell to Pay,United States,Sam Liu,Warner Bros. Animation DC Entertainment,Traditional,,[ 52 ],"March 27, 2018 (Digital download) and (Blu-ray and DVD)",86 minutes
2018,The Swan Princess: A Royal Myztery,United States,Richard Rich,Sony Pictures Home Entertainment Crest Animation Productions,CG Animation,,,"March 27, 2018",79 minutes
2018,Tabaluga [ citation needed ],Germany,Sven Unterwaldt,"Awesometown Entertainment, Deutsche Columbia, Tempest Film, Trixter",CG Animation,,[ 213 ],"December 6, 2018",90 minutes
2018,Teen Titans Go! To the Movies,United States,"Aaron Horvath, Peter Rida Michail",Warner Bros. Animation / DC Entertainment,Flash animation,,[ 214 ] [ 215 ],"July 22, 2018 ( BFI Southbank ) July 27, 2018 (United States)",84 minutes 105 minutes (Director's cut)
2018,The Testament of Sister New Devil Departures,Japan,Hisashi Saito,Production IMS,Traditional,,[ 216 ],"March 28, 2018 [ 217 ] [ 218 ] [ 219 ]",60 minutes
2018,The Three Heroes. The Heiress to the Throne Три богатыря и наследница престола,Russia,Konstantin Bronzit,Melnitsa Animation Studio,Traditional,,[ 220 ],"December 27, 2018",81 minutes
2018,Tito and the Birds Tito e os Pássaros [ citation needed ],Brazil,"Gustavo Steinberg, Gabriel Bitar, André Catoto",Bits Producoes,Traditional,,[ 221 ],"June 11, 2018 ( Annecy International Animation Film Festival ) February 14, 2019 ( Brazil )",73 minutes
2018,The Tower Wardi [ citation needed ],France Norway Sweden,Mats Grorud,"Les Contes modernes, Cinenic Film, Tenk.tv",Traditional,,[ 222 ],"June 11, 2018 ( Annecy ) November 30, 2018 (Norway)",74 minutes
2018,Troll: The Tale of a Tail [ citation needed ],Canada Norway,Kevin Munroe,Sagatoon,CG animation,,[ 223 ],"December 25, 2018",91 minutes
2018,Two Tails Два Хвоста,Russia,Victor Azeev,Licensing Brands,CG animation,,[ 224 ],"May 31, 2018",77 minutes [ 225 ]
2018,Underdog 언더독 ( Eon-deo-dok ),South Korea,"Lee Chun-baek, Oh Sung-yoon",Odolttogi,Traditional,,[ 226 ],"July 12, 2018 ( BIFAN ) January 16, 2019 (South Korea)",102 minutes
2018,Up and Away Hodja fra Pjort [ citation needed ],Denmark,Karsten Kiilerich,A film,CG animation,,[ 227 ],"February 8, 2018",81 minutes [ 228 ]
2018,Ville Neuve [ citation needed ],Canada,Félix Dufour-Laperrière,Productions l'Unite Centrale,Traditional,,[ 229 ],"September 7, 2018 ( Venice )",76 minutes
2018,Vitello [ citation needed ],Denmark,Dorte Bengtson,Ja Film,Traditional,,[ 230 ],"February 1, 2018",72 minutes
2018,Wheely: Fast & Hilarious,Malaysia,"Yusry Abd Halim (as Yusry Abdul Halim), Carl Mendez",Kartun Studios Malaysia,CG animation,,,"August 16, 2018",90 minutes
2018,White Fang Croc Blanc [ citation needed ],France Luxembourg United States,Alexandre Espigares,Superprod,CG animation,,[ 231 ],"January 21, 2018 (Sundance) [ 232 ] March 28, 2018 (France) [ 233 ] July 8, 2018 (United States)",85 minutes
2018,Willy and the Guardians of the Lake hu:Lengemesék 2 - Tél a nádtengeren [ citation needed ],Hungary,Zsolt Pálfi,Cinemon Entertainment Vertigo Média,Traditional,,[ 234 ],"December 6, 2018",70 minutes
2018,The Wolf House La Casa Lobo [ citation needed ],Chile,"Joaquín Cociña, Cristóbal León","Diluvio, Globo Rojo",Stop Motion,,[ 235 ],"February 22, 2018 ( Berlin )",75 minutes
2018,Zokuowarimonogatari,Japan,TBA,Shaft,Traditional,,[ 236 ],"November 10, 2018",148 minutes
2018,ZOOks [ citation needed ],Belgium,"Dimitri Leue, Kristoff Leue","The Fridge, Potemkino, Sancta Media",CG animation,,[ 237 ],"February 4, 2018 (JEF Festival) February 10, 2018 (Anima) July 14, 2018 (BiFan - Bucheon International Fantastic Film Festival)",90 minutes
2019,A Shaun the Sheep Movie: Farmageddon,United Kingdom,Richard Phelan Will Becher,Aardman Animations StudioCanal,Stop motion,,[ 1 ],"September 22, 2019 ( Odeon Leicester Square ) October 18, 2019 (United Kingdom) February 14, 2020 (United States)",87 minutes
2019,Abominable,United States China,Jill Culton Todd Wilderman,Universal Pictures DreamWorks Animation Pearl Studio,CG animation,,[ 2 ] [ 3 ] [ 4 ],"September 7, 2019 ( TIFF ) [ 5 ] September 27, 2019 (United States)",97 minutes [ 6 ]
2019,The Addams Family,United States Canada,Conrad Vernon Greg Tiernan,Metro-Goldwyn-Mayer The Jackal Group Cinesite Studios United Artists Releasing,CG animation,,[ 7 ],"October 11, 2019 (United States)",87 minutes [ 8 ]
2019,Alita: Battle Angel,United States,Robert Rodriguez,20th Century Fox Lightstorm Entertainment Troublemaker Studios,CG Animation/ Live-action,,[ 9 ],"January 31, 2019 ( Odeon Luxe Leicester Square , London) February 14, 2019 (United States)",122 minutes
2019,Alice-Miranda Friends Forever,Australia,Jo Boag,SLR Productions,Flash animation,,,"November 14, 2019",83 minutes
2019,The Angry Birds Movie 2,United States Finland,Thurop Van Orman John Rice,Rovio Animation Sony Pictures Animation,CG animation,,[ 10 ],"August 2, 2019 (United Kingdom and Ireland) August 9, 2019 (Finland) August 14, 2019 (United States)",97 minutes
2019,Anpanman: Twinkle! Princess Vanilla of Ice Cream Land ja:それいけ!アンパンマン きらめけ!アイスの国のバニラ姫,Japan,Hiroyuki Yano,"Anpanman Production Committee, TMS Entertainment",Traditional,,,"June 28, 2019",62 minutes
2019,Arctic Dogs,Canada United States,Aaron Woodley,Assemblage Entertainment AMBI Media Group AIC Studios,CG animation,,[ 11 ],"November 1, 2019",93 minutes
2019,Arkie,Canada Australia,Luke Jurevicius,Nitrogen Studios Passion Pictures Luma,CG animation,,Based on Scarygirl [ 12 ] [ 13 ] [ 14 ],,
2019,Astro Kid Terra Willy: Planète inconnue,France,Éric Tosti,TAT Productions BAC Films France 3 cinéma Logical Pictures Master Films,CG animation,,[ 15 ],"April 2019 (Beijing International Film Festival) April 3, 2019 (France)",89 minutes
2019,Away,Latvia,Gints Zilbalodis,Bilababa,Traditional,,[ 16 ],"June 4, 2019 ( Animafest Zagreb ) [ 17 ]",75 minutes
2019,Batman vs. Teenage Mutant Ninja Turtles,United States,Jake Castorena,Warner Bros. Animation DC Entertainment Nickelodeon,Traditional,,[ 18 ],"March 31, 2019 ( WonderCon Anaheim ) May 14, 2019 ( Digital ) [ 19 ]",84 minutes
2019,Batman: Hush,United States,Justin Copeland,Warner Bros. Animation DC Entertainment,Traditional,,,"July 19, 2019 ( San Diego Comic-Con ) July 20, 2019",82 minutes
2019,Bayala: A Magical Adventure [ citation needed ],Germany Luxembourg,Aina Järvine Federico Milella,Fabrique d'Images Ulysses Filmproduktion,CG animation,,[ 20 ],"May 1, 2019 (International Festival of Animated Film)",85 minutes [ 21 ]
2019,The Bears' Famous Invasion of Sicily La Fameuse Invasion des ours en Sicile [ 22 ],France Italy,Lorenzo Mattotti,Prima Linea,Traditional CG animation,,[ 23 ],"May 21, 2019 ( Cannes ) [ 24 ] October 9, 2019 (France) November 7, 2019 (Italy)",82 minutes
2019,Benyamin,Iran,Mohsen Enayati,Ayandeh Negar Animation Studio,CG Animation,,,"February 1, 2019 ( Fajr Film Festival ) September 15, 2019 (Isfahan International Festival of Films for Children & Young Adults September 15, 2019 (Iran)",83 minutes
2019,The Big Trip,Russia United States,Vasily Rovensky Natalya Nilova,Licensing Brands,CG animation,,[ 25 ] [ citation needed ],"April 12, 2019",84 minutes
2019,Birds of a Feather Manou the Swift [ citation needed ],Germany,Christian Haas Andrea Block,LUXX Film,CG animation,,[ 26 ],"February 28, 2019",90 minutes
2019,BoBoiBoy Movie 2,Malaysia,Nizam Razak,Animonsta Studios,CG animation,,[ 27 ],"August 8, 2019",110 minutes
2019,Bombay Rose,India,Gitanjali Rao,Cinestaan Film Company,Traditional,,[ 28 ],"August 28, 2019 ( Venice ) March 8, 2021",97 minutes [ 29 ]
2019,Boonie Bears: Blast Into the Past Xiong chu mo: Yuan shi shi dai,China,Liang Ding Huida Lin,Tianjiin Lechuang Pictures Fantawild Pictures,CG animation,,[ 30 ],"February 5, 2019",90 minutes
2019,Boxi and the Lost Treasure hu:Boxi a Film [ 31 ] [ 32 ],Hungary,Béla Klingl Áron Gauder Péter Horog Árpád Koós József Sándor,KGB Studio,CG animation,,TV Movie [ 33 ],"October 20, 2019 (M2 TV premiere)",61 minutes
2019,Brave Rabbit 3: the Crazy Time Machine 闯堂兔3囧囧时光机,China,Zeng Xianlin,,CG animation,,,"January 18, 2019",88 minutes
2019,Captain Sabertooth and the Magic Diamond Kaptein Sabeltann og den magiske diamant,Norway Belgium,Rasmus A. Sivertsen Marit Moum Aune,Qvisten Animation,CG animation,,[ 34 ] [ 35 ] [ 36 ],"September 27, 2019 [ 37 ]",81 minutes [ 37 ]
2019,Chhota Bheem: Kung Fu Dhamaka,India,Rajiv Chilaka,Green Gold Animations,CG animation,,[ 38 ],"May 10, 2019",113 minutes
2019,Children of the Sea,Japan,Ayumu Watanabe,Studio 4°C,Traditional,,[ 39 ],"May 19, 2019 ( Tokyo ) June 7, 2019 (rest of Japan)",111 minutes [ 40 ]
2019,City Hunter the Movie: Shinjuku Private Eyes,Japan,Kenji Kodama,Sunrise,Traditional,,[ 41 ],"February 8, 2019",95 minutes
2019,Clara,Ukraine,Oleksandr Klymenko,Image Pictures,CG animation,,[ 42 ] [ 43 ],"October 26, 2019",87 minutes
2019,Code Geass: Lelouch of the Re;surrection,Japan,Goro Taniguchi,Sunrise,Traditional,,[ 44 ],"February 9, 2019",114 minutes [ 45 ] [ 46 ]
2019,Curious George: Royal Monkey,United States,Norton Virgien,Universal Animation Studios Imagine Entertainment Universal 1440 Entertainment Tycoon Animation BV Animation Studio,Flash animation,,,"September 10, 2019",86 minutes
2019,Dajjal The Slayer and His Followers,Pakistan United Kingdom Turkey Malaysia Indonesia Jordan,Rana Abrar,WBJ Media Messenger2050,CG animation,,[ 47 ],December 2018 [ 48 ],100 minutes
2019,Detective Conan: The Fist of Blue Sapphire,Japan,Tomoka Nagaoka,TMS Entertainment,Traditional,,[ 49 ],"April 12, 2019",109 minutes
2019,Detective Pikachu,United States Japan,Rob Letterman,Warner Bros. Pictures Legendary Pictures The Pokémon Company,CG animation / Live-action,,,"May 3, 2019 (Japan) May 10, 2019 (United States)",104 minutes [ 50 ]
2019,Dora and the Lost City of Gold,United States,James Bobin,Paramount Players Nickelodeon Movies Walden Media MRC Burr! Productions,CG Animation Live-action,,,"August 9, 2019",102 minutes
2019,Doraemon: Nobita's Chronicle of the Moon Exploration,Japan,Shinnosuke Yakuwa,Fujiko Pro Shogakukan-Shueisha Productions TV Asahi Shin-Ei Animation Asatsu-ADK,Traditional,,[ 51 ],"March 1, 2019",111 minutes [ 52 ]
2019,Dragon Quest: Your Story,Japan,Ryūichi Yagi Makoto Hanabusa,Shirogumi,CG animation,,[ 53 ],"July 16, 2019",102 minutes
2019,Dumbo (2019 film),United States,Tim Burton,Walt Disney Pictures Tim Burton Productions,Live-Action CG animation,,[ 54 ] [ 55 ] [ 56 ] [ 57 ] [ 58 ],"March 11, 2019 ( Los Angeles ) March 29, 2019 (rest of the United States)",112 minutes [ 59 ]
2019,Ejen Ali: The Movie,Malaysia,Usamah Zaid Yasin,WAU Animation,CG animation,,[ 60 ],"November 28, 2019",97 minutes
2019,Elcano & Magellan: The First Voyage Around the World,Spain,Ángel Alonso,Dibulitoon Studio,CG animation,,[ 61 ],"March 23, 2019 ( Málaga ) July 5, 2019 (Spain)",90 minutes
2019,The Elfkins – Baking a Difference,Germany Austria,Ute von Münchow-Pohl [ fr ],Akkord Film,CG animation,,[ 62 ] [ 63 ],"October 8, 2019 (Schlingel) January 30, 2020",75 minutes [ 64 ]
2019,Fantastic Return to Oz Урфин Джюс возвращается,Russia,Fyodor Dmitriev,Melnitsa Animation Studio,CG animation,,[ 65 ],"October 24, 2019",77 minutes
2019,Fate/kaleid liner Prisma Illya: Prisma Phantasm,Japan,Shin Oonuma,Silver Link,Traditional,,,"June 14, 2019",62 minutes
2019,Fate/stay night: Heaven's Feel II. Lost Butterfly,Japan,Tomonori Sudō,Ufotable,Traditional,,[ 66 ],"January 12, 2019",117 minutes [ 67 ]
2019,Fixies Vs. Crabots Фиксики против кработов,Russia,Oleg Uzhinov Vasiko Bedoshvili,Aeroplane JSC Blitz Films,CG animation,,[ 68 ],"December 19, 2019",83 minutes
2019,Foodiverse Chihuo Yuzhou,China,Liaoyu Chen Paulette Victor-Lifton,Odin's Eye Entertainment,CG animation,,,"December 16, 2019",89 minutes 78 minutes (South Korea)
2019,Fritzi – A Revolutionary Tale,Germany Belgium Luxembourg Czech Republic,Ralf Kukula Matthias Bruhn,Balance Film GmbH TrickStudio Lutterbeck Doghouse Films Artémis Productions MAUR Film,Traditional,,[ 69 ],"September 30, 2019",86 minutes [ 70 ]
2019,Frozen 2,United States,Chris Buck Jennifer Lee,Walt Disney Pictures Walt Disney Animation Studios,CG animation,,[ 71 ],"November 7, 2019 ( Dolby Theatre ) November 22, 2019 (United States)",104 minutes
2019,GG Bond: Lollipop in Fantasy,China,Jinming Lu Zhong Yu,WinSing,CG animation,,,"July 5, 2019",85 minutes
2019,Girls und Panzer das Finale: Part 2,Japan,Tsutomu Mizushima,Actas,Traditional,,[ 72 ],"June 15, 2019",54 minutes
2019,The Haunted House: The Sky Goblin VS Jormungandr 신비아파트 극장판 하늘도깨비 대 요르문간드,South Korea,Byun Young-kyu,"CJ ENM , Studio BAZOOKA",Traditional,,[ 73 ],"December 19, 2019",97 minutes
2019,Hello World! Bonjour le monde!,France,Anne-Lise Koehler Éric Serre,Kids First Normaal Animation,Stop motion,,,"October 2, 2019",67 minutes
2019,Hello World,Japan,Tomohiko Itō,Graphinica,Traditional,,[ 74 ],"September 11, 2019 (Kyoto) September 20, 2019 (Japan)",98 minutes [ 75 ]
2019,Homeless,Chile Argentina,Jorge Campusano José Ignacio Navarro Santiago O'Ryan,Fábula Laurent Lunes,Traditional,,,"June 14, 2019 ( Annecy ) August 29, 2019 (Chile)",88 minutes
2019,How to Train Your Dragon: The Hidden World,United States,Dean DeBlois,Universal Pictures DreamWorks Animation,CG animation,,[ 76 ] [ 77 ] [ 78 ] [ 79 ] [ citation needed ],"January 3, 2019 (Australia) February 22, 2019 (United States)",104 minutes [ 80 ]
2019,I Lost My Body J'ai perdu mon corps [ citation needed ],France,Jérémy Clapin,Xilam,Traditional CG animation,,[ 81 ],"May 17, 2019 ( Cannes ) [ 82 ] November 6, 2019 (France) [ 83 ]",81 minutes
2019,Invader Zim: Enter the Florpus,United States,Jhonen Vasquez,Netflix Nickelodeon Animation Studio,Traditional,,,"August 16, 2019",71 minutes
2019,Ivan Tsarevich and the Gray Wolf 4 Иван Царевич и Серый волк 4,Russia,Darina Schmidt Konstantin Feoktistov,Melnitsa Animation Studio,Traditional,,[ 84 ],"December 26, 2019",88 minutes
2019,"Jacob, Mimmi and the Talking Dogs Jekabs, Mimmi un runajosie suni [ citation needed ]",Latvia Poland,Edmunds Jansons,Atom Art Letko,Traditional,,[ 85 ],"July 20, 2019 ( Giffoni Film Festival ) September 21, 2019 (Kino Dzieci) October 1, 2019 (Latvia)",70 minutes [ 86 ]
2019,Justice League vs. the Fatal Five,United States,Sam Liu,Warner Bros. Animation DC Entertainment,Traditional,,,"March 29, 2019 ( WonderCon Anaheim) [ 87 ] March 30, 2019 [ 88 ]",77 minutes
2019,Kiangnan 1894,China,Xiaogang Wu,SMG Pictures,Traditional,,[ 89 ],"September 27, 2019",85 minutes
2019,Klaus,Spain United States,Sergio Pablos,SPA Studios Netflix Atresmedia Cine,Traditional CG animation,,[ 90 ] [ 91 ] [ 92 ],"November 8, 2019",97 minutes
2019,The Knight and the Princess,Egypt,Bashir el-Deek,Alsahar Animation,Traditional,,[ 93 ] [ 94 ],"September 19, 2019 (El Gouna Film Festival) January 29, 2020 ( Cairo )",97 minutes
2019,Kral Şakir: Korsanlar Diyari,Turkey,Haluk Can Dizdaroglu Berk Tokay,Grafi2000 BKM,CG animation,,,"October 4, 2019",93 minutes
2019,The Kuflis 2 hu:Mi újság kuflik?,Hungary,Kristóf Jurik Géza M. Tóth,KEDD Animation Studio,CG 2D animation,,[ 95 ] [ 96 ],"October 3, 2019",77 minutes
2019,Latte and the Magic Waterstone,Germany Belgium,Mimi Maynard,Dreamin' Dolphin Film GmbH Eagle Eye Filmproduktion,CG animation,,[ 97 ],"October 9, 2019 (Schlingel) December 25, 2019 (Germany) July 31, 2020 ( Netflix ) April 24, 2021 (United States)",82 minutes
2019,The Legend of Hei Luo Xiao Hei zhan ji,China,MTJJ,Mutou Beijing Joy Pictures MTJJ Animation Beijing Jiyin Yinghua Beijing Han Mu Chun Hua Animation,Traditional,,[ 98 ],"August 27, 2019 (limited: selected Wanda & Hoyts Cinema in 28 cities) September 7, 2019 (China)",101 minutes
2019,Lego DC Batman: Family Matters,United States,Matt Peters,Warner Bros. Animation DC Entertainment The Lego Group,CG animation,,,"July 21, 2019 ( San Diego Comic-Con ) August 20, 2019 ( Digital , DVD and Blu-ray [ 99 ] )",72 minutes [ 100 ]
2019,The Lego Movie 2: The Second Part,United States Australia Denmark,Mike Mitchell [ 101 ],Warner Animation Group,CG animation,,[ 102 ] [ 103 ] [ 104 ] [ 105 ] [ 106 ],"February 2, 2019 ( Regency Village Theatre ) February 7, 2019 (Denmark) February 8, 2019 (United States) March 21, 2019 (Australia)",107 minutes [ 107 ]
2019,The Lion King,United States,Jon Favreau,Walt Disney Pictures Fairview Entertainment Moving Picture Company,CG animation,,[ 108 ] [ 109 ],"July 9, 2019 ( Hollywood ) July 19, 2019 (United States)",118 minutes [ 110 ]
2019,Lotte and the Lost Dragons Lotte ja kadunud lohed [ citation needed ],Latvia Estonia,Heiki Ernits Janno Põldma,Eesti Joonisfilm Rija Films,Traditional,,[ 111 ],"January 4, 2019",78 minutes
2019,Love Live! Sunshine!! The School Idol Movie: Over the Rainbow,Japan,Kazuo Sakai,Sunrise,Traditional,,[ 112 ],"January 4, 2019",100 minutes
2019,Lupin III: The First,Japan,Takashi Yamazaki,Marza Animation Planet TMS Entertainment,CG animation,,[ 113 ] [ 114 ],"October 18, 2019 ( Tokyo Midtown Hibiya ) December 6, 2019 ( Japan )",93 minutes
2019,Marona's Fantastic Tale L'Extraordinaire Voyage de Marona,France Belgium Romania,Anca Damian,Aparte Film Minds Meet Sacrebleu Productions,Traditional,,[ 115 ] [ 116 ],"June 10, 2019 ( Annecy International Animation Film Festival ) January 8, 2020 (France)",92 minutes
2019,Master Jiang and the Six Kingdoms,China,Li Wei Pei Fei,DigiToon CUC Anima,Traditional CG animation,,[ 117 ],"October 1, 2020",110 minutes
2019,Mewtwo Strikes Back: Evolution,Japan,Kunihiko Yuyama Motonori Sakakibara,OLM Digital,CG animation,,[ 118 ],"July 4, 2019 (Los Angeles) July 12, 2019 (Japan)",98 minutes
2019,Missing Link,United States,Chris Butler,Laika,Stop motion,,[ 119 ],"April 5, 2019 (United Kingdom) April 7, 2019 ( New York City ) April 12, 2019 (United States)",94 minutes [ 6 ]
2019,Monty and the Street Party,Denmark Belgium,Anders Morgenthaler Mikael Wulff,Zentropa Entertainments New Creations Caviar Films,CG animation,,,"September 26, 2019",80 minutes
2019,Mosley,New Zealand,Kirby Atkins,Huhu Studios China Film Animation,CG animation,,[ 120 ],"October 10, 2019 [ 121 ]",97 minutes [ 122 ]
2019,My Hero Academia: Heroes Rising 僕のヒーローアカデミア THE MOVIE ヒーローズ:ライジング,Japan,Kenji Nagasaki,Bones,Traditional,,[ 123 ] [ 124 ] [ 125 ] [ 126 ] [ 127 ] [ 128 ] [ 129 ],"December 20, 2019",104 minutes
2019,My Little Pony: Rainbow Roadtrip,,,"June 29, 2019",60 minutes,,,,
2019,Ne Zha Ne zha zhi mo tong jiang shi [ citation needed ],China,Jiaozi,Yu Yang Coco Cartoon Horgos Coloroom Pictures October Media,CG animation,,[ 130 ],"July 11, 2019 (Beijing) [ citation needed ] July 13, 2019 ( IMAX , CFGS ) [ 131 ] [ 132 ] July 26, 2019 [ 131 ]",110 minutes [ 133 ] [ 131 ] [ 132 ]
2019,Nimuendajú,Brazil France Germany,Tania Anaya,Anaya Produções Zebra Cinema,Traditional,,[ 134 ],,
2019,Ni no Kuni,Japan,Yoshiyuki Momose,"OLM, Inc.",Traditional,,[ 135 ],"August 23, 2019",106 minutes [ 136 ]
2019,Norm of the North: King Sized Adventure,United States,Richard Finn Tim Maltby,Assemblage Entertainment Dream Factory Group Splash Entertainment,CG animation,,[ 137 ],"June 11, 2019",90 minutes
2019,The Old Man Vanamehe film,Estonia,Mikk Mägi Oskar Lehemaa,BOP Animation,Stop motion,,[ 138 ],"September 27, 2019",88 minutes
2019,One Piece: Stampede,Japan,Takashi Otsuka,Toei Animation,Traditional,,[ 139 ],"August 1, 2019 (premiere) August 9, 2019 (Japan)",101 minutes
2019,On-Gaku: Our Sound,Japan,Kenji Iwaisawa,Rock’n Roll Mountain Tip Top,Traditional,,[ 140 ],"September 26, 2019",71 minutes [ 141 ]
2019,Osomatsu-san the Movie,Japan,Yōichi Fujita,Pierrot,Traditional,,[ 142 ],"March 15, 2019",108 minutes
2019,Peppa Celebrates Chinese New Year,United Kingdom,Dapeng Zhang,Astley Baker Davies Ltd Entertainment One,Flash animation,,,"February 5, 2019",81 minutes
2019,Peppa Pig: Festival of Fun,United Kingdom,Neville Astley Mark Baker,Astley Baker Davies Ltd Entertainment One,Flash animation,,,"April 5, 2019",68 minutes
2019,Pets United,Germany China United Kingdom,Reinhard Klooss,Joyhil Media And Culture Screencraft Entertainment Timeless Films Eurosino Entertainment GmbH China Film Group Fish Blowing Bubbles PlayArte Pictures,CG animation,,[ 143 ] [ 144 ] [ 145 ],"November 8, 2019",92 minutes
2019,The Pilgrim's Progress,United States,Robert Fernandez,Cat In The Mill Studio,CG animation,,[ 146 ],"April 18, 2019",113 minutes
2019,Pinkfong & Baby Shark's Space Adventure,South Korea United States Malaysia,Byeon Hee-sun Jinyoung Jung Nayoon Kim,CJ Entertainment Pinkfong SmartStudy,CG animation,,[ 147 ],"December 12, 2019 (Singapore) January 30, 2020 (South Korea) January 15, 2021 ( Netflix ) October 9/10, 2021 (United States) December 22, 2021 ( YouTube ) December 25, 2021 ( EBC Yoyo )",65 minutes
2019,Playmobil: The Movie,Canada France Germany,Lino DiSalvo,Open Road Films Pathé On Animation Studios,CG animation,,[ 148 ] [ 149 ] [ citation needed ],"June 10, 2019 ( Annecy ) August 7, 2019 (France)",99 minutes [ 150 ]
2019,Pororo Movie: Great Adventure on Treasure Island 뽀로로 극장판 보물섬 대모험,South Korea,Kim Hyun-ho Yoon Chang-seop,,CG animation,,,"April 25, 2019",79 minutes
2019,Princess Emmy [ citation needed ],France Germany Belgium United Kingdom,Piet De Rycker [ fr ],Animationsfabrik Red Kite Animations Studio 100 Witebox,Traditional,,[ 151 ],"March 28, 2019",78 minutes [ 152 ]
2019,The Prince's Voyage Le Voyage du prince [ 153 ],France Luxembourg,Jean-François Laguionie Xavier Picard,Blue Spirit Mélusine Productions,Traditional CG animation,,[ 154 ],"June 11, 2019 ( Annecy ) December 4, 2019 (France)",77 minutes
2019,Princess Principal 2: Episode 1,Japan,Masaki Tachibana,Studio 3Hz Actas,Traditional,,[ 155 ],"September 23, 2019",
2019,Promare,Japan,Hiroyuki Imaishi,Studio Trigger,Traditional,,[ 156 ],"May 15, 2019 (Tokyo premiere) [ 157 ] May 24, 2019 (general release) [ 157 ]",112 minutes [ 158 ]
2019,Qiaohu and the Fantastic Flying Ship,China Japan,Kawamura Tomohiro,Benesse,CG animation,,Also known as Shimajiro and the Fantastic Flying Ship in 2021 [ 159 ],"June 1, 2019",80 minutes
2019,The Queen's Corgi Royal Corgi [ citation needed ],Belgium,Ben Stassen,Belga Productions nWave Pictures,CG animation,,[ 160 ],"January 16, 2019 (L'Alpe d'Huez) April 3, 2019 (Belgium)",85 minutes
2019,Rascal Does Not Dream of a Dreaming Girl,Japan,Sōichi Masui,CloverWorks,Traditional,,[ 161 ] [ 162 ] [ 163 ],"June 15, 2019",89 minutes
2019,Red Shoes and the Seven Dwarfs [ citation needed ],South Korea,Sung-ho Hong,Locus Animation Studio,CG animation,,[ 164 ],"July 25, 2019 (South Korea) September 18, 2020 (United States)",92 minutes
2019,Reign of the Supermen,United States,Sam Liu,Warner Bros. Animation DC Entertainment,Traditional,,[ 165 ],"January 13, 2019 ( limited ) January 15, 2019 (Digital download and Blu-ray)",87 minutes [ 166 ]
2019,Ride Your Wave,Japan,Masaaki Yuasa,Science SARU,Traditional,,[ 167 ],"June 10, 2019 ( Annecy ) June 21, 2019",96 minutes
2019,Rocko's Modern Life: Static Cling,United States,Joe Murray,Netflix Nickelodeon Animation Studio,Traditional,,,"August 9, 2019",45 minutes
2019,Salma's Big Wish Dia de muertos,Mexico,Carlos Gutiérrez Medrano,Metacube,CG animation,,[ 168 ] [ 169 ] [ 170 ],"March 8, 2019 (Festival Internacional de Cine en Guadalajara) February 5, 2020 (France)",88 minutes
2019,SamSam,France Belgium,Tanguy de Kermel,StudioCanal [ 171 ],CG animation,,[ 172 ],"December 7, 2019 ( Annecy Festival ) October 30, 2019 (France)",80 minutes [ 173 ]
2019,Scooby-Doo! and the Curse of the 13th Ghost,United States,Cecilia Aranovich Hamilton,Warner Bros. Animation Hanna-Barbera,Traditional,,,"February 5, 2019 (DVD and digital) [ 174 ]",82 minutes [ 175 ]
2019,Scooby-Doo! Return to Zombie Island,United States,Cecilia Aranovich Hamilton Ethan Spaulding,Warner Bros. Animation Hanna-Barbera,Traditional,,,"July 21, 2019 ( San Diego Comic-Con ) September 3, 2019 [ 176 ]",80 minutes (DVD) [ 177 ]
2019,The Secret Life of Pets 2,United States,Chris Renaud,Universal Pictures Illumination,CG animation,,[ 178 ] [ citation needed ] [ 179 ],"May 24, 2019 (United Kingdom) June 7, 2019 (United States)",86 minutes [ 180 ]
2019,Sheep and Wolves: Pig Deal,Russia,Vladimir Nikolaev Mikhail Babenko,Wizart Animation,CG animation,,[ 181 ],"January 24, 2019 (Russia) August 10, 2020 (United Kingdom) January 29, 2021 (United States)",85 minutes [ 182 ]
2019,Shimajiro the Movie: Shimajiro and Ururu's Hero Island,Japan Indonesia China,Takamitsu Kawamura Ryoji Aoki,Benesse Toho Sony Music Direct,Live Action Traditional,,[ 183 ],"March 15, 2019",58 Minutes
2019,Sound! Euphonium: The Movie – Our Promise: A Brand New Day,Japan,Tatsuya Ishihara,Kyoto Animation,Traditional,,[ 184 ],"April 19, 2019",100 minutes
2019,Spies in Disguise,United States,Nick Bruno Troy Quane,20th Century Fox 20th Century Fox Animation Blue Sky Studios,CG animation,,[ 185 ] [ citation needed ] [ 186 ],"December 4, 2019 ( El Capitan Theatre ) December 25, 2019 (United States)",102 minutes [ 187 ]
2019,Spycies,China France,Guillaume Ivernel Zhiyi Zhang,Lux Populi VFX iQIYI Motion Pictures,CG animation,,[ 188 ],"June 14, 2019 (Annecy) January 11, 2020",99 minutes
2019,StarDog and TurboCat,United Kingdom,Ben Smith,Head Gear Films,CG animation,,[ 189 ],"December 6, 2019",90 minutes
2019,Steven Universe: The Movie,United States,Rebecca Sugar Joe Johnston (co) Kat Morris (co),Cartoon Network Studios,Traditional,,[ 190 ],"September 2, 2019",82 minutes
2019,The Swallows of Kabul Les Hirondelles de Kaboul [ citation needed ],France Switzerland Luxembourg Monaco,Zabou Breitman Eléa Gobbé-Mévellec,Les Armateurs Mélusine Productions Studio 352 Close Up Films,Traditional CG animation,,[ 191 ],"May 16, 2019 ( Cannes ) September 4, 2019 (France)",81 minutes
2019,The Swan Princess: Kingdom of Music,United States,Richard Rich,Sony Pictures Home Entertainment Crest Animation Productions,CG Animation,,,"August 6, 2019",82 minutes
2019,Teen Titans Go! vs. Teen Titans,United States,Jeff Mednikow,Warner Bros. Animation DC Entertainment,Flash animation,,,"July 21, 2019 ( San Diego Comic-Con ) [ 192 ] September 24, 2019 (United States)",77 minutes
2019,The Test of Time De tand des tijds,Netherlands,Joost Van Den Bosch Erik Verkerk,Eyeworks BosBros Eén,Flash animation,,,"February 21, 2019",72 minutes
2019,Toy Story 4,United States,Josh Cooley,Walt Disney Pictures Pixar Animation Studios,CG animation,,[ 193 ] [ 194 ] [ 195 ] [ 196 ],"June 11, 2019 ( El Capitan Theatre ) June 21, 2019 (United States)",100 minutes
2019,Trouble,United States Canada,Kevin Johnson,3QU Media Vanguard Animation Cinesite,CG animation,,[ 197 ],"August 8, 2019 (Thailand) May 28, 2021 (United States) March 2, 2022 (Turkey)",87 minutes
2019,"Turu, the Wacky Hen",Spain Argentina,Eduardo Gondell Víctor Monigote,Argentina Sono Film S.A.C.I. Brown Films AIE Gloriamundi Producciones,CG animation,,[ 198 ],"September 21, 2019 ( SSIFF ) January 1, 2020 (Spain)",80 minutes
2019,UglyDolls,United States,Kelly Asbury [ 199 ],STX Entertainment,CG animation,,[ 200 ] [ citation needed ],"May 3, 2019",87 minutes [ 201 ]
2019,Upin & Ipin: Keris Siamang Tunggal Upin & Ipin: The Lone Gibbon Kris,Malaysia,Ahmad Razuri Roseli Adam Amiruddin Syed Nurfaiz Khalid Syed Ibrahim,Les' Copaque Production,CG animation,,[ 202 ],"March 21, 2019",100 minutes
2019,Urbanus: Cash for Trash Urbanus: De Vuilnisheld,Belgium Netherlands,Joost Van Den Bosch Erik Verkerk,The Film Kitchen,Flash animation,,,"February 27, 2019",82 minutes
2019,Violet Evergarden: Eternity and the Auto Memory Doll ヴァイオレット・エヴァーガーデン 外伝 - 永遠と自動手記人形,Japan,Haruka Fujita,Kyoto Animation,Tradiational,,,"August 3, 2019 (Germany) September 6, 2019 (Japan)",90 minutes
2019,Weathering with You Tenki no Ko,Japan,Makoto Shinkai,CoMix Wave Films,Traditional,,[ 203 ],"July 19, 2019",112 minutes [ 204 ]
2019,White Snake 白蛇：缘起 ( Bai she: yuan qi ),China,Amp Wong,Light Chaser Animation Studios Warner Bros.,CG animation,,[ 205 ],"January 11, 2019",99 minutes [ 206 ]
2019,The Wishmas Tree,Australia,Ricard Cussó,Like a Photon Creative,CG animation,,[ 207 ] [ 208 ] [ 209 ] [ 210 ],"October 5, 2019 ( Brisbane International Film Festival ) February 27, 2020 (Australia)",90 minutes
2019,The Wonderland,Japan,Keiichi Hara,Fuji TV Dentsu Aniplex,Traditional,,[ 211 ],"April 26, 2019",115 minutes
2019,Wonder Woman: Bloodlines,United States,Sam Liu Justin Copeland,Warner Bros. Animation DC Entertainment,Traditional,,,"October 5, 2019",79 minutes [ 212 ]
2019,Wonder Park,United States Spain,Dylan Brown (uncredited),Paramount Animation Ilion Animation Studios,CG animation,,[ 213 ] [ 214 ],"March 15, 2019 (United States) April 12, 2019 (Spain)",85 minutes [ 133 ]
2020,100% Wolf,Australia,Alexs Stadermann,Flying Bark Productions Siamese Pty Ltd.,CG animation,,[ 1 ],"May 29, 2020 [ 2 ]",96 minutes [ 3 ]
2020,ACCA: 13-Territory Inspection Dept. – Regards,Japan,Shingo Natsume,Madhouse,Traditional,,[ 4 ],"February 14, 2020",47 minutes
2020,Accidental Luxuriance of the Translucent Watery Rebus,Croatia,Dalibor Baric,Kaos,Multimedia,,[ 5 ],"June 15, 2020 ( Annecy ) [ 6 ]",81 minutes
2020,A Costume for Nicholas Un disfraz para Nicolás,Mexico,Eduardo Rivero,Fotosíntesis Media,Traditional Flash animation,,[ 7 ] [ 8 ],"September 3, 2020",80 minutes
2020,Alibaba and the Magic Lamp,China,Zhu Ge,Beijing Yingwo Culture Media Co Ltd.,CG animation,,[ 9 ],"August 29, 2020",80 minutes
2020,Alien Xmas,United States,Stephen Chiodo,Chiodo Brothers Productions Golem Creations Sonar Entertainment Netflix,Stop-motion,,[ 10 ],"November 20, 2020",42 minutes
2020,Altered Carbon: Resleeved,Japan United States,Takeru Nakajima Yoshiyuki Okada,Studio Anima Netflix,Traditional,,[ 11 ],"March 19, 2020",74 minutes
2020,Angela's Christmas Wish,Ireland,Damien O'Connor,Brown Bag Films,CG animation,,[ 12 ],"December 1, 2020",47 minutes
2020,Avera and the mystical Kingdom 2,China,Dai Chang Hao,Hefei Chuangxin Fuhao Entertainment Co Ltd.,Traditional,,[ 13 ],"August 24, 2020",81 minutes
2020,A Whisker Away,Japan,Junichi Sato Tomotaka Shibayama,Studio Colorido,Traditional,,[ 14 ],"June 18, 2020",104 minutes [ 15 ]
2020,Barbie: Princess Adventure,Canada,Conrad Helten,Mattel,CG animation,,[ 16 ],"September 1, 2020",72 minutes [ 17 ]
2020,Barkers: Mind the Cats! Барбоскины на даче,Russia,Elena Galdobina Fyodor Dmitriev,Melnitsa Animation Studio CTB Film Company,CG animation,,[ 18 ],"December 24, 2020",77 minutes
2020,Battle of Pressburg hu:A pozsonyi csata,Hungary,Tamás Baltavári,Magyarságkutató Intézet,CG animation,,TV movie,"December 21, 2020 (M5 TV premiere)",52 minutes
2020,Batman: Death in the Family,United States,Brandon Vietti,Warner Bros. Animation DC Entertainment,Traditional,,[ 19 ],"October 13, 2020",18–30 minutes 95 minutes (Digital)
2020,Beauty Water,South Korea,Kyung-hun Cho,SS ANIMENT INC. Byungjin JEON STUDIO ANIMA,Traditional,,[ 20 ],"September 9, 2020",85 minutes
2020,Berry and Dolly - Fairy Cards hu:Bogyó és Babóca 4 - Tündérkártyák,Hungary,Antonin Krizanics Géza M. Tóth,Kedd Animation Studio,Traditional,,,"July 9, 2020 (Hungary premiere)",72 minutes
2020,BEM: Become Human,Japan,Hiroshi Ikehata,Production I.G,Traditional,,[ 21 ],"October 2, 2020",90 minutes
2020,Ben 10 Versus the Universe: The Movie,United States,Man of Action,Cartoon Network Studios,Traditional,,[ 22 ],"October 10, 2020",72 minutes
2020,Bigfoot Family,Belgium France,Ben Stassen,nWave Pictures Octopolis Charades,CG animation,,[ 23 ] [ 24 ] [ 25 ],"August 5, 2020 (Belgium, France)",90 minutes
2020,Bobbleheads: The Movie,United States,Kirk Wise,Universal Pictures Home Entertainment,CG animation,,[ 26 ],"December 8, 2020",82 minutes
2020,Burn the Witch,Japan,Tatsuro Kawano,Studio Colorido,Traditional,,[ 27 ],"October 2, 2020",63 minutes [ 28 ]
2020,"Calamity, a Childhood of Martha Jane Cannary",France Denmark,Rémi Chayé,Maybe Movies,Traditional,,[ 29 ],"June 28, 2020 (Lyon) August 30, 2020 ( Angoulême Francophone Film Festival ) October 14, 2020 (France)",85 minutes
2020,Casa: Perros vs. Aliens,Spain,Bruno Vega,BrocoTree Animation,Stop-motion,,[ 30 ] [ citation needed ],"October 2, 2020",73 minutes
2020,China Panda,China,Fengcheng Wang,Changzhou David Brothers Entertainment Co Ltd.,Traditional,,[ 31 ],"November 1, 2020",
2020,Christmas at Cattle Hill Jul på KuToppen [ citation needed ],Norway,Will Ashurst,Qvisten Animation,CG animation,,[ 32 ],"November 6, 2020",68 minutes [ 33 ]
2020,A Christmas Carol,United Kingdom,Jacqui Morris,Frith Street Films,CG animation Live action,,[ 34 ],"November 20, 2020",95 minutes
2020,Combat Wombat,Australia,Ricard Cussó,Like a Photon Creative,CG animation,,[ 35 ],"October 11, 2020 (Brisbane International Film Festival) October 15, 2020 (Australia)",80 minutes [ 36 ]
2020,Conni - Secret of Mau the Cat,Germany,Ansgar Niebuhr,Youngfilms Senator Film Produktion,CG animation,,[ 37 ],"July 2, 2020",76 minutes
2020,Cranston Academy: Monster Zone,Mexico United Kingdom,Leopoldo Aguilar,Ánima Estudios DNEG,CG animation,,[ 38 ],"March 12, 2020 (Portugal) June 26, 2020 (Mexico) October 30, 2020 (United States)",80 minutes
2020,Crayon Shin-chan: Crash! Rakuga Kingdom and Almost Four Heroes,Japan,Takahiko Kyōgoku,Shin-Ei Animation,Traditional,,[ 39 ],"September 11, 2020",103 minutes
2020,The Croods: A New Age,United States,Joel Crawford,Universal Pictures DreamWorks Animation,CG animation,,[ 40 ] [ 41 ],"November 25, 2020",95 minutes [ 42 ]
2020,"Curious George: Go West, Go Wild",United States,Michael LaBash,Peacock Universal Pictures Home Entertainment Universal Animation Studios Imagine Entertainment,Flash animation,,[ 43 ] [ 44 ],"September 8, 2020",85 minutes
2020,Daisy Quokka: World's Scariest Animal,Australia,Ricard Cussó,Like a Photon Creative,CG animation,,[ 45 ] [ 46 ],"November 28, 2020 (Children's International Film Festival) January 2021 (Australia)",89 minutes [ 47 ]
2020,Date A Bullet: Dead or Bullet,Japan,Jun Nakagawa,Geek Toys,Traditional,,[ 48 ],"August 14, 2020",24 minutes
2020,Date A Bullet: Nightmare or Queen,Japan,Jun Nakagawa,Geek Toys,Traditional,,[ 48 ],"November 13, 2020",29 minutes
2020,Demon Slayer: Kimetsu no Yaiba – The Movie: Mugen Train,Japan,Haruo Sotozak,Ufotable,Traditional,,[ 49 ],"October 16, 2020",117 minutes
2020,Digimon Adventure: Last Evolution Kizuna,Japan,Tomohisa Taguchi,Yumeta Company,Traditional,,[ 50 ],"February 21, 2020",94 minutes [ 51 ]
2020,Deathstroke: Knights & Dragons: The Movie,United States,Sung Jin Ahn,Warner Bros. Animation DC Entertainment,Traditional,,[ 52 ],"August 4, 2020 [ 53 ]",87 minutes [ 54 ]
2020,Dragon Rider,Germany Belgium,Tomer Eshed,Constantin Film,CG animation,,[ 55 ],"October 1, 2020",92 minutes
2020,Dreambuilders Drømmebyggerne,Denmark,Kim Hagen Jensen,Sola Media,CG animation,,[ 56 ],"February 6, 2020",81 minutes [ 57 ]
2020,Doraemon: Nobita's New Dinosaur,Japan,Kazuaki Imai,Toho,Traditional,,[ 58 ],"August 7, 2020",111 minutes
2020,Earwig and the Witch,Japan,Gorō Miyazaki,Studio Ghibli,CG animation,,[ 59 ],"December 30, 2020 ( NHK General TV ) August 27, 2021 (Theatrical)",82 minutes [ 60 ]
2020,El Camino de Xico,Mexico,Eric Cabello,Ánima Estudios,Flash animation,,[ 61 ],"November 12, 2020",86 minutes
2020,Ella Bella Bingo Elleville Elfrid,Norway,Atle Solberg Blakseth Frank Mosvold,Gimpville AS Kool Production AS,CG animation,,[ 62 ],"January 24, 2020",75 minutes [ 63 ]
2020,Fate/Grand Order: Camelot – Wandering; Agaterám,Japan,Kei Suezawa,Signal.MD,Traditional,,[ 64 ],"December 5, 2020",89 minutes [ 65 ]
2020,Fate/stay night: Heaven's Feel III. spring song,Japan,Tomonori Sudō,Ufotable,Traditional,,[ 66 ],"August 15, 2020",122 minutes [ 67 ]
2020,Fearless,Canada United States,Cory Edwards,Vanguard Animation 3QU Media Netflix,CG animation,,[ 68 ],"August 14, 2020",89 minutes
2020,Ginger's Tale,Russia,Konstantin Shchekin,Vverh Animation Studio,Traditional,,[ 69 ],"June 15, 2020 ( Annecy ) February 4, 2021 ( Russia )",92 minutes
2020,Given,Japan,Hikaru Yamaguchib,Lerche,Traditional,,[ 70 ],"August 22, 2020",59 minutes
2020,Goblin Slayer: Goblin's Crown,Japan,Takaharu Ozaki,White Fox,Traditional,,[ 71 ],"February 1, 2020",85 minutes
2020,"Guangyu, God of War",China,Zhizhong Cai,Beijing Weifeng Media Co Ltd.,CG animation,,[ 72 ],"January 11, 2020",87 minutes
2020,Grisaia: Phantom Trigger the Animation Stargazer,Japan,Tensho,Bibury Animation Studios,Traditional,,[ 73 ],"November 27, 2020",60 minutes
2020,Happy-Go-Lucky Days,Japan,Takuya Satō,Liden Films Kyoto Studio,Traditional,,[ 74 ],"October 23, 2020",54 minutes
2020,"Happy Halloween, Scooby Doo!",United States,Maxwell Atoms,Warner Bros. Animation Hanna-Barbera,Traditional,,[ 75 ],"October 6, 2020",80 minutes [ 76 ]
2020,"""Hataraku Saibō!!"" Saikyō no Teki, Futatabi. Karada no Naka wa ""Chō"" Ōsawagi!",Japan,Hirofumi Ogura,David Production,Traditional,,[ 77 ],"September 5, 2020",115 minutes
2020,The Hero Battle,China,Lu Dexinag,Shenzhen GDC Entertainment Co Ltd.,CG animation,,[ 78 ],"January 17, 2020",
2020,High School Fleet: The Movie,Japan,Yuu Nobuta Jun Nakagawa,A-1 Pictures,Traditional,,[ 79 ],"January 18, 2020",105 minutes [ 80 ]
2020,Homeward,United States,Michael Johnson,The Asylum,CG animation,,[ 81 ],"February 25, 2020 (Internet) February 28, 2020 (United States)",81 minutes
2020,Horse Julius and Big Horse Racing,Russia,Darina Schmidt Konstantin Feoktistov,Melnitsa Animation Studio CTB Film Company,Traditional,,[ 82 ],"December 31, 2020",77 minutes
2020,The Island of Giant Insects,Japan,Takeo Takahashi,Passione,Traditional,,[ 83 ],"January 10, 2020",76 minutes
2020,Jiang Ziya: Legend Of Deification,China,Cheng Teng Li Wei,Beijing Enlight Pictures,CG animation,,[ 84 ],"October 1, 2020",110 minutes
2020,"Josee, the Tiger and the Fish",Japan,Kotaro Tamura,Bones,Traditional,,[ 85 ],"October 30, 2020 ( Busan ) December 25, 2020 (Japan)",98 minutes [ 86 ]
2020,Josep,France Belgium Spain,Aurel,Les Films d’Ici Méditerranée Les Films du Poisson Rouge In Effecto Tchack Les Films d’Ici Lunanime Promenons-nous dans les bois,Traditional,,[ 87 ] [ 88 ] [ 89 ],"September 30, 2020",74 minutes [ 90 ]
2020,Jumper. Treasure Hunting 3D Прыг Скок в поисках сокровищ,Russia Kazakhstan,Arman Beisembayev,Cinema Tone Production Media Base,CG animation,,[ 91 ] [ 92 ],"September 17, 2020",72 minutes
2020,Jungle Beat: The Movie,Mauritius South Africa United Kingdom,Brent Dawes,Sunrise Productions Sandcastle Studios,CG animation,,[ 93 ],"June 15, 2020 (Annecy) [ 94 ] May 14, 2021 ( Netflix )",87 minutes [ 95 ]
2020,Justice League Dark: Apokolips War,United States,Matt Peters Christina Sotta,Warner Bros. Animation DC Entertainment,Traditional,,[ 96 ],"May 5, 2020 ( Digital download )",90 minutes [ 97 ]
2020,The Juvenile of King Yu,China,Jinbao Li,Hefei diffuse Film Co Ltd.,Traditional,,[ 98 ],"August 21, 2020",90 minutes
2020,Kill It and Leave This Town,Poland,Mariusz Wilczynski,Bombonierka,Traditional,,[ 99 ],"February 22, 2020 (Berlin) March 5, 2021",88 minutes
2020,Kimi wa Kanata,Japan,Yoshinobu Sena,Digital Network Animation,Traditional,,[ 100 ],"November 11, 2020 ( Ikebukuro ) November 27, 2020 (Japan)",95 minutes [ 101 ]
2020,Kung Fu Mulan,China,Guanghua Liao,Guangzhou Jinchuan Media Co Ltd.,CG animation,,[ 102 ],"October 3, 2020",100 minutes
2020,Kud Wafter,Japan,Yoshinobu Yamakawa,J.C. Staff,Traditional,,[ 103 ],"November 28, 2020",50 minutes
2020,Lady Buckit and the Motley Mopsters,Nigeria,Adebisi Adetayo,Hot Ticket Productions,CG animation,,[ 104 ] First Nigerian animated feature.,"December 11, 2020",80 minutes
2020,La liga de los 5,Mexico,Marvick Núñez,Ánima Estudios,Flash animation,,[ 105 ] [ 106 ],"January 10, 2020",89 minutes
2020,The Larva Island Movie,South Korea,Byoung-Wook Ahn,TUBA Entertainment,CG animation,,,"July 23, 2020",89 minutes
2020,L'étranger de la Plage,Japan,Akiyo Ohashi,Studio Hibari,Traditional,,[ 107 ],"September 11, 2020",59 minutes
2020,Lego DC Shazam! Magic and Monsters,United States,Matt Peters,Warner Bros. Animation DC Entertainment The Lego Group,CG animation,,[ 108 ],"April 28, 2020 (Digital) June 16, 2020 (DVD and Blu-ray [ 109 ] )",81 minutes
2020,Looking for Magical Doremi,Japan,Junichi Sato,Toei Animation,Traditional,,[ 110 ],"November 3, 2020 ( TIFF ) November 13, 2020",91 minutes
2020,"Love Me, Love Me Not",Japan,Toshimasa Kuroyanagi,A-1 Pictures,Traditional,,[ 111 ],"September 18, 2020",103 minutes
2020,Made in Abyss: Dawn of the Deep Soul,Japan,Masayuki Kojima,Kinema Citrus,Traditional,,[ 112 ],"January 17, 2020",105 minutes
2020,Magic Arch 3D Полное погружение,Russia,Vasiliy Rovenskiy,Licensing Brands Cinema Fund,CG animation,,[ 113 ],"December 3, 2020",83 minutes
2020,The Magnificent Kotobuki Complete Edition,Japan,Tsutomu Mizushima,GEMBA,Traditional,,[ 114 ],"September 11, 2020",119 minutes
2020,Marudase Kintarō,Japan,Hideki Araki,Seven,Traditional,,[ 115 ],"December 9, 2020",9 minutes
2020,Masameer: The Movie,Saudi Arabia,Malik Nejer,Myrkott Animation Studio,Flash animation,,[ 116 ],"January 9, 2020",110 minutes
2020,Mr.Miao,China,Lingxiao Li,Gudong animation studio,Traditional,,[ 117 ],"July 31, 2020",89 minutes
2020,Monster Strike The Movie: Lucifer Zetsubō no Yoake,Japan,Kobun Shizuno,Anima Dynamo Pictures,Traditional,,[ 118 ],"November 6, 2020",127 minutes
2020,Mortal Kombat Legends: Scorpion's Revenge,United States,Ethan Spaulding,Warner Bros. Animation NetherRealm Studios,Traditional,,[ 119 ],"April 14, 2020",80 minutes
2020,My Favorite War,Norway Latvia,Ilze Burkovska Jacobsen,Bivrost Film Ego Media,Flash animation,,[ 120 ],"June 15, 2020 ( Annecy ) August 26, 2020 ( Norwegian International Film Festival ) September 25, 2020 [ 121 ]",80 minutes
2020,Nahuel and the Magic Book Nahuel y el Libro Mágico,Chile Brazil,Germán Acuña,Coproducción Chile-Brasil Carburadores Punkrobot Estudio Red Animation Studios Levante Films Dragao Studios Gecko Animacion Draftoons Studios Thumbs Multimedia 315 Estudios Stoon Zentanauta Cabong Studios Intervalo Animator DL Assessoria Contrabil L+Z Fratem LMS Studio Latido Films,Traditional,,[ 122 ],"June 15, 2020 ( Annecy ) April 9, 2021 ( SIFF ) January 20, 2022 (Chile)",99 minutes
2020,The Nose or the Conspiracy of Mavericks,Russia,Andrey Khrzhanovsky,"School-Studio ""Shar""",Traditional,,[ 123 ],"January 27, 2020 ( IFFR ) March 11, 2021 (Russia)",89 minutes
2020,Norm of the North: Family Vacation,United States India,Anthony Bell,Assemblage Entertainment Dream Factory Group Splash Entertainment,CG animation,,[ 124 ],"February 25, 2020",90 minutes
2020,Octonauts & the Caves of Sac Actun,United Kingdom Canada,Blair Simmons,Silvergate Media Mainframe Studios,CG animation,,,"August 14, 2020",72 minutes
2020,Octonauts & the Great Barrier Reef,United Kingdom Canada,Blair Simmons,Silvergate Media Mainframe Studios,CG animation,,,"October 13, 2020",47 minutes
2020,Onward,United States,Dan Scanlon,Disney Pixar Animation Studios,CG animation,,[ 125 ],"February 21, 2020 ( Berlinale ) March 6, 2020 (United States)",102 minutes [ 126 ]
2020,The Orbit of Minor Satellites,United States,Chris Sullivan,Chris Sullivan Animation,Traditional,,[ 127 ],,
2020,Oresuki: Game Over,Japan,Noriaki Akitaya,Connect,Traditional,,,"September 2, 2020",70 minutes
2020,The Old Man and Two Mountains,China,Zhihong Chen Marc Handler,Toonmax Media Co Ltd.,Traditional,,[ 128 ] [ 129 ],"September 9, 2020",
2020,Over the Moon,United States China,Glen Keane John Kahrs,Netflix Pearl Studio,CG animation,,[ 130 ],"October 17, 2020 ( MFF ) October 23, 2020 (United States)",100 minutes
2020,Pat & Mat,China,Le Yang Chang Shu,"Beijing national shadow Film Publishing Co., Ltd",Stop-motion,,[ 131 ],"July 31, 2020",
2020,Little Vampire Petit Vampire,France Belgium,Joann Sfar,Autochenille Production,Traditional,,[ 132 ],"October 21, 2020 [ 133 ] [ citation needed ]",82 minutes [ 133 ] [ citation needed ]
2020,Phineas and Ferb the Movie: Candace Against the Universe,United States,Bob Bowen,Disney Disney Television Animation Disney+,Traditional,,[ 134 ],"August 27, 2020 ( D23 Gold Member Advance Screening ) August 28, 2020 (United States and Canada)",85 minutes [ 135 ]
2020,Pokémon the Movie: Secrets of the Jungle,Japan,Tetsuo Yajima,OLM,Traditional,,[ 136 ],"December 25, 2020",100 minutes
2020,Pretty Cure Miracle Leap: A Wonderful Day with Everyone,Japan,Fukuzawa Toshinori,Toei Animation,Traditional,,[ 137 ],"October 31, 2020",70 minutes
2020,Poupelle of Chimney Town,Japan,Yusuke Hirota,Studio 4°C,Traditional,,[ 138 ],"December 25, 2020",101 minutes
2020,Psycho-Pass 3: First Inspector,Japan,Naoyoshi Shiotani,Production I.G,Traditional,,[ 139 ],"March 27, 2020",137 minutes
2020,Punyakoti,India,Ravishankar Venkateswaran,Puppetica Media,Flash animation,,[ 140 ],"March 25, 2020 [ 141 ]",85 minutes
2020,Raggie Sipsik,Estonia Denmark,Meelis Arulepp Karsten Kiilerich,A. Film Production Copenhagen Bombay,CG animation,,[ 142 ],"February 19, 2020 [ 143 ]",74 minutes [ 144 ]
2020,The Red Scroll O Pergaminho Vermelho,Brazil,Nelson Botter Jr.,Tortuga Studios Vitrine Filmes,Flash animation,,,"October 22, 2020 ( São Paulo International Film Festival ) December 11, 2020 (Brazil)",90 minutes
2020,Revue Starlight Rondo Rondo Rondo,Japan,Tomohiro Furukawa,Kinema Citrus,Traditional,,[ 145 ],"August 7, 2020",119 minutes
2020,Saezuru Tori wa Habatakanai – The Clouds Gather,Japan,Kaori Makita,GRIZZLY,Traditional,,[ 146 ],"February 15, 2020",85 minutes
2020,Salute to the Heroes,China,Jianping Li Xiangnong Chen Cheng He Xia Han,China Film Animation Co Ltd. Huaxia Film Distribution Co Ltd.,CG animation,,[ 147 ],"October 23, 2020",
2020,Scoob!,United States,Tony Cervone,Warner Bros. Warner Animation Group Hanna-Barbera,CG animation,,[ 148 ] [ 149 ],"May 15, 2020",94 minutes
2020,Sekai-ichi Hatsukoi: Propose-hen,Japan,Tomoya Takahashi,Studio Deen,Traditional,,[ 150 ],"February 21, 2020",21 minutes
2020,Shirobako: The Movie,Japan,Tsutomu Mizushima,P.A. Works,Traditional,,[ 151 ],"February 29, 2020",119 minutes [ 152 ]
2020,Son of Dragon God,China,Fei Rui Hua,Guangdong Tianying International Film Co Ltd.,Traditional,,[ 153 ],"October 24, 2020",
2020,Sonic the Hedgehog,United States Japan Canada,Jeff Fowler,Paramount Pictures Original Film Sega Blur Studio Maria Animation Planet,CG animation Live-action,,[ 154 ],"January 25, 2020 (Paramount Pictures lot) February 14, 2020 (United States) June 26, 2020 (Japan)",99 minutes
2020,Soul,United States,Pete Docter,Disney Pixar Animation Studios,CG animation,,[ 155 ],"October 11, 2020 ( BFI Fest ) December 25, 2020 (United States) January 12, 2024 (United States; theatrical)",100 minutes
2020,Space Dogs: Return to Earth,Russia,Inna Evlannikova,KinoAtis Gorky Film Studios,CG animation,,[ 156 ],"September 24, 2020",80 minutes [ 157 ]
2020,The SpongeBob Movie: Sponge on the Run,United States,Tim Hill,Paramount Pictures Paramount Animation Nickelodeon Movies Mikros Image United Plankton Pictures,CG animation Live-action,,[ 158 ] [ 159 ],"August 14, 2020 (Canada) March 4, 2021 (United States)",91 minutes [ 160 ]
2020,Stand by Me Doraemon 2,Japan,Ryūichi Yagi Takashi Yamazaki,Shin-Ei Animation Shirogumi Robot Communications,CG animation,,[ 161 ],"November 20, 2020",96 minutes
2020,Superman: Man of Tomorrow,United States,Chris Palmer,Warner Bros. Animation DC Entertainment,Traditional,,[ 162 ],"August 23, 2020 Digital",86 minutes
2020,Superman: Red Son,United States,Sam Liu,Warner Bros. Animation DC Entertainment,Traditional,,[ 163 ],"February 25, 2020",84 minutes
2020,The Swan Princess: A Royal Wedding,United States,Richard Rich,Assemblage Entertainment Sony Wonder,CG animation,,[ 164 ],"August 4, 2020",83 minutes
2020,Trash,Italy,Francesco Dafano Luca della Grotta,Al One S.r.l.,CG animation,,[ 165 ],"October 16, 2020",88 minutes
2020,Trolls World Tour,United States,Walt Dohrn David P. Smith,Universal Pictures DreamWorks Animation,CG animation,,[ 166 ],"April 10, 2020",91 minutes [ citation needed ]
2020,True North,Indonesia Japan,Eiji Han Shimizu,Studio Raboon Sumimasen Pte. Ltd.,CG animation,,[ 167 ],"June 15, 2020 ( Annecy ) June 4, 2021 (Japan)",94 minutes
2020,Trump vs the Illuminati,United States,BC Fourteen,Ruthless Studios,CG animation,,[ 168 ] [ 169 ] [ 170 ] [ 171 ],"October 6, 2020",70 minutes
2020,Two Buddies and a Badger: The Great Big Beast Knutsen & Ludvigsen 2 - Det store dyret,Norway,Gunhild Enger Rune Spaans,Tordenfilm AS Qvisten Animation Headspin Storyline Studios Starcom Zefyr Media Fund,CG animation,,[ 172 ] [ 173 ],"September 25, 2020 (Norway)",78 minutes
2020,Victor Robot,Ukraine,Anatoliy Lavrenishyn,Arthouse Traffic,Traditional,,,"September 26, 2020 (Odesa International Film Festival) June 24, 2021 (Ukraine)",75 minutes
2020,Violet Evergarden: The Movie,Japan,Taichi Ishidate,Kyoto Animation,Traditional,,[ 174 ],"September 18, 2020",140 minutes [ 175 ]
2020,Wave!!: Let's Go Surfing!!,Japan,Takaharu Ozaki,Asahi Production,Traditional,,[ 176 ],"October 2, 2020",
2020,Wave!!: Let's Go Surfing!! Part 2,Japan,Takaharu Ozaki,Asahi Production,Traditional,,[ 176 ],"October 16, 2020",
2020,Wave!!: Let's Go Surfing!! Part 3,Japan,Takaharu Ozaki,Asahi Production,Traditional,,[ 176 ],"October 30, 2020",
2020,We Bare Bears: The Movie,United States,Daniel Chong,Cartoon Network Studios,Traditional,,[ 177 ] [ 178 ],"June 30, 2020 (digital) September 7, 2020 (TV)",70 minutes
2020,The Willoughbys,Canada United States,Kris Pearn Cory Evans,Netflix Bron Animation,CG animation,,[ 179 ],"April 22, 2020",92 minutes
2020,The Wishmas Tree,Australia,Ricard Cussó,Like a Photon Creative,CG animation,,[ 180 ] [ 181 ] [ 182 ] [ 183 ],"October 5, 2019 ( Brisbane International Film Festival ) February 27, 2020 (Australia)",90 minutes
2020,Wolfwalkers,Ireland United States Luxembourg France,Tomm Moore Ross Stewart,Apple TV+ Cartoon Saloon Melusine Productions Dentsu Entertainment USA,Traditional,,[ 24 ] [ 184 ],"September 12, 2020 ( TIFF ) [ 185 ] December 2, 2020 (Ireland) December 11, 2020 ( Apple TV+ ) [ 186 ] December 16, 2020 (France) [ 187 ]",103 minutes [ 185 ] [ 187 ]
2020,Words Bubble Up Like Soda Pop Cider no Yō ni Kotoba ga Wakiagaru,Japan,Kyōhei Ishiguro,Signal.MD Sublimation,Traditional,,[ 188 ],"July 25, 2020 ( Shanghai International Film Festival ) July 22, 2021 (Worldwide)",87 minutes
2020,"Yakari, A Spectacular Journey",France Belgium Germany,Xavier Giacometti,Belvision Studios Dargaud Media,Traditional,,[ 189 ],"August 12, 2020 (France) [ 190 ]",83 minutes
2020,"Yes, No, or Maybe?",Japan,Masahiro Takata,Lesprit,Traditional,,[ 191 ],"December 11, 2020",53 minutes
2020,You Animal!,Philippines,Avid Liongoren,Rocketsheep Studio Spring Films,Flash animation,,[ 192 ],"October 29, 2020",73 minutes
2021,Absolute Denial,United Kingdom,Ryan Braund,Bridge Way Films,Traditional,,,"April 11, 2021 ( Imagine Film Festival ) June, 2021 ( Annecy ) August 22, 2021 ( Edinburgh International Film Festival )",71 minutes
2021,The Addams Family 2,United States,Conrad Vernon Greg Tiernan [ 1 ],Metro-Goldwyn-Mayer United Artists Releasing,CG animation,,[ 2 ],"October 1, 2021",93 minutes [ 3 ]
2021,The Adventures of Qiaohu Magic Island,China,Shanghai Heyu,Benesse,CG Animation,,[ 4 ],"July 24, 2021",80 minutes
2021,Agent Backkom: Kings Bear,China,Zhang Yang,Alpha Pictures,CG animation,,[ 5 ],"July 23, 2021",95 minutes
2021,Ainbo: Spirit of the Amazon,Peru Netherlands,Richard Claus Jose Zelada,Tunche Films Cool Beans,CG animation,,[ 6 ],"February 13, 2021",89 minutes [ 7 ]
2021,Alephia 2053,Lebanon France,Jorj Abou Mhaya,Spring Entertainment,Traditional,,[ 8 ] [ 9 ],"March 21, 2021",60 minutes
2021,Alice-Miranda A Royal Christmas Ball,Australia,Jo Boag,SLR Productions,Flash animation,,,"October 15, 2021",81 minutes
2021,America: The Motion Picture,United States,Matt Thompson,Netflix Animation Floyd County Productions Lord Miller Productions,Traditional Flash animation,,[ 10 ],"June 30, 2021",98 minutes
2021,Go! Anpanman: Fluffy Fuwari and the Cloud Country ja:それいけ!アンパンマン ふわふわフワリーと雲の国,Japan,Jun Kawagoe,"Anpanman Production Committee, TMS Entertainment",Traditional,,,"June 25, 2021",63 minutes
2021,The Ape Star Apstjärnan,Sweden Norway Denmark,Linda Hambäck,SF Studios Film i Väst Lee Film Mikrofilm,Traditional,,,"April 27, 2021 (Norway) June 11, 2021 (Sweden) October 11, 2021 (Denmark)",75 minutes
2021,Archipelago,Canada,Félix Dufour-Laperrière,La Distributrices de Films Miyu Distribution L'Embuscade Films,Traditional,,[ 11 ] [ 12 ] [ 13 ],"February 4, 2021 ( IFFR )",72 minutes
2021,Aria the Benedizione,Japan,Junichi Sato (Chief) Takahiro Natori,J.C.Staff,Traditional,,,"December 3, 2021",60 minutes
2021,Aria the Crepuscolo,Japan,Junichi Sato (Chief) Takahiro Natori,J.C.Staff,Traditional,,,"March 5, 2021",60 minutes
2021,Arlo the Alligator Boy,United States,Ryan Crego,Netflix Animation Titmouse,Traditional Flash animation,,[ 14 ],"April 16, 2021",92 minutes
2021,Around the World in 80 Days,France Belgium [ 15 ],Samuel Tourneux,Cottonwood Media,CG animation,,[ 16 ] [ 17 ] [ 18 ],"August 4, 2021",82 minutes [ 19 ]
2021,Back to the Outback,United States,Clare Knight Harry Cripps,Netflix Animation Weed Road Pictures,CG animation,,[ 20 ],"December 10, 2021",95 minutes
2021,Bamse and the Volcano Island Bamse och vulkanön,Sweden,Christian Ryltenius,Nordisk Film,Traditional,,[ 21 ],"December 22, 2021",70 minutes
2021,Barbie & Chelsea: The Lost Birthday,United States,Cassandra Mackay,Mattel Entertainment,CG animation,,[ 22 ],"April 16, 2021",60 minutes
2021,"Barbie: Big City, Big Dreams",United States,Scott Pleydell-Pearce,Mattel Entertainment,CG animation,,[ 23 ],"September 1, 2021",60 minutes
2021,Batman: Soul of the Dragon,United States,Sam Liu,Warner Bros. Animation DC Entertainment,Traditional,,[ 24 ] [ 25 ],"January 12, 2021",83 minutes
2021,Batman: The Long Halloween,United States,Chris Palmer,Warner Bros. Animation DC Entertainment,Traditional,,[ 26 ] [ 25 ],"July 27, 2021",Part 1 : 85 minutes Part 2 87 minutes Total : 172 minutes
2021,Belle,Japan,Mamoru Hosoda,Studio Chizu,Traditional,,[ 27 ],"July 15, 2021 ( Cannes ) July 16, 2021 (Japan)",124 minutes
2021,Best Birthday Ever,Germany Netherlands Sweden,Michael Ekbladh,Alexandra Schatz Filmproduktion Slugger Film AB Submarine,Traditional,,,"October 11, 2021 (Schlingel Internationales Film Festival) January 26, 2022 (Netherlands) March 25, 2022 (Sweden)",74 minutes
2021,Bob Cuspe – We Don't Like People,Brazil,César Cabral,Coala Filmes,Stop-motion,,[ 28 ],"September 22, 2021 (Ottawa International Animation festival) November 11, 2021 (Brazil)",90 minutes
2021,Boonie Bears: The Wild Life,China,Leon Ding Shao Heqi,"China Film Co., Ltd. Lian Ray Pictures Maoyan HG Entertainment Suniverse Fantawild Animation HG Entertainment Sunac Culture Lian Ray Pictures [ 29 ]",CG animation,,[ 30 ] [ 31 ],"February 12, 2021",99 minutes [ 32 ]
2021,The Boss Baby: Family Business,United States,Tom McGrath,DreamWorks Animation,CG animation,,[ 33 ],"July 2, 2021",107 minutes [ 34 ]
2021,Bright: Samurai Soul,Japan,Kyōhei Ishiguro,Netflix Arect,CG animation Traditional,,[ 35 ] [ 36 ] [ 37 ] [ 38 ] [ 39 ] [ 40 ],"October 12, 2021",80 minutes
2021,Catalina la Catrina: Especial Día de Muertos,Mexico,Edino Israel,Ikartoons Animation,Flash Animation,,[ 41 ],"October 1, 2021",47 minutes
2021,Checkered Ninja 2 Ternet Ninja 2 [ citation needed ],Denmark,Thorbjørn Christoffersen Anders Matthesen,A. Film Pop Up Production Sudoku ApS,CG animation,,[ 42 ],"August 19, 2021",86 minutes
2021,Chicken of the Mound,Germany China,Xi Chen,CXFilm,CG animation,,,"June 14, 2021 ( Annecy )",83 minutes
2021,Child of Kamiari Month 神在月のこども,Japan,Takana Shirai [ a ],Liden Films,Traditional,,[ 43 ] [ 44 ] [ 45 ] [ 46 ] [ 47 ] [ 48 ] [ 49 ],"October 8, 2021 (Japan) February 8, 2022 (International)",99 minutes
2021,Clifford the Big Red Dog,United States Canada,Walt Becker,Paramount Pictures Entertainment One New Republic Pictures The Kerner Entertainment Company Scholastic Entertainment,CG animation Live-Action,,[ 50 ] [ 51 ] [ 52 ] [ 53 ] [ 54 ] [ 55 ] [ 56 ] [ 57 ] [ 58 ] [ 59 ],"August 26, 2021 ( CinemaCon ) [ 60 ] November 10, 2021 (United States)",96 minutes [ 61 ]
2021,A Crocodile Who Will Die in 100 Days 100日後に死ぬワニ,Japan,Shinichiro Ueda,TIA,Traditional,,[ 62 ] [ 63 ] [ 64 ] [ 65 ] [ 66 ],"July 9, 2021",62 minutes
2021,Crayon Shin-chan: Shrouded in Mystery! The Flowers of Tenkazu Academy クレヨンしんちゃん 謎メキ！花の天カス学園,Japan,Wataru Takahashi,Shin-Ei Animation,Traditional,,[ 67 ] [ 29 ] [ 68 ] [ 69 ],"July 30, 2021",104 minutes
2021,Cryptozoo,United States,Dash Shaw,Magnolia Pictures,Traditional,,[ 70 ],"January 29, 2021 ( Sundance ) August 20, 2021 (United States)",95 minutes [ 71 ]
2021,Családi legendák [ 72 ] [ 73 ],Hungary,Katalin Glaser,Kecskemétfilm,2D animation,,TV movie [ 74 ] [ 75 ] [ 76 ],"August 14, 2021 (Kecskemét Animation Film Festival) June 24, 2022 (M2 TV premiere) September 22, 2022 (Cinema premiere)",65 minutes
2021,Curious George: Cape Ahoy,United States,Doug Murphy,Universal Animation Studios Imagine Entertainment Universal 1440 Entertainment,Flash animation,,[ 77 ],"September 30, 2021",90 minutes
2021,Dakaichi: Spain Arc,Japan,Naoyuki Tatsuwa,CloverWorks,Traditional,,[ 78 ] [ 79 ],"October 9, 2021",78 minutes
2021,Deemo: Memorial Keys DEEMO サクラノオト -あなたの奏でた音が、今も響く-,Japan,Shūhei Matsushita,Production I.G Signal.MD,Traditional,,[ 80 ] [ 81 ] [ 82 ] [ 83 ] [ 84 ],"October 22, 2021 (Bucheon IAF) February 25, 2022 (Japan)",89 minutes [ 85 ]
2021,The Deer King 鹿の王,Japan,Masashi Ando Masayuki Miyaji,Production I.G,Traditional,,[ 86 ] [ 87 ] [ 88 ] [ 89 ] [ 90 ] [ 91 ] [ 92 ],"June 14, 2021 ( Annecy ) February 4, 2022 (Japan)",114 minutes
2021,Detective Conan: The Scarlet Bullet 名探偵コナン 緋色の弾丸,Japan,Tomoka Nagaoka,TMS Entertainment,Traditional,,[ 93 ],"April 16, 2021",110 minutes
2021,Diary of a Wimpy Kid,United States,Swinton O. Scott III,Walt Disney Pictures 20th Century Animation Bardel Entertainment,CG animation,,[ 94 ],"December 3, 2021",58 minutes
2021,Dinosaur Train: Adventure Island,United States,Craig Bartlett,The Jim Henson Company,CG animation,,[ 95 ] [ better source needed ],"April 12, 2021",85 minutes
2021,Dogtanian and the Three Muskehounds,Spain,Toni García,Apolo Films Cosmos Maya,CG animation,,[ 96 ],"June 25, 2021 (United Kingdom) August 18, 2021 (Spain)",84 minutes
2021,Dragon Princess Princesse Dragon,France,Anthony Roux Jean-Jacques Denis,Ankama France 3 Cinéma France Télévisions,Traditional,,[ 97 ],"December 15, 2021",70 minutes
2021,Elulu,Chile,Gabriel Alfonso Verdugo Soto,Belofilms,CG animation,,,"June 7, 2021 ( Animafest Zagreb )",61 minutes
2021,Encanto,United States,Byron Howard Jared Bush,Walt Disney Animation Studios,CG animation,,[ 98 ] [ 99 ],"November 3, 2021 ( El Capitan Theatre ) November 24, 2021 (United States)",102 minutes
2021,Esluna: The Crown of Babylon,Canada,Denver Jackson,Cloudrise Pictures Hoggwild Films Telefilm Canada,CG animation Traditional,,,"October 14, 2021 ( Sitges Film Festival )",102 minutes
2021,Evangelion: 3.0+1.0 Thrice Upon a Time シン・エヴァンゲリオン劇場版𝄇,Japan,Hideaki Anno Kazuya Tsurumaki Mahiro Maeda,Studio Khara,Traditional,,[ 100 ],"March 8, 2021 [ 101 ]",155 minutes
2021,Even Mice Belong in Heaven Myši patří do nebe,Czech Republic France Poland Slovakia,Jan Bubeníček Denisa Grimmová,Fresh Films Les Films du Cygne Animoon CinemArt SK Canal+ Polska EC1 Lódz - Miasto Kultury,Stop motion,,[ 102 ],"August 21, 2021 (Karlovy Vary International Film Festival) October 7, 2021 (Czech Republic)",80 minutes
2021,Extinct,Canada United States China,David Silverman Raymond S. Persi,Cinesite Tencent Pictures,CG animation,,[ 103 ],"February 11, 2021 (Russia) November 19, 2021 (Netflix) [ 104 ]",84 minutes
2021,"Farewell, My Dear Cramer: First Touch さよならフットボール",Japan,Seiki Takuno,Liden Films,Traditional,,[ 105 ] [ 106 ] [ 107 ] [ 108 ] [ 109 ] [ 110 ],"June 11, 2021",104 minutes
2021,Fate/Grand Order: Final Singularity-Grand Temple of Time: Solomon さよならフットボール,Japan,Toshifumi Akai,CloverWorks,Traditional,,[ 111 ] [ 112 ] [ 113 ],"July 30, 2021",94 minutes
2021,Fate/kaleid liner Prisma Illya: Licht - The Nameless Girl,Japan,Shin Oonuma,Silver Link,Traditional,,[ 114 ],"August 27, 2021",95 minutes
2021,Felix and the Treasure of Morgäa,Canada,Nicola Lemay,10e Ave,CG animation,,[ 115 ],"February 26, 2021 (Montreal International Children's Film Festival)",90 minutes
2021,Flee,United States United Kingdom France Sweden Norway Denmark,Jonas Poher Rasmussen,Vice Studios Left Handed Films RYOT Films,Traditional,,[ 116 ],"January 28, 2021 ( Sundance ) December 3, 2021 (United States)",90 minutes [ 117 ]
2021,Fortune Favors Lady Nikuko,Japan,Ayumu Watanabe,Studio 4°C,Traditional,,[ 118 ] [ 119 ] [ 120 ],"June 11, 2021",120 minutes
2021,Gekijōban Argonavis: Ryūsei no Obligato,Japan,Shigeru Morikawa,Sanzigen,Traditional,,[ 121 ] [ 122 ],"November 19, 2021",89 minutes
2021,Gintama: The Very Final,Japan,Chizuru Miyawaki,Bandai Namco Pictures,Traditional,,[ 123 ],"January 8, 2021",104 minutes
2021,Girls und Panzer das Finale: Part 3,Japan,Tsutomu Mizushima,Actas,Traditional,,[ 124 ],"March 26, 2021",48 minutes
2021,Goldbeak,China,Dong Long Nigel W. Tierney,Suzhou Pegasus Liangzi Film Tierney Corp Productions,CG animation,,[ 125 ],"October 1, 2021",94 minutes
2021,Gora Automatikoa,Spain,Esaú Dharma David Galán Galindo Pablo Vara,39 Escalones The Other Film Production,Flash animation,,[ 126 ],"November 19, 2021",71 minutes
2021,Green Snake 白蛇二：青蛇劫起,China,Amp Wong,Light Chaser Animation Studios Alibaba Pictures Tianjin Maoyan Weiying Culture Media Bilibili,CG animation,,[ 127 ] [ 128 ],"July 23, 2021",132 minutes
2021,Gulliver Returns,Ukraine,Ilya Maksimov,95 Animation Studio Gulliver Films,CG Animation,,[ 129 ],"June 18, 2021 ( SIFF ) August 19, 2021 (Ukraine)",90 minutes [ 130 ]
2021,Healin' Good Pretty Cure the Movie: GoGo! Big Transformation! The Town of Dreams 映画ヒーリングっど♡プリキュア ゆめのまちでキュン！っとGoGo！大変身！！,Japan,Ryôta Nakamura,Toei Animation,Traditional,,[ 131 ] [ 132 ],"March 20, 2021",70 minutes [ 133 ]
2021,Hilda and The Mountain King,United States United Kingdom Canada,Andy Coyle Luke Pearson,Netflix Silvergate Media,Flash animation,,[ 134 ],"December 30, 2021",85 minutes
2021,The House of the Lost on the Cape 岬のマヨイガ,Japan,Shinya Kawatsura,David Production,Traditional,,[ 135 ] [ 136 ],"August 27, 2021",100 minutes [ 137 ]
2021,Hula Fulla Dance,Japan,Seiji Mizushima Shinya Watada,Bandai Namco Pictures,Traditional,,[ 138 ] [ 139 ],"December 3, 2021",109 minutes
2021,I Am What I Am,China,Sun Haipeng,Yi Animation,CG Animation,,[ 140 ] [ 141 ] [ 142 ],"December 11, 2021 (premium large format) [ 143 ] December 17, 2021 (wide release) [ 143 ]",104 minutes
2021,Injustice,United States,Matt Peters,Warner Bros. Animation DC Entertainment,Traditional,,[ 144 ] [ 145 ] [ 146 ],"October 19, 2021",78 minutes
2021,Inu-Oh,Japan,Masaaki Yuasa,Science SARU,Traditional,,[ 147 ],"September 9, 2021 (Venice) May 28, 2022 (Japan)",98 minutes
2021,The Irregular at Magic High School: Reminiscence Arc,Japan,Risako Yoshida,Eight Bit Eight Bit Niigata,Traditional,,[ 148 ] [ 149 ] [ 150 ],"December 31, 2021",71 minutes
2021,The Journey,Saudi Arabia Japan,Shizuno Kobun,Toei Animation Manga Productions,Traditional,,[ 151 ],"June 17, 2021 (Saudi Arabia) June 25, 2021 (Japan)",110 minutes [ 152 ]
2021,Jujutsu Kaisen 0,Japan,Sunghoo Park,MAPPA,Traditional,,[ 153 ],"December 24, 2021",105 minutes
2021,Justice Society: World War II,United States,Jeff Wamester,Warner Bros. Animation DC Entertainment,Traditional,,[ 25 ],"April 27, 2021",84 minutes
2021,Khoka Theke Bangabandhu Jatir Pita,Bangladesh,Md. Hanif Siddiqui,Agami Labs,Traditional,,[ 154 ] [ 155 ],"September 28, 2021",92 minutes
2021,Kin-iro Mosaic: Thank You!!,Japan,Munenori Nawa,Studio Gokumi AXsiZ,Traditional,,[ 156 ] [ 157 ],"August 20, 2021",82 minutes
2021,Knights of Sidonia: Love Woven in the Stars,Japan,Hiroyuki Seshita (chief) Tadahiro Yoshihira,Polygon Pictures,CG animation Traditional,,[ 158 ] [ 159 ] [ 160 ] [ 161 ],"June 4, 2021",110 minutes
2021,Koati,Mexico United States,Rodrigo Perez-Castro,Upstairs Timeless Films Latin We,Traditional,,[ 162 ],"October 15, 2021",92 minutes [ 163 ]
2021,Koschey: The Everlasting Story,Russia,Andrey Kolpin,Parovoz Animation Studio,CG animation,,[ 164 ],"October 28, 2021",100 minutes
2021,The Kuflis 3 Kuflik és az Akármi [ 165 ] [ 166 ],Hungary,Kristóf Jurik,KEDD Animation Studio,2D animation,,[ 167 ],"August 12, 2022 (Hungary premiere)",72 minutes
2021,Lamya's Poem,Canada United States,Alex Kronemer,Unity Productions PiP Animation Services,Traditional Flash animation,,[ 168 ],"June 14, 2021 ( Annecy )",89 minutes
2021,Legend of Destruction,Israel United States,Gidi Dar,Eddie King Films Lama Films Memento International Nakhshon Films HOT8 Kan 11,Oil-painted Traditional,,[ 169 ] [ 170 ] [ 171 ] [ 172 ] [ 173 ],"July 15, 2021",93 minutes
2021,The Loud House Movie,United States,Dave Needham,Netflix Nickelodeon Movies,Flash animation,,[ 174 ] [ 175 ],"August 20, 2021",87 minutes
2021,Luca,United States,Enrico Casarosa,Disney Pixar Animation Studios,CG animation,,[ 176 ],"June 13, 2021 ( Aquarium of Genoa ) June 18, 2021 (United States) March 22, 2024 (United States; theatrical)",95 minutes
2021,Mad God,United States,Phil Tippett,Shudder Tippett Studio,Stop-Motion,,[ 177 ] [ 178 ] [ 179 ],"August 5, 2021 ( Locarno ) June 16, 2022 (United States)",83 minutes [ 180 ]
2021,Marcel the Shell with Shoes On,United States,Dean Fleischer Camp,Cinereach You Want I Should LLC. Human Woman Inc. Sunbeam TV & Films Chiodo Bros. Productions,Live-Action Stop-Motion,,[ 181 ] [ 182 ] [ 183 ] [ 184 ],"September 3, 2021 ( Telluride ) June 24, 2022 (United States)",90 minutes
2021,Maya the Bee: The Golden Orb,Germany Australia,Noel Cleary,Buzz Studios Studio 100 Animation,CG animation,,[ 185 ] [ 186 ],"January 7, 2021",88 minutes
2021,Mickey and Minnie Wish Upon a Christmas,United States,Broni Likomanov,Disney Television Animation,CG animation,,[ 187 ],"December 2, 2021",46 minutes
2021,Mickey's Tale of Two Witches,United States,Jeff Gordon,Disney Television Animation,CG animation,,[ 187 ],"October 7, 2021",46 minutes
2021,Mironins,Spain,Mikel Mas Bilbao Txesco Montalt,Cornelius Films Flemish Audiovisual Fund Hampa Studio Peekaboo Animation,Flash animation,,,"August 1, 2021 (Limited)",62 minutes
2021,The Mitchells vs. the Machines,United States,Mike Rianda,Columbia Pictures Sony Pictures Animation Lord Miller Productions,CG animation,,[ 188 ] [ 189 ] [ 190 ] [ better source needed ],"April 23, 2021",114 minutes
2021,Monster Family 2,Germany United Kingdom,Holger Tappe,Ambient Entertainment GmbH Timeless Films Rothkirch Cartoon Film Sky Cinema Original Films,CG animation,,[ 191 ] [ 192 ],"October 15, 2021 (United States) October 22, 2021 (United Kingdom) November 4, 2021 (Germany)",103 minutes [ 193 ]
2021,Monster Hunter: Legends of the Guild,United States,Steve Yamamoto,Netflix Pure Imagination Studios,CG animation,,[ 194 ] [ 195 ],"August 12, 2021",58 minutes [ 196 ]
2021,Moonbound,Austria Germany,Ali Samadi Ahadi,Brave New Work Coop99 Filmproduktion Little Dream Entertainment,CG animation,,[ 197 ],"June 24, 2021 [ 198 ]",84 minutes
2021,Mortal Kombat Legends: Battle of the Realms,United States,Ethan Spaulding,Warner Bros. Animation NetherRealm Studios,Traditional,,[ 199 ],"August 31, 2021",80 minutes
2021,Mujib Amar Pita,Bangladesh,Sohel Mohammad Rana,Prolancer Studio BMIT Solutions,Traditional,,[ 200 ],"October 1, 2021",49 minutes
2021,My Hero Academia: World Heroes' Mission 僕のヒーローアカデミア THE MOVIE ワールドヒーローズミッション,Japan,Kenji Nagasaki,Bones,Traditional,,[ 201 ] [ 202 ] [ 203 ] [ 204 ] [ 205 ] [ 206 ] [ 207 ] [ 208 ] [ 209 ],"August 6, 2021",105 minutes [ 210 ]
2021,My Little Pony: A New Generation,United States,Robert Cullen José Luis Ucha Mark Fattibene,Netflix Entertainment One Boulder Media,CG animation,,[ 211 ],"September 24, 2021 (Worldwide exc. China) July 18, 2022 (Sing Along version)",91 minutes [ 34 ]
2021,My Sunny Maad,Czech Republic Slovakia France,Michaela Pavlátová,Negativ Film Sacrebleu Productions BFILM.cz Alkay Animation Gao Shan Pictures Innervision,Traditional,,,"June 14, 2021 ( Annecy Festival )",85 minutes
2021,My Sweet Monster,Russia,Viktor Glukhushin Maksim Volkov,CTB Film Company Skazka Animation Studio Cinema Fund Luminescence,CG animation,,[ 212 ],"October 6, 2021 (Netherlands) April 28, 2022 (Russia)",98 minutes
2021,Natsume's Book of Friends: The Waking Rock and the Strange Visitor,Japan,Takahiro Omori,Shuka,Traditional,,[ 213 ],"January 16, 2021",51 minutes
2021,New Gods: Nezha Reborn,China,Zhao Ji,Light Chaser Animation Studios Alibaba Pictures Bona Film Group Bilibili Pop Mart,CG animation,,[ 214 ],"February 12, 2021 (China) April 12, 2021 (Netflix)",116 minutes
2021,The New Little Mermaid: Ocean Girl,China,Ming Si,,CG animation,,,"April 17, 2021",82 minutes
2021,Night of the Animated Dead,United States,Jason Axinn,Warner Bros. Home Entertainment,Traditional,,[ 215 ],"September 21, 2021",71 minutes
2021,Octonauts & The Ring of Fire,United Kingdom Canada,Blair Simmons,Silvergate Media Mainframe Studios,CG animation,,[ 216 ] [ 217 ],"March 30, 2021",72 minutes
2021,The Ogglies Die Olchis - Willkommen in Schmuddelfing,Germany Belgium,Toby Genkel Jens Møller,WunderWerk Grid Animation Verlag Friedrich Oetinger Leonine Studios ZDF ARRI Media,CG animation,,[ 218 ],"May 6, 2021 (Limited) July 22, 2021 (Germany)",85 minutes
2021,Opal,France,Alain Bidard,Cine Woule Company PAGOD Films,CG animation/Traditional,,,"December 4, 2021",85 minutes
2021,Panda vs. Aliens,Canada China,Sean Patrick O'Reilly,Arcana Studio Yisang Media Los Angeles-Beijing Studios,CG animation,,[ 219 ],"April 9, 2021",80 minutes
2021,Paw Patrol: The Movie,United States Canada [ 220 ],Cal Brunker,Paramount Pictures Spin Master Nickelodeon Movies,CG animation,,[ 221 ],"August 8, 2021 ( Vue Leicester Square ) August 20, 2021 (United States)",86 minutes [ 222 ]
2021,Peter Rabbit 2: The Runaway,United States United Kingdom Australia,Will Gluck,Columbia Pictures,CG animation Live-Action,,[ 223 ] [ 224 ] [ 225 ] [ 226 ] [ 227 ] [ 228 ],"March 25, 2021 (Australia) May 17, 2021 (United Kingdom) June 11, 2021 (United States)",93 minutes [ 229 ]
2021,Pil's Adventures Pil,France,Julien Fournet,TAT Productions SND Groupe M6 France 3 cinéma,CG animation,,[ 230 ],"August 11, 2021",89 minutes
2021,Pobaby,China,Chengfeng Zheng,Shanghai Shihuang Animation design co Ltd.,CG animation,,[ 231 ],"January 1, 2021",90 minutes
2021,Pompo: The Cinéphile,Japan,Takayuki Hirao,CLAP Animation Studio,Traditional,,[ 232 ] [ 233 ],"June 4, 2021 April 29, 2022 (Limited) June 28, 2022 (Digital) July 12, 2022 (Blu-ray/DVD)",90 minutes
2021,Pretty Guardian Sailor Moon Eternal The Movie,Japan,Chiaki Kon,Toei Animation Studio Deen,Traditional,,[ 234 ] [ 235 ] [ 236 ],"Part 1 : January 8, 2021 Part 2 : February 11, 2021","160 minutes (total, 80 minutes per film) [ 237 ] [ 238 ]"
2021,Princess Principal: Crown Handler – Chapter 1,Japan,Masaki Tachibana,Actas,Traditional,,[ 239 ],"February 11, 2021",53 minutes
2021,Princess Principal: Crown Handler – Chapter 2,Japan,Masaki Tachibana,Actas,Traditional,,[ 239 ],"September 23, 2021",56 minutes
2021,Raya and the Last Dragon,United States,Don Hall Carlos Lopez Estrada,Walt Disney Animation Studios,CG animation,,[ 240 ] [ 241 ],"March 5, 2021",107 minutes [ 242 ]
2021,Riverdance: The Animated Adventure,United Kingdom,Dave Rosenbaum Eamonn Butler,Aniventure River Productions,CG animation,,[ 243 ],"May 28, 2021 (United Kingdom) January 14, 2022 (United States)",86 minutes
2021,Rock Dog 2: Rock Around the Park,United States,Mark Baldo,Lionsgate,CG animation,,[ 244 ],"June 11, 2021",90 minutes
2021,Ron's Gone Wrong,United Kingdom United States,Sarah Smith Jean-Philippe Vine,20th Century Animation Locksmith Animation,CG animation,,[ 245 ] [ 246 ] [ 247 ],"October 9, 2021 (65th BFI London Film Festival ) October 15, 2021 (United Kingdom) October 22, 2021 (United States)",107 minutes [ 248 ]
2021,Rumble,United States,Hamish Grieve,Paramount Animation New Republic Pictures WWE Studios Walden Media Reel FX Animation Studios,CG animation,,[ 249 ],"December 15, 2021 [ 249 ]",95 minutes
2021,Scooby-Doo! The Sword and the Scoob,United States,Maxwell Atoms Mel Zwyer Christina Sotta,Warner Bros. Animation,Traditional,,[ 250 ],"February 23, 2021",76 minutes [ 251 ]
2021,Seal Team,South Africa,Greig Cameron Kane Croudace,Triggerfish Animation Studios,CG animation,,[ 252 ],"October 13, 2021 (Netherlands) December 31, 2021 (Netflix)",98 minutes
2021,Secret Magic Control Agency,Russia,Aleksey Tsitsilin,Wizart Animation CTB Film Company,CG animation,,[ 253 ],"March 18, 2021 (Russia) March 25, 2021 (Netflix)",104 minutes [ 254 ]
2021,Seitokai Yakuindomo: The Movie 2,Japan,Hiromitsu Kanazawa,GoHands,Traditional,,[ 255 ],"January 1, 2021",80 minutes
2021,The Seven Deadly Sins: Cursed by Light 劇場版 七つの大罪 光に呪われし者たち,Japan,Takayuki Hamana,Studio Deen,Traditional,,[ 256 ] [ 257 ] [ 258 ] [ 259 ],"July 2, 2021",79 minutes
2021,Shika no Ō,Japan,Masashi Ando Masayuki Miyaji,Production I.G,Traditional,,[ 260 ],"June 14, 2021 (Annecy) September 10, 2021 (Japan)",120 minutes
2021,Sing 2,United States,Garth Jennings,Illumination Illumination Mac Guff,CG animation,,[ 261 ] [ 262 ],"November 14, 2021 ( AFI Fest ) December 22, 2021 (United States) [ 263 ]",110 minutes [ 264 ]
2021,Sing a Bit of Harmony アイの歌声を聴かせて,Japan,Yasuhiro Yoshiura,J.C.Staff,Traditional,,[ 265 ] [ 266 ] [ 267 ],"October 29, 2021",108 minutes
2021,Snotty Boy Welcome to Siegheilkirchen,Austria Germany,Santiago Lopez Jover Marcus H. Rosenmüller,Aichholzer Filmproduktion Filmbüro Münchner Freiheit ARRI Media,CG animation,,,"June 14, 2021 ( Annecy ) March 24, 2022 (Austria) July 7, 2022 (Germany)",86 minutes
2021,Space Battleship Yamato 2205: A New Journey Part 1: Take Off,Japan,Kenji Yasuda,Satelight Staple Entertainment,Traditional,,[ 268 ],"October 8, 2021",97 minutes
2021,"The ""Space Battleship Yamato"" Era: The Choice in 2202",Japan,Atsushi Sato,Studio Mother,Traditional,,[ 269 ],"June 11, 2021",120 minutes
2021,Space Jam: A New Legacy,United States,Malcolm D. Lee,Warner Bros. Pictures Warner Animation Group SpringHill Company,Traditional CG Animation Live-action,,[ 270 ],"July 12, 2021 ( Los Angeles ) July 16, 2021 (United States)",115 minutes
2021,The Spine of Night,United States,Philip Gelatt Morgan David King,Gorgonaut Studio,Traditional,,[ 271 ],"March 18, 2021 ( SXSW ) October 29, 2021 (United States)",93 minutes
2021,Spirit Untamed,United States,Elaine Bogan Ennio Torresan,Universal Studios DreamWorks Animation,CG animation,,[ 272 ],"June 4, 2021",85 minutes
2021,Straight Outta Nowhere: Scooby-Doo! Meets Courage the Cowardly Dog,United States,Cecilia Aranovich,Warner Bros. Animation,Traditional,,[ 273 ],"September 14, 2021",78 minutes [ 274 ]
2021,Stress Zero,South Korea,Daehee Lee,302 Planet Lee Dae-hee Animation Studio,CG animation,,[ 275 ] [ 276 ],"February 3, 2021",95 minutes [ 277 ]
2021,Summer Ghost サマーゴースト,Japan,Loundraw,Flat Studio Flagship Line,Traditional,,[ 278 ] [ 279 ],"November 12, 2021",40 minutes [ 280 ]
2021,The Summit of the Gods,France,Patrick Imbert,Folivari,Traditional,,[ 281 ] [ 282 ] [ 283 ] [ 284 ] [ 285 ] [ 286 ],"July 15, 2021 ( Cannes Film Festival ) September 22, 2021",90 minutes
2021,Sword Art Online Progressive: Aria of a Starless Night,Japan,Ayako Kawano,A-1 Pictures,Traditional,,[ 287 ],"October 30, 2021",97 minutes
2021,Teen Titans Go! See Space Jam,United States,Peter Rida Michail,Warner Bros. Animation,Flash animation,,[ 288 ],"June 20, 2021",83 minutes
2021,Tokyo 7th Sisters,Japan,Takayuki Kitagawa,LandQ Studios,Traditional,,[ 289 ] [ 290 ] [ 291 ],"February 26, 2021",77 minutes
2021,Tom & Jerry,United States,Tim Story,Warner Bros. Pictures Warner Animation Group Turner Entertainment,CG Animation Live-action,,[ 292 ],"February 26, 2021 (United States)",101 minutes [ 293 ]
2021,Trollhunters: Rise of the Titans,United States,Johane Matte Francisco Ruiz Velasco Andrew Schmidt,"DreamWorks Animation Television Double Dare You Productions CGCG, Inc.",CG animation,,[ 294 ],"July 21, 2021",106 minutes
2021,Tropical-Rouge! Pretty Cure the Movie: The Snow Princess and the Miraculous Ring! 映画 トロピカル～ジュ！プリキュア 雪のプリンセスと奇跡の指輪！,Japan,Junji Shimizu,Toei Animation,Traditional,,[ 295 ] [ 296 ] [ 297 ],"October 23, 2021",70 minutes [ 298 ]
2021,Un rescate de huevitos,Mexico,Gabriel Riva Palacio Alatriste Rodolfo Riva Palacio Alatriste,Huevocartoon Producciones,CG animation,,[ 299 ] [ 300 ] [ better source needed ],"August 12, 2021",89 minutes
2021,Valentina,Spain,Chelo Loureiro,Abano Producións Antaruxa El Gatoverde Producciones Sparkle animation,CG animation,,[ 301 ] [ 302 ] [ 303 ] [ 304 ] [ 305 ],"December 10, 2021",65 minutes
2021,Vivo,United States,Kirk DeMicco Brandon Jeffords,Columbia Pictures Sony Pictures Animation,CG animation,,[ 306 ] [ 307 ] [ 308 ],"August 6, 2021",95 minutes
2021,Where Is Anne Frank,Belgium [ 309 ] Luxembourg [ 309 ] France [ 309 ] Netherlands [ 309 ] Israel [ 310 ],Ari Folman,Purple Whale Films Walking the Dog Samsa Film Bridgit Folman Film Gang Submarine Amsterdam Le Pacte Doghouse Films Magellan Films,Traditional,,[ 311 ] [ 312 ],"July 9, 2021 ( Cannes ) December 8, 2021 (France) December 15, 2021 (Belgium) March 16, 2022 (Luxembourg) March 31, 2022 (Netherlands)",99 minutes [ 29 ]
2021,Wings 2 От винта 2 3D,Russia Armenia,Vage Sargsyan,Paradiz Prodakshnz Touch FX Animation Studio,CG animation,,[ 313 ],"April 15, 2021",83 minutes
2021,Wish Dragon,United States,Chris Appelhans,Columbia Pictures Sony Pictures Animation Base FX Beijing Sparkle Roll Media Corporation Flagship Entertainment Group Boss Collaboration Tencent Pictures Cultural Investment Holdings,CG animation,,[ 314 ] [ 315 ],"January 15, 2021 (China) June 11, 2021 (Netflix)",98 minutes [ 316 ]
2021,The Witcher: Nightmare of the Wolf,South Korea United States Poland,Kwang Il Han,Netflix Studio Mir Little Schmidt Productions Platige Image Hivemind,Traditional,,[ 317 ] [ 318 ] [ 319 ],"August 23, 2021",83 minutes [ 320 ]
2021,Yaya e Lennie: The Walking Liberty,Italy,Alessandro Rak,Mad Entertainment,CG animation,,,"August 12, 2021 ( Locarno Film Festival ) November 4, 2021 (Italy)",110 minutes
2022,3 Little Kungpoo Goats,China Islamic Republic of Iran,Farzad Dalvand Kianoush Dalvand,Aria Animation Studio,CG animation,,[ 1 ],"September 10, 2022 (World Festival of Animated Film) April 13, 2023 (Russia) May 24, 2024 (Turkey)",89 minutes
2022,The Alpine Campaign,Russia,Boris Chertkov,Gorky Film Studios KinoAtis Soyuzmultfilm,CG animation,,[ 2 ],"May 1, 2022",85 minutes
2022,The Amazing Maurice,Germany United Kingdom,Toby Genkel Florian Westermann,Cantilever Media Red Star Media Sky Cinema Studio Rakete Ulysses Filmproduktion,CG animation,,[ 3 ] [ 4 ] [ 5 ],"November 13, 2022 ( Manchester Animation Festival ) December 16, 2022 (United Kingdom) February 3, 2023 (United States)",90 minutes [ 6 ]
2022,Go! Anpanman: Dororin and the Transformation Carnival ja:それいけ!アンパンマン ドロリンとバケ〜るカーニバル,Japan,Jun Kawagoe,"Anpanman Production Committee, TMS Entertainment",Traditional,,,"June 25, 2022",62 minutes
2022,Apollo 10½: A Space Age Childhood,United States,Richard Linklater,Netflix Animation Minnow Mountain Submarine,Rotoscope,,[ 7 ],"March 13, 2022 ( SXSW ) April 1, 2022 (Netflix)",98 minutes
2022,Aqua Teen Forever: Plantasm,United States,Matt Maiellaro Dave Willis,Williams Street,Traditional/ Flash animation,,[ 8 ] [ 9 ] [ 10 ],"November 8, 2022",79 minutes
2022,Aurora's Sunrise,Armenia Germany Lithuania,Inna Sahakyan,Bars Media Artbox Gebrueder Beetz Filmproduktion,Traditional,,[ 11 ] [ 12 ],"June 16, 2022 ( Annecy )",96 minutes
2022,Avatar: The Way of Water,United States,James Cameron,20th Century Studios Lightstorm Entertainment,CG animation Live-action,,,"December 6, 2022 ( Odeon Luxe Leicester Square ) December 16, 2022 (United States)",192 minutes
2022,The Bad Guys,United States,Pierre Perifel,Universal Pictures DreamWorks Animation,CG animation,,[ 13 ] [ 14 ] [ 15 ],"April 22, 2022",100 minutes [ 16 ]
2022,Barbie: Mermaid Power,United States,Ron Myrick,Mattel Entertainment,CG animation,,[ 17 ],"September 1, 2022",65 minutes
2022,Barbie: Epic Road Trip,United States,Conrad Helten,Mattel Entertainment,CG animation,,[ 18 ],"October 25, 2022",65 minutes
2022,Batman and Superman: Battle of the Super Sons,United States,Matt Peters,Warner Bros. Animation DC Entertainment,CG animation,,[ 19 ] [ 20 ],"October 7, 2022 ( NYCC ) October 18, 2022 (Video)",79 minutes
2022,Beavis and Butt-Head Do the Universe,United States,Mike Judge,"MTV Entertainment Group Titmouse, Inc. 3 Arts Entertainment Judgemental Films",Flash animation,,[ 21 ] [ 22 ] [ 23 ],"June 23, 2022",87 minutes
2022,Big Trip 2: Special Delivery,Russia,Vasily Rovensky Natalya Nilova,Licensing Brands,CG animation,,[ 24 ] [ 25 ],"September 23, 2022 (South Africa) [ 26 ] October 27, 2022 (Russia)",90 minutes
2022,Black Is Beltza II: Ainhoa,Spain Argentina,Fermín Muguruza,BIB2 Ainhoa AIE Talka Records Draftoon Lagarto,Flash animation,,[ 27 ] [ 28 ] [ 29 ] [ 30 ],"September 23, 2022 ( Zinemaldia ) September 30, 2022 (Spain) October 20, 2022 (Argentina)",86 minutes
2022,"The Black Pharaoh, the Savage and the Princess",Belgium France,Michel Ocelot,Nord-Ouest Films,CG animation,,[ 31 ],"October 19, 2022",83 minutes
2022,"Blind Willow, Sleeping Woman",Canada France Luxembourg Netherlands,Pierre Földes,Miyu Productions Cinéma Defacto Doghouse Films micro_scope Productions L'Unité Centrale An Original Picture Studio MA Arte France Cinéma Auvergne-Rhône-Alpes Cinéma,Traditional,,[ 32 ] [ 33 ] [ 34 ],"June 15, 2022 ( Annecy )",108 minutes [ 35 ]
2022,Blue's Big City Adventure,United States,Matt Stawski,Nickelodeon Movies Nickelodeon Animation Studio 9 Story Media Group Brown Bag Films Line By Line Media Boxel Animation,CG animation Live-action,,[ 36 ] [ 37 ] [ 38 ],"November 18, 2022",82 minutes
2022,The Bob's Burgers Movie,United States,Loren Bouchard Bernard Derriman,20th Century Studios,Traditional,,[ 39 ] [ 40 ] [ 41 ],"May 17, 2022 ( El Capitan Theatre ) May 27, 2022 (United States)",102 minutes [ 42 ]
2022,Boonie Bears: Back to Earth,China,Lin Huida,Fantawild Animation,CG animation,,[ 43 ],"February 1, 2022",99 minutes [ 44 ]
2022,The Boy and the Sword,Turkey,Emad Rahmani,Permanent Way Entertainment,CG animation,,[ 45 ] [ 46 ],"February 1, 2022 Fajr International Film Festival",87min [ 47 ]
2022,Bubble,Japan,Tetsurō Araki,Wit Studio,Traditional,,[ 48 ] [ 49 ] [ 50 ] [ 51 ] [ 52 ] [ 53 ],"February 10, 2022 (Berlin) April 28, 2022 (Netflix) May 13, 2022 (theatrical)",100 minutes
2022,Catwoman: Hunted,United States Japan,Shinsuke Terasawa,Warner Bros. Animation DC Entertainment,Traditional,,[ 54 ] [ 55 ],"February 8, 2022",78 minutes
2022,Charlotte,Canada France Belgium,Eric Warin Tahir Rana,Charlotte Productions Les Productions Balthazar Walking the Dog,Flash animation,,[ 56 ],"September 13, 2021 ( TIFF ) April 22, 2022 (Canada) November 9, 2022 (France)",92 minutes [ 57 ]
2022,Chickenhare and the Hamster of Darkness,Belgium France,Ben Stassen Matthieu Zeller,Sony Pictures International Productions nWave Pictures Octopolis,CG animation,,[ 58 ],"January 23, 2022 (Gaumont Champs-Élysées) February 16, 2022 (Belgium) June 10, 2022 (United States)",91 minutes
2022,Chip 'n Dale: Rescue Rangers,United States,Akiva Schaffer,Walt Disney Pictures Mandeville Films The Lonely Island,Traditional CG animation Live-action,,[ 59 ],"May 16, 2022 ( Hollywood, California ) May 20, 2022 (United States)",97 minutes [ 60 ]
2022,City of Rott: Otherworld,United States,Frank Sudol,BlackArro Productions,Flash animation,,,"May 24, 2022",89 minutes
2022,Crayon Shin-chan: Mononoke Ninja Chinpūden,Japan,Masakazu Hashimoto,Shin-Ei Animation,Traditional,,[ 61 ],"April 22, 2022",100 minutes [ 62 ]
2022,DC League of Super-Pets,United States,Jared Stern Sam Levine,Warner Bros. Warner Animation Group DC Entertainment,CG animation,,[ 63 ],"July 27, 2022 ( Los Angeles ) July 29, 2022 (United States)",105 minutes [ 64 ]
2022,Detective Conan: The Bride of Halloween,Japan,Susumu Mitsunaka,TMS Entertainment,Traditional,,[ 65 ] [ 66 ],"April 15, 2022",111 minutes
2022,Diary of a Wimpy Kid: Rodrick Rules,United States Canada,Luke Cormican,Walt Disney Pictures Bardel Entertainment 20th Century Animation,CG animation,,[ 67 ],"December 2, 2022",75 minutes [ 68 ]
2022,Disenchanted,United States,Adam Shankman,Walt Disney Pictures Josephson Entertainment Right Coast Productions,Traditional Live-action,,[ 69 ],"November 16, 2022 ( El Capitan Theatre ) November 18, 2022 (United States)",119 minutes [ 70 ]
2022,Dolphin Boy,Iran Germany Russia Turkey,Mohammad KheirAndish Andrey Gogolev,SkyFrame Studio Owj Arts and Media Organization Saeno Production Central Partnership,CG animation,,,"April 7, 2022 (Russia)",85 minutes
2022,Doraemon: Nobita's Little Star Wars 2021,Japan,Shin Yamaguchi,Shin-Ei Animation Shirogumi,Traditional,,[ 71 ] [ 72 ],"March 4, 2022",108 minutes [ 73 ]
2022,Dounia and the Princess of Aleppo Dounia et la Princesse d'Alep,Canada France,André Kadi Marya Zarif,Tobo Média,Flash animation,,[ 74 ] [ 75 ],"June 15, 2022 ( Annecy ) February 1, 2023 (France)",72 minutes
2022,Dragon Ball Super: Super Hero,Japan,Akio Iyoku,Toei Animation,CG animation,,[ 76 ] [ 77 ] [ 78 ],"June 11, 2022",99 minutes [ 79 ]
2022,Drifting Home,Japan,Hiroyasu Ishida,Studio Colorido,Traditional,,[ 80 ],"September 16, 2022",119 minutes
2022,El paraíso,Argentina,Fernando Sirianni Federico Breser,FS Entertainment Nomad Cine EOK Producciones McFly Studio,CG animation,,[ 81 ] [ 82 ] [ 83 ] [ 84 ] [ 85 ] [ 86 ],"September 8, 2022",103 minutes
2022,Entergalactic,United Kingdom United States,Fletcher Moules,Khalabo Ink Society Netflix Animation Mad Solar,CG animation Traditional,,[ 87 ] [ 88 ],"September 30, 2022",92 minutes
2022,Ernest & Celestine: A Trip to Gibberitia,France Luxembourg,Julien Chheng Jean-Christophe Roger,Folivari Melusine Productions France TV Cinema La Parti Productions Les Armateurs,Traditional Flash animation,,[ 89 ],"December 14, 2022 (France)",80 minutes
2022,Eternal Spring,Canada,Jason Loftus,Lofty Sky Entertainment,CG animation Traditional,,[ 90 ] [ 91 ] [ 92 ] [ 93 ],"March 15, 2022 ( Thessaloniki )",86 minutes
2022,The Earth Orchestra Orkestra lurtarra,Spain,Joseba Ponce Imanol Zinkunegi Joe Lewis,Jarraituz Filmak AIE Lotura Films,Flash animation,,[ 94 ],"April 8, 2022",70 minutes
2022,Fairytale,Russia Belgium,Alexander Sokurov,Intonations,Multimedia Live-action,,[ 95 ] [ 96 ] [ 97 ],"August 6, 2022 ( Locarno )",78 minutes
2022,Fever,Chile Peru Brazil,Elisa Eliash,La Forma Cine Válvula Films Klaxon Films Bastardía Tiempo Libre,Live-action Oil-painted Traditional,,[ 94 ] [ 98 ] [ 99 ] [ 100 ],"October 11, 2022 ( Valdivia ) November 2022 ( PÖFF ) July 6, 2023 (Chile)",84 minutes
2022,Finnick,Russia,Denis Chernov,Riki Group Petersburg Animation Studio Central Partnership,CG animation,,[ 101 ],"March 23, 2022 ( Moscow ) March 24, 2022 (Russia)",85 minutes
2022,Fireheart,Canada France,Theodore Ty Laurent Zeitoun,L'Atelier Animation Anton Caramel Films Entertainment One,CG animation,,[ 102 ],"February 2, 2022 (France) July 13, 2022 (Canada)",92 minutes
2022,The First Slam Dunk,Japan,Takehiko Inoue,Toei Animation Dandelion Animation Studio,Traditional,,[ 103 ] [ 104 ],"December 3, 2022",124 minutes [ 105 ]
2022,Fruits Basket: Prelude,Japan,Yoshihide Ibata,TMS Entertainment,Traditional,,[ 106 ],"February 18, 2022",88 minutes [ 107 ]
2022,"Goodbye, Don Glees!",Japan,Atsuko Ishizuka,Madhouse,Traditional,,[ 108 ],"February 18, 2022",98 minutes
2022,The Great Wolf Pack: A Call to Adventure,United States,Chris Bailey,Six Point Harness,Flash animation,,[ 109 ],"September 3, 2022",45 minutes
2022,Green Lantern: Beware My Power,United States,Jeff Wamester,Warner Bros. Animation DC Entertainment,Traditional,,[ 110 ],"July 22, 2022 ( SDCC ) July 26, 2022",75 minutes
2022,Guillermo del Toro's Pinocchio,United States Mexico,Guillermo del Toro Mark Gustafson,Netflix Animation The Jim Henson Company ShadowMachine Double Dare You Productions,Stop motion,,[ 111 ],"October 15, 2022 ( LFF ) November 9, 2022 (United States) December 9, 2022 ( Netflix )",117 minutes [ 112 ]
2022,The Haunted House: The Dimensional Goblin and the Seven Worlds 신비아파트: 차원도깨비와 7개의 세계,South Korea,Byun Young-kyu,CJ ENM Co. Studio BAZOOKA,Traditional,,[ 113 ] [ 114 ],"December 14, 2022",103 minutes
2022,Home Is Somewhere Else,Mexico United States,Carlos Hagerman Jorge Villalobos,Brinca Animation Studio Shine Global,Traditional Flash animation,,[ 115 ] [ 116 ],"June 15, 2022 ( Annecy ) [ 117 ] June 17, 2022 ( Guadalajara ) September 26, 2022 (AFI) May 4, 2023 (Mexico)",87 minutes
2022,Hotel Transylvania: Transformania,United States,Jennifer Kluska Derek Drymon,Columbia Pictures Sony Pictures Animation Amazon Studios,CG animation,,[ 118 ],"January 14, 2022",87 minutes
2022,How to Save the Immortal,Russia,Roman Artemyev,KinoAtis CTB Film Company,CG animation,,[ 119 ],"June 9, 2022",76 minutes
2022,Huevitos congelados,Mexico,Gabriel Riva Palacio Alatriste Rodolfo Riva Palacio Alatriste,Huevocartoon Producciones,CG animation,,[ 120 ] [ 121 ],"December 14, 2022",91 minutes
2022,The House,United Kingdom,Paloma Baeza Niki Lindroth von Bahr Marc James Roels Emma de Swaef,Netflix Animation Nexus Studios,Stop motion,,[ 122 ],"January 14, 2022",97 minutes
2022,Icarus,Belgium France Luxembourg,Carlo Vogele,Iris Productions Rezo Productions Iris Films,CG animation,,,"March 30, 2022",76 minutes
2022,The Ice Age Adventures of Buck Wild,United States Canada,John C. Donkin,Walt Disney Pictures 20th Century Studios 20th Century Animation,CG animation,,[ 123 ],"January 28, 2022 (North America) March 25, 2022 (Worldwide)",82 minutes
2022,Inspector Sun and the Curse of the Black Widow El sol y la maldición de la viuda negra,Spain,Julio Soto Gúrpide,The Thinklab Kapers Animation Gordon Box 3Doubles Producciones Particular Crowd,CG animation,,[ 124 ],"December 28, 2022 (Spain) October 13, 2023 (United States)",88 minutes
2022,Journey to Yourland,Slovakia Czech Republic Belgium [ 125 ],Peter Budinský,plutoon BFILM.cz The Pack Radio and Television of Slovakia [ 126 ],CG animation,,[ 127 ] [ 128 ],"August 11, 2022 [ 129 ]",86 minutes
2022,Just Super,Norway,Rasmus A. Sivertsen,Qvisten Animation,CG animation,,[ 130 ],"September 10, 2022 (TIFF Junior) September 30, 2022",76 minutes
2022,Kaguya-sama: Love Is War – The First Kiss That Never Ends,Japan,Mamoru Hatakeyama,A-1 Pictures,Traditional,,[ 131 ] [ 132 ] [ 133 ] [ 134 ],"December 17, 2022",100 minutes
2022,Karagiozis: The Movie,Greece,Akis Karras,White Fox Anama Cosmote Tv Spentzos Film,CG animation,,[ 135 ],"December 8, 2022",74 minutes
2022,Khamsa - The Well of Oblivion,Algeria,,,,,,,
2022,King Tweety,United States,Careen Ingle,Warner Bros. Animation,Flash animation,,[ 136 ],"June 14, 2022 (DVD and digital) November 19, 2022 ( Cartoon Network ) November 20, 2022 ( HBO Max )",72 minutes
2022,Laid-Back Camp Movie,Japan,Yoshiaki Kyogoku,C-Station,Traditional,,[ 137 ],"June 19, 2022 (Tokyo) July 1, 2022 (Japan)",120 minutes [ 137 ]
2022,Las leyendas: el origen,Mexico,Roberto Arnaiz,Ánima,Flash animation,,[ 138 ],"August 10, 2022",85 minutes [ 139 ]
2022,Lego Star Wars: Summer Vacation,United States,Ken Cunningham,Lucasfilm Animation The Lego Group Atomic Cartoons,CG animation,,[ 140 ] [ 141 ] [ 142 ],"August 5, 2022",48 minutes [ 143 ]
2022,Lightyear,United States,Angus MacLane,Disney Pixar Animation Studios,CG animation,,[ 144 ],"June 8, 2022 ( El Capitan Theatre ) June 17, 2022 (United States)",105 minutes
2022,Little Allan - The Human Antenna,Denmark,Amalie Næsby Fick,Nordisk Film Pop Up Production Wil Film,CG animation,,[ 145 ],"July 21, 2022",85 minutes
2022,Little Nicholas: Happy As Can Be,France Luxembourg Canada,Amandine Fredon Benjamin Massoubre,On Classics (Mediawan) Bidibul Productions,Traditional,,[ 146 ] [ 147 ] [ 148 ],"May 20, 2022 ( Cannes ) October 12, 2022 (France)",82 minutes
2022,Lonely Castle in the Mirror,Japan,Keiichi Hara,A-1 Pictures,Traditional,,[ 149 ],"December 23, 2022",116 minutes
2022,Luck,United States Spain,Peggy Holmes,Apple TV+ Skydance Animation,CG animation,,[ 150 ] [ 151 ] [ 152 ] [ 153 ],"August 2, 2022 ( Madrid ) August 5, 2022 (United States)",105 minutes [ 154 ]
2022,"Lyle, Lyle, Crocodile",United States,Will Speck Josh Gordon,Columbia Pictures 3000 Pictures Hutch Parker Entertainment Speck & Gordon,CG animation Live-action,,[ 155 ],"October 2, 2022 (AMC Lincoln Square 13) October 7, 2022 (United States) November 4, 2022 ( India )",106 minutes
2022,Marmaduke,United States Canada South Korea Hong Kong,Mark A.Z. Dippé Matt Philip Whelan Youngki Lee,Netflix One Cool Animation Andrews McMeel Entertainment Legacy Classics Family Entertainment StoryBerry,CG animation,,[ 156 ],"May 6, 2022",88 minutes
2022,Mechamato Movie,Malaysia,Nizam Razak,Animonsta Studios Astro Shaw,CG animation,,[ 157 ],"December 8, 2022 ( Malaysia & Brunei ) March 1, 2023 ( Indonesia ) March 9, 2023 ( Singapore )",122 minutes (theatrical) [ 158 ] 123 minutes ( Astro On Demand )
2022,Mia and Me: The Hero of Centopia,Germany Australia Belgium India,Adam Gunn,Studio 100 Animation Studio B Animation Broadvision Services Flying Bark Productions Constantin Film Hahn Film AG,CG animation Live-action,,[ 159 ] [ 160 ],"May 26, 2022",85 minutes
2022,Minions: The Rise of Gru,United States,Kyle Balda Brad Ableson,Universal Pictures Illumination,CG animation,,[ 161 ] [ 162 ],"June 13, 2022 ( Annecy ) July 1, 2022 (United States)",87 minutes [ 163 ]
2022,Mortal Kombat Legends: Snow Blind,United States,Rick Morales,Warner Bros. Animation,Traditional,,[ 164 ] [ 165 ],"October 9, 2022",82 minutes
2022,My Big Big Friend - The Movie Meu AmigãoZão - O Filme,Brazil,Andrés Lieban,O2 Play 2DLab,Flash animation,,[ 166 ] [ 167 ] [ 168 ] [ 169 ],"May 12, 2022",76 minutes
2022,My Fairy Troublemaker Meine Chaosfee & ich,Germany Luxembourg,Caroline Origer,Fabrique d'Images Ella Filmproduktion SERU Animation,CG animation,,[ 170 ] [ 171 ] [ 172 ] [ 94 ] [ 173 ],"October 13, 2022",85 minutes
2022,My Father's Dragon,Ireland United States,Nora Twomey,Netflix Animation Cartoon Saloon Mockingbird Pictures Parallel Films,Traditional,,[ 174 ],"October 8, 2022 ( LFF ) November 4, 2022 (Ireland/United States/United Kingdom) November 11, 2022 (Netflix)",99 minutes [ 175 ]
2022,My Father's Secrets Les Secrets de mon père,France Belgium,Véra Belmont,Je Suis Bien Content,Traditional,,,"August 6, 2022 ( Angoulême Francophone Film Festival ) September 21, 2022 (France)",74 minutes
2022,My Grandfather's Demons Les Démons d'argile,Portugal Spain France,Nuno Beato,Sardinha em Lata Midralgar Basque Films Caretos Film,Stop motion CG animation,,[ 176 ] [ 177 ],"June 14, 2022 ( Annecy ) September 21, 2022 (France) June 22, 2023 (Portugal)",90 minutes
2022,My Love Affair with Marriage,Latvia United States Luxembourg,Signe Baumane,Studio Locomotive The Marriage Project Antevita Films,Traditional Stop motion,,[ 178 ],"June 11, 2022 ( Tribeca Festival )",108 minutes
2022,My Sweet Monster,Russia,Viktor Glukhushin Maksim Volkov,CTB Film Company Skazka Animation Studio Cinema Fund Luminescence,CG animation,,[ 179 ],"October 6, 2021 (Netherlands) April 28, 2022 (Russia)",98 minutes
2022,Nahuel and the Magic Book Nahuel y el Libro Mágico,Chile Brazil,Germán Acuña,Carburadores Punkrobot Studios Levante Films Red Animation Studios Dragão Studios LMS Animation Studios Draftoon Animation Studio Latido Films,Traditional,,[ 180 ] [ 181 ] [ 182 ] [ 183 ],"June 15, 2020 ( Annecy ) April 9, 2021 ( SIFF ) January 20, 2022 (Chile)",99 minutes
2022,Naked Mole Rat Gets Dressed: The Underground Rock Experience,United States,Guy Moore,Oddbot Entertainment Stampede Ventures The Mo Willems Workshop,CG animation,,,"June 30, 2022",55 minutes
2022,Nayola,Portugal France Belgium Netherlands,José Miguel Ribeiro,Praça Filmes S.O.I.L. Productions JPL Films il Luster Luna Blue Film,Traditional,,[ 184 ] [ 185 ] [ 186 ],"June 13, 2022 ( Annecy ) November 21, 2022 (Bucheon) March 8, 2023 (France) March 31, 2023 (Angola) April 2, 2023 ( CIFF ) April 13, 2023 (Portugal)",83 minutes
2022,New Gods: Yang Jian,China,Zhao Ji,Light Chaser Animation Studios Bilibili,CG animation,,[ 187 ] [ 188 ] [ 189 ],"August 19, 2022",116 minutes
2022,Night at the Museum: Kahmunrah Rises Again,United States,Matt Danner,Walt Disney Pictures 21 Laps Entertainment Atomic Cartoons Alibaba Pictures,Traditional Flash animation,,[ 190 ],"December 9, 2022",77 minutes
2022,No Dogs or Italians Allowed (Interdit aux chiens et aux italiens),France Belgium Switzerland Italy Portugal,Alain Ughetto,Les Films du Tambour de Soie Vivement Lundi Foliascope,Stop Motion,,[ 191 ],"June 15, 2022 ( Annecy ) January 25, 2023 (France)",70 minutes
2022,The Nutcracker and the Magic Flute,Russia Hungary,"Georgi Gitis, Viktor Glukhushin",CTB Film Company Luminescence Kft,CG animation,,[ 192 ] [ 179 ],"December 8, 2022",90 minutes
2022,Odd Taxi: In the Woods,Japan,Baku Kinoshita,OLM Team Yoshioka P.I.C.S,Traditional,,[ 193 ] [ 194 ] [ 195 ],"April 1, 2022",128 minutes
2022,Oink,Netherlands,Mascha Halberstad,Viking Film,Stop motion,,[ 196 ] [ 197 ],"February 10, 2022 (Berlin Film Festival) July 13, 2022 (Netherlands)",72 minutes
2022,One Piece Film: Red,Japan,Gorō Taniguchi,Toei Animation,Traditional,,[ 198 ] [ 199 ] [ 200 ],"July 22, 2022 (Tokyo premiere) August 6, 2022 (Japan)",115 minutes
2022,The Other Shape La otra forma,Colombia Brazil,Diego Felipe Guzmán,RTVC Play Hierro Animación Estúdio GIZ Dinamita Animación,Traditional,,[ 201 ] [ 202 ] [ 203 ] [ 94 ],2022,99 minutes
2022,Pattie and the Wrath of Poseidon,France,David Alaux,TAT Productions Kinology Frances 3 Cinéma,CG animation,,[ 204 ] [ 205 ] [ 206 ] [ 207 ] [ 208 ] [ 209 ] [ 210 ] [ 211 ],"October 26, 2022 (Cinemed Festival Cinéma Méditerranéen Montpellier) January 25, 2023 (France) February 10, 2023 (United Kingdom) April 5, 2024 (United States)",95 minutes
2022,Paws of Fury: The Legend of Hank,United States United Kingdom China,Rob Minkoff Mark Koetsier,Paramount Pictures Nickelodeon Movies Aniventure Align Brooksfilms Flying Tigers Entertainment GFM Animation HB Wink Animation,CG animation,,[ 212 ] [ 213 ],"July 10, 2022 ( Los Angeles ) July 15, 2022 (United States) July 22, 2022 (United Kingdom)",98 minutes
2022,Perlimps,Brazil,Alê Abreu,Buriti Filmes Globo Filmes Gloob Sony Pictures Television,Traditional,,[ 214 ] [ 215 ] [ 216 ],"June 16, 2022 (France) February 9, 2023 (Brazil)",75 minutes
2022,Pinkfong Sing-Along Movie 2: Wonderstar Concert,South Korea United States,Sukyoung Kim,The Pinkfong Company,CG animation,,[ 217 ] [ 218 ],"December 21, 2022 (South Korea) December 23, 2022 (Taiwan) January 26, 2023 (Hong Kong) January 28/29, 2023 (United States) February 3, 2023 (Singapore) March 10, 2023 (Turkey)",75 minutes
2022,Pinocchio: A True Story,Russia,Vasily Rovensky,Licensing Brands LLC Cinema Fund Russia Sony Pictures Productions and Releasing,CG animation,,[ 219 ],"December 23, 2021 (United Arab Emirates) February 17, 2022 (Russia) March 22, 2022 (United States)",94 minutes
2022,Pleasant Goat and Big Big Wolf: Dunk for Future,China,Huang Weiming Huang Junming Chen Lijin,Alpha Group Creative Power Entertaining Shanghai Tao Piao Piao Movie and TV Culture Zhejiang Dong Yang Microcosmic Pictures Youku Information Technology (Beijing) Guangdong Mingxing Chuangyi Cartoon Universe Century Film Distribution Beijing Weimeng Chuangke Network Technology,Flash animation,,[ 220 ] [ 221 ] [ 222 ] [ 223 ] [ 224 ],"February 1, 2022",94 minutes
2022,Pororo and Friends: Virus Busters 뽀로로와 친구들: 바이러스를 없애줘!,South Korea,Youngkyun Park,,CG animation,,,"December 1, 2022",62 minutes
2022,Pororo: Dragon Castle Adventure 뽀로로 극장판 드래곤캐슬 대모험,South Korea,Yoon Je-wan Seunghoon Kang,OCON Studios,CG animation,,[ 225 ],"July 28, 2022",70 minutes
2022,Puss in Boots: The Last Wish,United States,Joel Crawford,Universal Pictures DreamWorks Animation,CG animation,,[ 226 ] [ 227 ] [ 228 ],"December 13, 2022 ( Lincoln Center ) December 21, 2022 (United States)",102 minutes [ 229 ]
2022,The Quintessential Quintuplets Movie,Japan,Masato Jinbo,Bibury Animation Studios,Traditional,,[ 230 ],"May 20, 2022",136 minutes [ 231 ]
2022,Rabbit Academy: Mission Eggpossible Die Häschenschule - Der große Eierklau,Germany,Ute von Münchow-Pohl [ fr ],Akkord Film Produktion GmbH,CG animation,,[ 232 ] [ 233 ],"March 13, 2022 (Hamburg, premiere) March 17, 2022 (Germany)",76 minutes
2022,Rise of the Teenage Mutant Ninja Turtles: The Movie,United States,Ant Ward Andy Suriano,Netflix Nickelodeon Movies New Republic Pictures,Traditional,,[ 234 ] [ 235 ],"August 5, 2022",82 minutes
2022,Scrooge: A Christmas Carol,United Kingdom,Stephen Donnelly,Netflix Animation Timeless Films,CG animation,,[ 236 ],"November 18, 2022 (United States) December 2, 2022 (United Kingdom)",96 minutes
2022,The Sea Beast,United States Canada,Chris Williams,Netflix Animation,CG animation,,[ 237 ],"June 24, 2022 (Limited theatrical release) July 8, 2022 ( Netflix )",115 minutes
2022,The Seven Deadly Sins: Grudge of Edinburgh Part 1,Japan,Noriyuki Abe [ a ] Bob Shirahata,Alfred Imageworks Marvy Jack,Traditional,,[ 238 ] [ 239 ] [ 240 ],"December 20, 2022",52 minutes [ 241 ]
2022,The Soccer Football Movie,United States,Mitch Schauer,Netflix Splash Entertainment,CG animation,,[ 242 ],"November 9, 2022",73 minutes
2022,Sonic the Hedgehog 2,United States Japan Canada,Jeff Fowler,Paramount Pictures Original Film Sega Blur Studio Marza Animation Planet,CG animation Live-action,,[ 243 ] [ 244 ],"March 30, 2022 (International) April 5, 2022 ( Regency Village Theatre ) April 8, 2022 (United States)",122 minutes [ 245 ]
2022,Space Battleship Yamato 2205: A New Journey Part 2: Stasha,Japan,Kenji Yasuda,Satelight Staple Entertainment,Traditional,,[ 246 ],"February 4, 2022",102 minutes
2022,Strange World,United States,Don Hall,Walt Disney Animation Studios,CG animation,,[ 247 ] [ 248 ],"November 15, 2022 ( El Capitan Theatre ) November 23, 2022 (United States)",102 minutes [ 249 ]
2022,Supreme Motherhood: The Journey of Mata Sahib Kaur,India,Karandeep Singh,iRealities Studios Nihal Nihal Nihal Productions,CG animation,,[ 250 ],"April 14, 2022",100 minutes
2022,Suzume,Japan,Makoto Shinkai,CoMix Wave Films,Traditional,,[ 251 ],"November 11, 2022",122 minutes [ 252 ]
2022,Tad the Lost Explorer and the Curse of the Mummy Tadeo Jones 3: La tabla esmeralda,Spain,Enrique Gato,Lightbox Animation Studios Telecinco Cinema,CG animation,,[ 253 ],"August 24, 2022 (France) August 26, 2022 (Spain)",90 minutes
2022,Tarsilinha,Brazil,Célia Catunda Kiko Mistrorigo,H2O Films Pinguim Content,CG animation,,[ 254 ] [ 255 ],"March 15, 2022",89 minutes
2022,Teasing Master Takagi-san: The Movie,Japan,Hiroaki Akagi,Shin-Ei Animation,Traditional,,[ 256 ],"June 4, 2022 ( Chiyoda City ) June 10, 2022 (Japan)",73 minutes [ 257 ]
2022,Teen Titans Go! & DC Super Hero Girls: Mayhem in the Multiverse,United States,Matt Peters Katie Rice,Warner Bros. Animation DC Entertainment,Flash animation,,[ 255 ],"May 24, 2022 (DVD & Blu-ray) May 28, 2022 ( Cartoon Network )",79 minutes
2022,TeraStorm,Kenyan,Andrew Kaggia,Afrikana Digital,CG animation,,[ 258 ] [ 259 ] [ 260 ] [ 94 ],"November 24, 2022",88 minutes
2022,Titina,Norway Belgium,Kajsa Næss,Mikrofilm AS Vivi Film,Traditional,,[ 261 ] [ 262 ] [ 263 ],"October 21, 2022 (Norway) February 8, 2023 (France)",91 minutes
2022,To Every You I've Loved Before 僕が愛したすべての君へ,Japan,Jun Matsumoto,Bakken Record,Traditional,,[ 264 ] [ 265 ] [ 266 ] [ 267 ] [ 268 ] [ 269 ],"September 14, 2022 (Tokyo) October 7, 2022 (Japan)",102 minutes [ 270 ]
2022,"To Me, the One Who Loved You 君を愛したひとりの僕へ",Japan,Kenichi Kasai,TMS Entertainment,Traditional,,[ 271 ] [ 272 ] [ 265 ] [ 273 ] [ 274 ] [ 275 ] [ 276 ],"September 14, 2022 (Tokyo) October 7, 2022 (Japan)",98 minutes [ 277 ]
2022,"Toldi - Movie Toldi, a mozifilm",Hungary,Marcell Jankovics [ 278 ] Lajos Csákovics,Kecskemétfilm,Traditional,,[ 279 ] [ 280 ] [ 281 ],"October 20, 2022 (Hungary)",108 minutes
2022,Tom and Jerry: Cowboy Up!,United States,Darrell Van Citters,Warner Bros. Animation Turner Entertainment,Flash animation,,[ 282 ] [ 283 ],"January 25, 2022 [ 284 ]",71 minutes
2022,Tom and Jerry: Snowman's Land,United States,Darrell Van Citters,Warner Bros. Animation Turner Entertainment,Flash animation,,[ 285 ],"November 15, 2022 (Digital) [ 286 ] November 29, 2022 (DVD) [ 287 ]",76 minutes [ 288 ]
2022,Transylvanian Legendarium Legendárium - Mesék Székelyföldről,Hungary Romania,Szabolcs Fazakas,Legendarium Animation Studio,3D animation 2D animation,,[ 289 ] [ 290 ],"March 3, 2022 (Hungary)",80 minutes
2022,Trick or Treat Scooby-Doo!,United States,Cecilia Aranovich,Warner Bros. Animation,Traditional,,[ 291 ],"October 4, 2022 (Digital) October 18, 2022 (DVD) [ 292 ]",72 minutes [ 293 ]
2022,Trunk Train: The Movie Tromba Trem: O Filme,Brazil,Zé Brandão,Vitrine Filmes Copa Studio,Flash animation,,[ 294 ],"September 8, 2022",94 minutes
2022,"The Tunnel to Summer, the Exit of Goodbyes 夏へのトンネル、さよならの出口",Japan,Tomohisa Taguchi,Clap Animation Studio Pony Canyon,Traditional,,[ 295 ] [ 296 ] [ 297 ] [ 298 ] [ 299 ],"September 9, 2022",83 minutes
2022,Turning Red,United States,Domee Shi,Disney Pixar Animation Studios,CG animation,,[ 300 ],"March 1, 2022 ( Everyman Borough Yards ) March 11, 2022 (United States) February 9, 2024 (United States; theatrical)",100 minutes [ 301 ]
2022,Two Tiny Toddlers: A Unforgettable Day 2 kleine kleutertjes: Een dag om nooit te vergeten,Netherlands,Wip Vernooij,Nuts & Bolts Film Company Submarine Vosound,CG animation,,[ 302 ] [ 303 ] [ 304 ],"April 27, 2022 (Netherlands) May 1, 2022 (Belgium)",67 minutes
2022,Unicorn Wars,Spain France,Alberto Vázquez,Abano Producións Uniko Autour de Minuit Schmuby Productions,Traditional,,[ 305 ],"June 16, 2022 ( Annecy ) October 21, 2022 (Spain) December 28, 2022 (France)",92 minutes
2022,Wendell & Wild,United States,Henry Selick,Netflix Animation Gotham Group Monkeypaw Productions,Stop motion,,[ 306 ],"September 11, 2022 ( TIFF ) October 21, 2022 (United States) October 28, 2022 ( Netflix )",105 minutes [ 307 ]
2022,When the Robbers Came to Cardamom Town,Norway,Rasmus A. Sivertsen,Qvisten Animation,Stop motion,,,"December 25, 2022",78 minutes
2022,Yuku and the Flower of the Himalayas Yuku et la Fleur de l'Himalaya,France Belgium Switzerland,Arnaud Demuynck Rémi Durin,Vivement Lundi! Les Films du Nord Artémis Productions La Boîte... Productions Nadasdy Film,Flash animation,,,"April 15, 2022 (TV premiere) October 19, 2022 (Belgium) & (France)",65 minutes
2022,Águila y Jaguar: Los Guerreros Legendarios,Mexico,Mike R. Ortiz,Kooltoon Entertainment,CG animation,,,"September 29, 2022",105 minutes
2023,3 Little Kungpoo Goats,China Islamic Republic of Iran,Farzad Dalvand Kianoush Dalvand,Aria Animation Studio Phoenix Motion Picture Production,CG animation,,[ 1 ] [ 2 ] [ 3 ] [ 4 ] [ 5 ],"September 10, 2022 (World Festival of Animated Film) April 13, 2023 (Russia) May 24, 2024 (Turkey)",89 minutes
2023,A Kingdom for Us All Un Reino para Todos Nosotros,Mexico Colombia,Miguel Ángel Uriegas,Fotosíntesis Media,Traditional,,[ 6 ] [ 7 ],June 2023,86 minutes
2023,Allahyar and the 100 Flowers of God,Pakistan,Uzair Zaheer Khan,3rd World Studios,CG animation,,[ 8 ] [ 9 ] [ 10 ],"June 28, 2023",90 minutes
2023,Amader Choto Russel Shona,Bangladesh,Rubens Rahman Rubayet Mahmud,Information and Communication Technology Division,Traditional,,[ 11 ] [ 12 ],"October 18, 2023",26 minutes
2023,Go! Anpanman: Roborii and the Warming Present ja:それいけ!アンパンマン ロボリィとぽかぽかプレゼント,Japan,Toshikazu Hashimoto,Anpanman Production Committee TMS Entertainment,Traditional,,[ 13 ],"June 30, 2023",64 minutes
2023,Art College 1994,China,Liu Jian,Nezha Bros. Pictures Company Limited Modern Sky Entertainment Company Limited China Academy Of Art's School of Animation and Game,Traditional,,[ 14 ] [ 15 ] [ 16 ] [ 17 ] [ 18 ],"February 24, 2023 ( Berlinale )",118 minutes
2023,Baby Shark's Big Movie!,United States South Korea,Alan Foreman,Pinkfong Nickelodeon Animation Studio,Traditional Flash animation,,[ 19 ] [ 20 ],"December 8, 2023",78 minutes
2023,Babylon 5: The Road Home,United States,Matt Peters,"Warner Bros. Animation Babylonian Productions, Inc. Studio JMS",CG animation Traditional,,[ 21 ],"August 14, 2023 (United Kingdom) August 15, 2023 (United States)",79 minutes
2023,Bamse and the World's Smallest Adventure Bamse och världens minsta äventyr,Sweden,Christian Ryltenius,Nordisk Film,Traditional,,[ 22 ],"December 22, 2023",65 minutes
2023,Barbie: Skipper and the Big Babysitting Adventure,United States Canada,Steve Daye,Mainframe Studios Mattel Television [ 23 ],CG animation,,[ 24 ] [ 25 ] [ 26 ],"March 16, 2023",60 minutes
2023,Batman: The Doom that Came to Gotham,United States,Christopher Berkeley Sam Liu,Warner Bros. Animation DC Entertainment,Traditional,,[ 27 ],"March 28, 2023",86 minutes
2023,Berry and Dolly - Tales of Months Bogyó és Babóca 5 - Hónapok meséi,Hungary,Géza M. Tóth Kinga Fazakas,Kedd Animation Studio,Traditional,,[ 28 ],"April 6, 2023 (Hungary)",70 minutes
2023,Big Bruh,United States,Jerron Horton,Tubi Fox Entertainment Studios Bento Box Entertainment,Traditional/ Flash animation,,[ 29 ],"November 12, 2023",67 minutes
2023,Birth of Kitarō: The Mystery of GeGeGe,Japan,Gō Koga,Toei Animation,Traditional,,[ 30 ],"November 17, 2023",104 minutes [ 31 ]
2023,Black Clover: Sword of the Wizard King,Japan,Ayataka Tanemura,Pierrot Netflix,Traditional,,[ 32 ] [ 33 ] [ 34 ],"June 16, 2023",110 minutes
2023,Blue Giant,Japan,Yuzuru Tachikawa,NUT,Traditional,,[ 35 ],"February 17, 2023",120 minutes
2023,Boonie Bears: Guardian Code,China,Lin Yongchang Shao Heqi,Fantawild,CG animation,,[ 36 ] [ 37 ],"January 22, 2023 [ 38 ]",95 minutes
2023,The Boy and the Heron,Japan,Hayao Miyazaki,Studio Ghibli,Traditional,,[ 39 ] [ 40 ] [ 41 ] [ 42 ],"July 14, 2023",124 minutes
2023,The Brothers Gruff go to Splash world Bukkene Bruse på Badeland,Norway,Will Ashurst,Qvisten Animation,Traditional CG animation,,[ 43 ],"December 25, 2023",70 minutes
2023,Butterfly Tale,Canada Germany,Sophie Roy,CarpeDiem Film & TV Ulysses Filmproduktion Senator Film Köln,CG animation,,[ 44 ] [ 45 ] [ 46 ],"September 16, 2023 ( Atlantic International Film Festival ) September 29, 2023 (Spain) October 13, 2023 (Canada) February 1, 2024 (Germany)",82 minutes
2023,The Canterville Ghost,United Kingdom Ireland India,Kim Burdon Robert Chandler,Align Melmoth Films Space Age Films Sprout Pictures Toonz Media Group,CG animation,,[ 47 ],"September 22, 2023 (United Kingdom)",89 minutes
2023,Cats in the Museum Koty Ermitazha,Russia,Vasiliy Rovenskiy,Licensing Brands,CG animation,,[ 48 ] [ 49 ],"March 23, 2023 (Russia)",83 minutes
2023,Chang'an,China,Xie Junwei Zou Jing,"Light Chaser Animation Studios Alibaba Pictures Tianjin Maoyan Weiying Culture Media Weibo Corporation China Film Co., Ltd.",CG animation,,[ 50 ],"July 2, 2023 (Limited) July 8, 2023 (China)",168 minutes
2023,Cheburashka,Russia,Dmitry Dyachenko,"Yellow, Black and White START Studio Soyuzmultfilm Russia-1 CTC Media Cinema Fund",CG animation Live-action,,[ 51 ] [ 52 ] [ 53 ],"January 1, 2023",113 minutes
2023,Chef Jack: The Adventurous Cook,Brazil,Guilherme Fiúza Zenha,Immagini Animation Studios Pixel Produções Ciclus Produções Solo Filmes,Traditional,,[ 54 ],"January 19, 2023",80 minutes
2023,Chicken for Linda! Linda veut du poulet!,France Italy,Sébastien Laudenbach Chiara Malta,Dolce Vita Films Miyu Productions Palosanto Films,Traditional,,[ 55 ],"June 12, 2023 ( Annecy ) October 18, 2023 (France) September 5, 2024 (Italy)",73 minutes
2023,Chicken Run: Dawn of the Nugget,United Kingdom,Sam Fell,Netflix Aardman Animations,Stop-Motion,,[ 56 ] [ 57 ] [ 58 ],"October 14, 2023 ( BFI ) December 15, 2023 [ 59 ]",98 minutes [ 60 ]
2023,City Hunter The Movie: Angel Dust,Japan,Kazuyoshi Takeuchi,Sunrise The Answer Studio,Traditional,,[ 61 ],"September 8, 2023",94 minutes
2023,Colossus: Child of the Wind,South Korea,Shin Chang-sub,GRIMAE,Traditional,,[ 62 ],"May 18, 2023",93 minutes
2023,The Concierge at Hokkyoku Department Store,Japan,Yoshimi Itazu,Production I.G,Traditional,,[ 63 ] [ 64 ] [ 65 ] [ 66 ] [ 67 ],"October 20, 2023",70 minutes
2023,Craig Before the Creek,United States,Matt Burnett Ben Levin,Cartoon Network Studios,Traditional,,[ 68 ],"December 11, 2023 (Digital) January 13, 2024 (TV)",88 minutes
2023,Cricket & Antoinette Cvrčak i mravica,Croatia,Luka Rukavina,Diedra Zagreb Film,CG animation,,[ 69 ],"January 5, 2023",82 minutes
2023,Dark Harvest,United States,David Slade,Matt Tolmach Productions,Live-action CG animation,,[ 70 ] [ 71 ] [ 72 ] [ 73 ],"October 11, 2023 ( Alamo Drafthouse Cinema ) October 13, 2023 ( Digital )",96 minutes [ 74 ]
2023,Deep Sea,China,Tian Xiaopeng,October Media Coloroom Pictures,CG animation,,[ 75 ] [ 76 ] [ 77 ],"January 22, 2023 [ 78 ] [ 79 ]",112 minutes
2023,Demon Slayer: Kimetsu no Yaiba – To the Swordsmith Village,Japan,Haruo Sotozaki,Ufotable Toho Aniplex,Traditional,,[ 80 ],"February 3, 2023",110 minutes
2023,Detective Conan: Black Iron Submarine,Japan,Yuzuru Tachikawa,TMS Entertainment,Traditional,,[ 81 ],"April 14, 2023",109 minutes
2023,Diary of a Wimpy Kid Christmas: Cabin Fever,United States Canada,Luke Cormican,Walt Disney Pictures Bardel Entertainment,CG animation,,[ 82 ] [ 83 ],"December 8, 2023",62 minutes
2023,Didi & Friends The Movie,Malaysia,Akmal Aziz Asmawi Roshfaizal Ariffin,Astro Shaw Warnakala Studios Digital Durian,CG animation,,[ 84 ],"February 23, 2023 (Malaysia) April 20, 2023 (Singapore)",104 minutes
2023,Digimon Adventure 02: The Beginning,Japan,Tomohisa Taguchi,Yumeta Company,Traditional,,[ 85 ],"October 5, 2023 (Premiere) October 27, 2023 (Japan)",87 minutes
2023,Distortion,Philippines,Frederick C.G. Borromeo,Studio Moonchalk,Traditional,,[ 86 ],"January 23, 2023",47 minutes
2023,Dogs at the Opera,Russia,Vasiliy Rovenskiy,Nashe Kino,CG animation,,[ 87 ],"December 27, 2023",75 minutes
2023,Doraemon: Nobita's Sky Utopia,Japan,Takumi Doyama,Shin-Ei Animation,Traditional,,[ 88 ] [ 89 ],"March 3, 2023",107 minutes [ 90 ]
2023,Elemental,United States,Peter Sohn,Disney Pixar Animation Studios,CG animation,,[ 91 ] [ 92 ],"May 27, 2023 ( Cannes ) June 16, 2023 (United States)",101 minutes [ 93 ]
2023,Emesis Blue,United States,Chad Payne,Fortress Films Source Filmmaker,CG animation,,[ 94 ],"February 20, 2023",108 minutes
2023,Epic Tails Pattie et la colère de Poséidon,France,David Alaux,TAT Productions Apollo Films,CG animation,,[ 95 ] [ 96 ],"January 25, 2023",95 minutes
2023,Eternal Boys Next Stage,Japan,migmi,Liden Films,Traditional,,[ 97 ] [ 98 ],"June 9, 2023",69 minutes [ 99 ]
2023,Fafner in the Azure: Behind the Line,Japan,Takashi Noto,Production I.G,Traditional,,[ 100 ],"January 20, 2023",54 minutes
2023,Fate/strange Fake: Whispers of Dawn,Japan,Shun Enokido Takahito Sakazume,A-1 Pictures,Traditional,,[ 101 ] [ 102 ] [ 103 ] [ 104 ] [ 105 ] [ 106 ] [ 107 ],"July 2, 2023",55 minutes
2023,Four Souls of Coyote Kojot négy lelke [ 108 ],Hungary,Áron Gauder [ 109 ],Cinemon Entertainment [ 110 ],Traditional,,[ 111 ] [ 112 ] [ 113 ] [ 114 ] [ 115 ] [ 116 ],"March 16, 2023 (Hungary) June 12, 2023 ( Annecy )",103 minutes
2023,Gajaman,Sri Lanka,Chanaka Perera,Studio 101,CG animation,,[ 117 ] [ 118 ] [ 119 ],"January 20, 2023",99 minutes
2023,Gekijōban Argonavis Axia,Japan,Shigeru Morikawa,Sanzigen,Traditional,,[ 120 ],"March 24, 2023",64 minutes
2023,A Giant Adventure,Peru,Eduardo Schuldt,Alligator Entertainment,CG animation,,[ 121 ] [ 122 ],"January 12, 2023",80 minutes
2023,Girls und Panzer das Finale: Part 4,Japan,Tsutomu Mizushima,Actas,Traditional,,[ 123 ],"October 6, 2023",56 minutes
2023,Glisten and the Merry Mission,United States,Cory Morrison,Big Jump Entertainment Foundation Media Partners Build-A-Bear Entertainment,Flash animation,,[ 124 ] [ 125 ] [ 126 ],"November 3, 2023",78 minutes [ 127 ]
2023,Goldbeak,China,Nigel W. Tierney Dong Long,Liang Zi Film Tierney Corp Productions,CG Animation,,,"March 13, 2023 ( Hong Kong International Film Festival )",94 minutes
2023,Gold Kingdom and Water Kingdom,Japan,Kotono Watanabe,Madhouse,Traditional,,[ 128 ] [ 129 ] [ 130 ],"January 27, 2023",117 minutes
2023,A Greyhound of a Girl,Estonia Germany Ireland Italy Latvia Luxembourg United Kingdom,Enzo D'Alò,Jam Media Paul Thiltges Distributions Aliante Rija Films Amrion Production Fish Blowing Bubbles,Traditional,,[ 131 ] [ 132 ] [ 133 ] [ 134 ] [ 135 ],"February 18, 2023 ( Berlin Film Festival ) November 23, 2023 (Italy)",85 minutes
2023,Gridman Universe,Japan,Akira Amemiya,Toho Animation Studio Trigger,Traditional,,[ 136 ] [ 137 ] [ 138 ] [ 139 ],"March 24, 2023",118 minutes
2023,Heroes of the Golden Masks,Canada,Sean O'Reilly,Arcana Studio CG Bros Entertainment Gravitas Ventures,CG animation,,[ 140 ] [ 141 ] [ 142 ],"June 9, 2023",88 minutes
2023,Hidden Dragon,United States China,Boqing Tang Xiaolan Zeng,Pantheon Entertainment Magic Hill Animation Studio,CG animation,,[ 143 ],"December 15, 2023",86 minutes
2023,IDOLiSH7 LIVE 4bit BEYOND THE PERiOD,Japan,Hiroshi Nishikiori Kensuke Yamamoto,Orange,Traditional CG animation,,[ 144 ] [ 145 ],"May 20, 2023",93 minutes
2023,The Imaginary,Japan,Yoshiyuki Momose,Studio Ponoc,Traditional,,[ 146 ],"December 15, 2023",105 minutes [ 147 ]
2023,The Inseparables,Belgium France Spain,Jérémie Degruson,Paramount Pictures A Contracorriente Films Octopolis nWave Pictures,CG animation,,[ 148 ],"June 12, 2023 ( Annecy ) [ 149 ] August 10, 2023 (Belgium) December 13, 2023 (France) August 30, 2024 (Spain)",90 minutes
2023,The Inventor,France Ireland United States Luxembourg,Jim Capobianco,Curiosity Studio Foliascope Leo & King Melusine Productions,Stop-Motion Traditional CG animation,,[ 150 ] [ 151 ],"June 12, 2023 ( Annecy ) [ 149 ] September 15, 2023 (United States) January 31, 2024 (France) [ 152 ]",92 minutes [ 153 ]
2023,Johnny & Me Johnny & Me - eine Zeitreise mit John Heartfield,Austria Switzerland German,Katrin Rothe,Dschoint Ventschr Filmproduktion AG Hanfgarn & Ufer Film und TV Produktion Mischief Films,Stop motion Live-action,,[ 154 ] [ 155 ] [ 156 ],"June 12, 2023 ( Annecy ) January 25, 2024 (Germany)",104 minutes
2023,The Jungle Bunch 2: World Tour Les As de la Jungle 2: Opération tour du monde,France,Benoît Somville,TAT Productions SND Groupe M6,CG animation,,[ 157 ],"August 16, 2023 (France) February 2, 2024 (United States) September 14, 2024 (Russia)",88 minutes
2023,Justice League X RWBY: Super Heroes and Huntsmen: Part One,United States,Kerry Shawcross,Warner Bros. Animation DC Entertainment Rooster Teeth Animation,CG animation Traditional,,[ 27 ] [ 158 ],"April 25, 2023",80 minutes
2023,Justice League X RWBY: Super Heroes and Huntsmen: Part Two,United States,Dustin Mattews Yssa Badiola,Warner Bros. Animation DC Entertainment Rooster Teeth Animation,CG animation Traditional,,[ 27 ] [ 158 ],"October 31, 2023",91 minutes
2023,Katak: The Brave Beluga,Canada,Christine Dallaire-Dupont Nicola Lemay,10th Ave. Productions,CG animation,,[ 159 ],"February 24, 2023",82 minutes
2023,Kensuke's Kingdom Le royaume de Kensuké,United Kingdom Luxembourg France,Neil Boyle Kirk Hendry,British Film Institute Ffilm Cymru Wales Film Fund Luxembourg,Traditional,,[ 160 ] [ 161 ] [ 162 ],"June 11, 2023 ( Annecy ) October 14, 2023 ( BFI London Film Festival ) February 7, 2024 (France)",85 minutes
2023,Komada: A Whisky Family,Japan,Masayuki Yoshihara,P.A. Works,Traditional,,[ 163 ] [ 164 ],"June 15, 2023 ( Annecy ) November 10, 2023 (Japan)",91 minutes
2023,Kundan Satti,India,P. K. Aghasthi,Shellammal Movie Makers,CG animation,,[ 165 ] [ 166 ] [ 167 ] [ 168 ] [ 169 ],"October 13, 2023",106 minutes
2023,La leyenda de los Chaneques,Mexico,Marvick Núñez,Ánima,Flash animation,,[ 170 ] [ 171 ],"July 14, 2023",89 minutes
2023,Ladybug & Cat Noir: The Movie,France,Jeremy Zag,Zagtoon Method Animation,CG animation,,[ 172 ] [ 173 ] [ 174 ],"June 11, 2023 ( Grand Rex ) July 5, 2023 (France) July 28, 2023 ( Netflix )",105 minutes [ 175 ]
2023,Legion of Super-Heroes,United States,Jeff Wamester,Warner Bros. Animation DC Entertainment,Traditional,,[ 27 ] [ 176 ],"February 7, 2023",83 minutes
2023,Leo,United States Australia,Robert Marianetti David Wachtenheim Robert Smigel,Netflix Animation Happy Madison Productions Animal Logic,CG animation,,[ 177 ] [ 178 ] [ 179 ],"November 21, 2023",102 minutes [ 180 ]
2023,The Little Mermaid,United States,Michael Johnson,The Asylum,CG animation,,[ 181 ],"June 6, 2023",90 minutes
2023,Maboroshi,Japan,Mari Okada,MAPPA,Traditional,,[ 182 ],"September 15, 2023",111 minutes
2023,The Magician's Elephant,United States,Wendy Rogers,Netflix Animation Animal Logic,CG animation,,[ 183 ] [ 184 ],"May 17, 2023",100 minutes [ 185 ]
2023,Mars Express,France,Jérémie Périn,Everybody On the Deck Je Suis Bien Content Ev.L Prod Plume Finance France 3 Cinéma Shine Conseils Gébéka Films Amopix,Traditional CG animation,,[ 186 ],"May 21, 2023 ( Cannes ) June 12, 2023 ( Annecy ) November 22, 2023 (France)",85 minutes
2023,Mavka: The Forest Song,Ukraine,Oleg Malamuzh Oleksandra Ruban,Animagrad FILM.UA Group,CG animation,,[ 187 ] [ 188 ] [ 189 ],"March 2, 2023 (Ukraine)",90 minutes [ 190 ]
2023,Metalocalypse: Army of the Doomstar,United States,Brendon Small,"Williams Street Titmouse, Inc.",Traditional,,[ 191 ],"August 22, 2023",83 minutes
2023,Merry Little Batman,United States,Mike Roth,Warner Bros. Animation DC Entertainment,Traditional,,[ 192 ] [ 193 ],"December 8, 2023",96 minutes
2023,Mickey and Friends Trick or Treats,United States,David H. Brooks,Stoopid Buddy Stoodios Disney Television Animation,Stop Motion,,[ 194 ] [ 195 ],"October 1, 2023",30 minutes
2023,Migration,United States France,Benjamin Renner,Universal Pictures Illumination,CG animation,,[ 196 ] [ 197 ] [ 198 ],"October 19, 2023 ( VIEW Conference ) December 22, 2023 (United States)",83 minutes [ 199 ]
2023,Millennial Hunter,United States,Sam Taggart,Tubi Fox Entertainment Studios Bento Box Entertainment,Traditional Flash animation,,[ 29 ] [ 200 ],"August 14, 2023",70 minutes
2023,The Missing,Philippines Thailand,Carl Joseph Papa,Project 8 Projects GMA News and Public Affairs Terminal Six Post Purin Pictures,Traditional Rotoscope,,[ 201 ] [ 202 ] [ 203 ],"August 5, 2023 ( Cinemalaya ) January 7, 2024 ( Palm Springs )",90 minutes
2023,Mikolo,Nigeria [ 204 ],Niyi Akinmolayan [ 204 ],Anthill Studios [ 204 ] Film One Entertainment [ 205 ] Amazon Prime [ 206 ],CG animation Live-action,,[ 207 ] [ 208 ] [ 209 ] [ 210 ] [ 211 ] [ 212 ],"August 18, 2023 [ 204 ]",110 minutes [ 213 ]
2023,The Monkey King,United States China Canada,Anthony Stacchi,Netflix Animation Pearl Studio Reel FX Animation,CG animation,,[ 214 ] [ 179 ],"July 30, 2023 ( NYAFF ) August 18, 2023 (Netflix)",96 minutes
2023,Mortal Kombat Legends: Cage Match,United States,Ethan Spaulding,Warner Bros. Animation,Traditional,,[ 215 ] [ 216 ],"October 17, 2023",76 minutes
2023,Mujib Bhai,Bangladesh,Chandan K Barman Sohel Mohammad Rana,Technomagic Private Ltd Hypertag Ltd,CG animation Traditional,,[ 217 ] [ 218 ] [ 219 ] [ 220 ] [ 221 ],"June 23, 2023",47 minutes
2023,Mummies,Spain,Juan Jesús García Galocha,Warner Bros. Pictures Atresmedia Cine 4 Cats Pictures Anangu Grup Moomios Movie AIE,CG animation,,[ 222 ] [ 223 ],"January 5, 2023 (Australia) February 24, 2023 (Spain)",88 minutes [ 224 ]
2023,My Next Life as a Villainess: All Routes Lead to Doom! The Movie,Japan,Keisuke Inoue,Silver Link,Traditional,,[ 225 ] [ 226 ] [ 227 ] [ 228 ] [ 229 ] [ 230 ] [ 231 ] [ 232 ] [ 233 ] [ 234 ] [ 235 ],"November 19, 2023 (New York City) December 8, 2023 (Japan)",90 minutes [ 236 ]
2023,A Mystery on the Cattle Hill Express,Norway,Will Ashurst,Felleskjø Kristiansand Dyrepark Qvisten Animation,CG animation,,[ 237 ] [ 238 ] [ 239 ] [ 240 ] [ 241 ],"March 3, 2023",70 minutes
2023,New Dimension! Crayon Shin-chan the Movie: Battle of Supernatural Powers ~Flying Sushi~,Japan,Hitoshi Ône,ADK Futabasha Shin Ei Animation Shirogumi TV Asahi Productions,CG animation,,,"August 4, 2023",93 minutes [ 242 ] [ unreliable source? ]
2023,Nimona,United States,Nick Bruno Troy Quane,Netflix Annapurna Animation Vertigo Entertainment DNEG Animation,CG animation,,[ 243 ] [ 179 ] [ 244 ] [ 245 ],"June 14, 2023 ( Annecy ) [ 246 ] June 23, 2023 (United States) June 30, 2023 ( Netflix )",99 minutes [ 247 ]
2023,Nina and the Hedgehog's Secret,France Luxembourg,Jean-Loup Felicioli Alain Gagnol,Auvergne Rhône-Alpes Cinéma Doghouse Films Folimage KMBO Production Parmi Les Lucioles Films Philophon,Traditional,,[ 248 ],"June 12, 2023 ( Annecy ) August 4, 2023 ( Locarno Film Festival ) October 11, 2023 (France)",82 minutes
2023,Oh My School!,China,Mingze Xia Kai Yan,Beijing Enlight Pictures,CG animation,,,"July 14, 2023",91 minutes
2023,Ozi: Voice of the Forest,United Kingdom France,Tim Harper,Appian Way GCI Film Mike Medavoy Productions GFM Animation,CG animation,,[ 249 ] [ 250 ] [ 251 ],"June 13, 2023 ( Annecy ) August 16, 2024 (United Kingdom)",87 minutes
2023,Pastacolypse,United States,Matt Maiellaro,Tubi Fox Entertainment Studios Bento Box Entertainment,Traditional Flash animation,,[ 29 ],"May 21, 2023 [ 252 ]",70 minutes
2023,Paw Patrol: The Mighty Movie,Canada United States,Cal Brunker,Paramount Pictures Nickelodeon Movies Spin Master Entertainment,CG animation,,[ 253 ],"September 29, 2023",87 minutes [ 254 ]
2023,The Peasants,Poland Serbia Lithuania,DK Welchman Hugh Welchman,BreakThru Films DigitalKraft Art Shot,Oil-painted Traditional,,[ 255 ] [ 256 ] [ 257 ],"September 13, 2023 ( TIFF ) October 13, 2023 (Poland) January 26, 2024 (United States)",115 minutes [ 258 ]
2023,Pelikan Blue hu:Kék Pelikan,Hungary,László Csáki,Cinemon Entertainment Umbrella,Traditional,,,"November 11, 2023 (Tallinn) April 4, 2024 (Hungary)",84 minutes
2023,Phoenix: Reminiscence of Flower,Japan,Shōjirō Nishimi,Studio 4°C,Traditional,,[ 259 ],"November 3, 2023",95 minutes
2023,Pinkfong & Hogi Mini-Movie: The Tricky Three Cars,South Korea United States,,The Pinkfong Company,CG animation,,,,
2023,Pinkfong Sing-Along Movie 3: Catch the Gingerbread Man,South Korea United States,Sukyoung Kim,The Pinkfong Company,CG animation,,[ 260 ],"July 26, 2023 (South Korea) September 9, 2023 (United States)",66 minutes
2023,Pole Princess!!,Japan,Hitomi Ezoe Yoshihiro Otobe (CG),Tatsunoko Production,Traditional CG animation,,[ 261 ] [ 262 ],"November 23, 2023",75 minutes
2023,"Poop, Spring and the Others ' Kaka, kevad ja teised",Estonia,Meelis Arulepp Heiki Ernits Oskar Lehemaa Mikk Mägi René Vilbre,A. Film Production,Traditional Flash Animation Stop Motion CG animation Live-Action,,,"February 10, 2023",71 minutes [ 263 ]
2023,Pretty Cure All Stars F,Japan,Yūta Tanaka,Toei Animation,Traditional,,[ 264 ],"September 15, 2023",73 minutes
2023,Pretty Guardian Sailor Moon Cosmos The Movie,Japan,Tomoya Takahashi,Toei Animation Studio Deen,Traditional,,[ 265 ] [ 266 ] [ 267 ],"Part 1: June 9, 2023 Part 2: June 30, 2023","160 minutes (total, 80 minutes per film) [ 268 ] [ 269 ]"
2023,Princess Principal: Crown Handler – Chapter 3,Japan,Masaki Tachibana,Actas,Traditional,,[ 270 ],"April 7, 2023",60 minutes
2023,Psycho-Pass Providence,Japan,Naoyoshi Shiotani,Production I.G,Traditional,,[ 271 ],"May 12, 2023",120 minutes
2023,Puffin Rock and the New Friends,United Kingdom Ireland,Jeremy Purcell Lorraine Lordan,Cartoon Saloon Dog Ears WestEnd Films,Flash animation,,[ 272 ] [ 273 ],"July 14, 2023 (Ireland) August 11, 2023 (United Kingdom)",80 minutes [ 274 ]
2023,Rakudai Majo: Fūka to Yami no Majo,Japan,Takayuki Hamana,Production I.G,Traditional,,[ 275 ] [ 276 ] [ 277 ] [ 278 ] [ 279 ],"March 31, 2023",59 minutes
2023,Rally Road Racers,United Kingdom United States United Arab Emirates,Ross Venokur,Kintop Pictures REP Productions 6 Ltd Riverstone Pictures Vanguard Animation,CG animation,,[ 280 ] [ 281 ],"May 12, 2023 (United States) September 15, 2023 (United Kingdom)",93 minutes
2023,Rascal Does Not Dream of a Knapsack Kid,Japan,Sōichi Masui,CloverWorks,Traditional,,[ 282 ],"December 1, 2023",75 minutes
2023,Rascal Does Not Dream of a Sister Venturing Out,Japan,Sōichi Masui,CloverWorks,Traditional,,[ 283 ],"June 23, 2023",73 minutes
2023,Ready Jet Go!: Space Camp,United States,Mucci Fassett,Silver Creek Falls Entertainment Universal Pictures Home Entertainment,CG animation,,[ 284 ] [ 285 ],"July 20, 2023",85 minutes
2023,Resident Evil: Death Island,Japan,Eiichirō Hasumi,TMS Entertainment Quebico,CG animation,,[ 286 ],"June 22, 2023 (Singapore) [ 287 ] July 7, 2023 (Japan) [ 288 ] July 25, 2023 (Blu-ray & Digital) [ 289 ]",91 minutes [ 290 ]
2023,Richard the Stork and the Mystery of the Great Jewel,Germany Belgium Norway,Benjamin Quabeck Mette Tange,Den Siste Skilling Knudsen & Streuber Medienmanufaktur Walking The Dog,CG animation,,[ 291 ],"March 23, 2023 (Germany) April 12, 2023 (Norway)",84 minutes
2023,Robot Dreams,Spain France,Pablo Berger,Arcadia Motion Pictures Noodles Production Les Films du Worso RTVE Movistar Plus+ [ 292 ],Traditional,,[ 293 ],"May 21, 2023 ( Cannes ) June 12, 2023 ( Annecy ) December 6, 2023 (Spain) December 27, 2023 (France)",102 minutes
2023,Rock Dog 3: Battle the Beat,United States China,Anthony Bell,Lionsgate Splash Entertainment HB Wink Animation,CG animation,,[ 294 ] [ 295 ],"January 24, 2023",90 minutes
2023,Rocket Saves the Day,United States,Amanda Strong,Atomic Cartoons,Flash animation,,[ 296 ],"December 26, 2023",45 minutes
2023,Rosa and the Stone Troll Roselil og stentrolden,Denmark,Karla Nor Holmbäck,A. Film Production Dansk Tegnefilm Nordisk Film & TV-Fond The Danish Film Institute Archive,Flash animation,,[ citation needed ],"February 9, 2023",75 minutes
2023,"Ruby Gillman, Teenage Kraken",United States,Kirk DeMicco,Universal Pictures DreamWorks Animation,CG animation,,[ 297 ] [ 298 ],"June 15, 2023 ( Annecy ) June 30, 2023 (United States)",91 minutes [ 299 ]
2023,Ruslan and Ludmila. More than a Fairy Tale,Russia,Alexey Zamyslov Vladimir Nikolaev Alexey Tsitsylin,Voronezh Animation Studio CTB Film Company,CG animation,,[ 300 ],"August 24, 2023 (Russia) [ 301 ]",95 minutes
2023,Sand Land,Japan,Toshihisa Yokoshima,Sunrise Anima Kamikaze Douga,Traditional,,[ 302 ],"August 18, 2023",106 minutes
2023,Sasaki and Miyano: Graduation,Japan,Shinji Ishihira,Studio Deen,Traditional,,[ 303 ] [ 304 ] [ 305 ] [ 306 ],"February 17, 2023",59 minutes [ 307 ]
2023,Scarygirl,Australia,Ricard Cussó Tania Vincent,Highly Spirited Passion Pictures Australia Particular Crowd Like A Photon Creative,CG animation,,[ 308 ] [ 309 ] [ 310 ],"June 17, 2023 ( Sydney Film Festival ) October 26, 2023 (Australia)",90 minutes
2023,"Scooby-Doo! and Krypto, Too!",United States,Cecilia Aranovich Hamilton,Warner Bros. Animation DC Entertainment,Traditional,,[ 311 ] [ 312 ] [ 313 ],"September 26, 2023",76 minutes
2023,The Seven Deadly Sins: Grudge of Edinburgh Part 2,Japan,Noriyuki Abe [ a ] Bob Shirahata,Alfred Imageworks Marvy Jack,Traditional,,[ 314 ] [ 315 ] [ 316 ],"August 8, 2023",54 minutes
2023,The Siren La Sirène,France Germany Luxembourg Belgium,Sepideh Farsi,Les Films d'Ici Katuh Studio Bac Cinéma Lunanime TrickStudio Lutterbeck,CG animation,,[ 317 ],"February 16, 2023 ( Berlin ) June 28, 2023 (France)",100 minutes
2023,Sirocco and the Kingdom of Winds Sirocco et le royaume des courants d'air,Belgium France,Benoît Chieux,Sacrebleu Productions Take Five Ciel de Paris Production,Traditional,,[ 318 ],"June 11, 2023 ( Annecy ) December 13, 2023 (France & Belgium)",74 minutes
2023,The Snow Queen & the Princess,Russia,Aleksey Tsitsilin Andrey Korenkov,Wizart Animation,CG animation,,[ 319 ] [ 320 ],"February 16, 2023 (Russia)",80 minutes
2023,Spider-Man: Across the Spider-Verse,United States,Joaquim Dos Santos Kemp Powers Justin K. Thompson,Columbia Pictures Sony Pictures Animation Marvel Entertainment,CG animation,,[ 321 ] [ 322 ] [ 323 ] [ 324 ],"May 30, 2023 ( Regency Village Theater ) June 2, 2023 (United States)",140 minutes [ 325 ]
2023,Spy × Family Code: White,Japan,Takashi Katagiri,Wit Studio CloverWorks,Traditional,,[ 326 ] [ 327 ] [ 328 ] [ 329 ] [ 330 ] [ 331 ],"December 22, 2023",110 minutes [ 332 ]
2023,Strays,United States,Josh Greenbaum,Universal Pictures Picturestart Rabbit Hole Productions Lord Miller Productions,CG animation Live-action,,[ 333 ] [ 334 ] [ 335 ],"August 18, 2023",93 minutes [ 336 ]
2023,Sultana's Dream,Spain Germany,Isabel Herguera,Sultana Films Gatoverde Producciones Abano Producións Uniko Estudio Creativo Fabian & Fred,Oil-painted Traditional,,[ 337 ],"September 24, 2023 ( San Sebastián ) [ 338 ] November 17, 2023 (Spain) [ 337 ]",86 minutes
2023,The Super Mario Bros. Movie,United States Japan,Aaron Horvath Michael Jelenic,Universal Pictures Illumination Nintendo,CG animation,,[ 339 ] [ 340 ] [ 341 ],"April 1, 2023 (Los Angeles) April 5, 2023 (United States) April 28, 2023 (Japan)",92 minutes [ 342 ]
2023,The Swan Princess: A Fairytale is Born,United States,Richard Rich,Sony Pictures Home Entertainment Crest Animation Productions,CG animation,,[ 343 ],"May 23, 2023",86 minutes
2023,The Swan Princess: Far Longer than Forever,United States,Richard Rich,Sony Pictures Home Entertainment Crest Animation Productions,CG animation,,[ 344 ],"September 19, 2023 (Digital) [ 345 ] October 24, 2023 (DVD)",86 minutes
2023,Taz: Quest for Burger,United States,Ryan Kramer,Warner Bros. Animation,Flash animation,,[ 346 ],"June 6, 2023 (Digital) [ 347 ] [ 346 ] June 20, 2023 (DVD)",75 minutes
2023,Teenage Mutant Ninja Turtles: Mutant Mayhem,United States,Jeff Rowe,Paramount Pictures Nickelodeon Movies Point Grey Pictures,CG animation Traditional,,[ 348 ] [ 349 ],"June 12, 2023 ( Annecy ) August 2, 2023 (United States)",99 minutes [ 350 ]
2023,They Shot the Piano Player,Spain France Netherlands,Fernando Trueba Javier Mariscal,Fernando Trueba PC Les Films D’ici Submarine Animanostra,Traditional,,[ 351 ] [ 352 ] [ 353 ],"September 6, 2023 ( Telluride ) October 6, 2023 (Spain)",103 minutes [ 354 ]
2023,Toopy and Binoo: The Movie,Canada,Dominique Jolin Reymond Lebrun,Corus Entertainment Echo Media,Flash animation,,[ 355 ],"August 11, 2023",80 minutes
2023,"Tony, Shelly and the Magic Light",Czech Republic Hungary Slovakia,Filip Posivac,Nutprodukce Nutprodukcia Czech Television Radio and Television of Slovakia Kouzelná animace Filmfabriq [ 356 ],Stop Motion,,[ 357 ] [ 358 ],"June 1, 2023 ( Zlín Festival ) [ 359 ] June 13, 2023 ( Annecy ) November 2, 2023 (Czech Republic) November 9, 2023 (Slovakia) November 21, 2023 (Hungary)",82 minutes
2023,Totto-Chan: The Little Girl at the Window,Japan,Shinnosuke Yakuwa,Shin-Ei Animation,Traditional,,[ 360 ] [ 361 ],"December 8, 2023",114 minutes [ 362 ]
2023,Transformers: Rise of the Beasts,United States,Steven Caple Jr.,Paramount Pictures Skydance Hasbro New Republic Pictures Di Bonaventura Pictures Bay Films,CG animation Live-action,,[ 363 ] [ 364 ] [ 365 ] [ 366 ] [ 367 ] [ 368 ] [ 369 ],"May 27, 2023 ( Marina Bay Sands ) June 9, 2023 (United States)",127 minutes [ 370 ]
2023,Trolls Band Together,United States,Walt Dohrn,Universal Pictures DreamWorks Animation,CG animation,,[ 371 ] [ 372 ] [ 373 ],"October 12, 2023 (Denmark) November 17, 2023 (United States)",92 minutes [ 374 ]
2023,Under the Boardwalk,United States,David Soren,Paramount Animation DNEG Animation Big Kid Pictures,CG animation,,[ 375 ] [ 376 ] [ 377 ] [ 378 ] [ 379 ] [ 380 ],"October 27, 2023 (United States) February 9, 2024 (Australia)",83 minutes [ 381 ]
2023,Urkel Saves Santa: The Movie!,United States,Jojo Ramos Patrick Bryan Newton Richard Pose,Warner Bros. Animation,Traditional Flash animation,,[ 382 ] [ 383 ],"November 21, 2023",86 minutes
2023,The Venture Bros.: Radiant Is the Blood of the Baboon Heart,United States,Jackson Publick,"Williams Street Astro-Base GO! Titmouse, Inc.",Traditional,,[ 191 ] [ 384 ],"July 21, 2023 (Digital) July 25, 2023 (Blu-ray)",84 minutes
2023,When Adam Changes,Canada,Joël Vaudreuil,Parce Que Films,Traditional,,[ 385 ] [ 386 ] [ 387 ] [ 388 ],"June 12, 2023 ( Annecy )",96 minutes
2023,"Who are you, Mamma Moo?",Sweden,Christian Ryltenius,SF Studios,Traditional,,[ 389 ] [ 390 ],"August 25, 2023",66 minutes
2023,White Plastic Sky Műanyag égbolt [ 391 ],Hungary Slovakia,Tibor Bánóczki Sarolta Szabó,Salto Film Artichoke,Rotoscope Traditional CG animation,,[ 392 ] [ 393 ] [ 394 ],"February 17, 2023 ( Berlin ) March 30, 2023 (Hungary)",111 minutes
2023,Wish,United States,Chris Buck Fawn Veerasunthorn,Walt Disney Animation Studios,Traditional CG animation,,[ 395 ],"November 18, 2023 ( El Capitan Theatre ) November 23, 2023 (United States)",92 minutes [ 396 ]
2023,Yaga and the Book of Spells,Russia,Vladimir Sakov,Art Pictures Studio Gluk'oza Animation,CG animation,,[ 397 ],"April 22, 2023 ( Moscow Film Festival ) April 27, 2023 (Russia)",101 minutes
2024,10 Lives,United Kingdom Canada,Chris Jenkins,GFM Animation Align Quad The Happy Producers,CG animation,,[ 1 ] [ 2 ],"January 20, 2024 ( Sundance ) April 5, 2024 (United Kingdom)",88 minutes
2024,200% Wolf,Australia,Alexs Stadermann,Flying Bark Productions,CG animation,,[ 3 ],"July 4, 2024 (New Zealand) August 8, 2024 (Australia)",98 minutes
2024,Animal Tales of Christmas Magic,France Germany,Camille Alméras Ceylan Beyoglu Natalia Chernysheva Haruna Kishi Caroline Attia Larivière Olesya Shchukina,Les Valseurs Arte France Cinéma Luftkind Filmverleih Gao Shan Pictures Riverman Studio Pulp Amopix Fabian & Fred Ciné+ OCS Centre national du cinéma et de l'image animée (CNC) La Région Île-de-France Région Réunion Région Grand Est MOIN Filmförderung Hamburg Schleswig-Holstein Filmförderungsanstalt (FFA) Société des Producteurs de Cinéma et de Télévision (Procirep) Arte France Indéfilms 11,Flash animation,,,"June 11, 2024 ( Annecy ) November 21, 2024 (Germany) November 27, 2024 (France)",72 minutes
2024,Anpanman: Baikinman and Lulun in the Picture Book,Japan,Jun Kawagoe,Anpanman Production Committee TMS Entertainment,Traditional,,[ 4 ],"June 28, 2024",64 minutes
2024,Arf,Italy,Simona Cornacchia Anna Russo,Genoma Films,Flash animation,,,"January 25, 2024",75 minutes
2024,"BanG Dream! Spring Sunshine, Lost Cat",Japan,Kōdai Kakimoto,Sanzigen,Traditional,,,"September 27, 2024",
2024,"BanG Dream! Sing, Songs That Become Us & Film Live",Japan,Kōdai Kakimoto,Sanzigen,Traditional,,,"November 8, 2024",
2024,Bartali's Bicycle,Italy,Enrico Paolantonio,Lynx Multimedia Factory Telegael Toonz Media Group,Flash animation,,,"July 21, 2024 ( Giffoni Film Festival ) August 1, 2024 (Italy)",80 minutes
2024,Be Forever Yamato: Rebel 3199,Japan,Harutoshi Fukui Naomichi Yamato,Studio Mother,Traditional,,[ 5 ],"July 19, 2024",50 minutes
2024,Benjamin Bat,Netherlands Luxembourg,Patrick Raats Sarah Sutter,The Storytellers Film & TV ZEILT productions AVROTROS Capybara Animation CoBo Fonds,CG animation Traditional,,,"October 20, 2024 ( Cinekid Festival ) October 23, 2024 (Netherlands)",75 minutes
2024,Berry and Dolly - Bells Bogyó és Babóca 6 - Csengettyűk,Hungary,Géza M. Tóth Kinga Fazakas,Kedd Animation Studio,Traditional,,[ 6 ],"March 28, 2024 (Hungary)",70 minutes
2024,Big City Greens the Movie: Spacecation,United States,Anne O'Brian,Disney Television Animation,Traditional,,[ 7 ],"June 6, 2024",82 minutes
2024,Big Man,Czech Republic,Radek Beran,Bedna Films [ 8 ] Czech Television [ 9 ],Stop-Motion Puppetry,,[ 10 ],"May 2, 2024 (Cinema on the Border) October 3, 2024",72 minutes
2024,Bizarros Peixes das Fossas Abissais,Brazil,Marcelo Fabri Marão,Boulevard Filmes Marão Filmes,Traditional,,[ 11 ],"January 25, 2024",75 minutes
2024,Bloody Escape: Jigoku no Tōsō Geki,Japan,Gorō Taniguchi,Polygon Pictures,Traditional,,[ 12 ] [ 13 ] [ 14 ],"January 5, 2024",87 minutes
2024,Blue Lock: Episode Nagi,Japan,Shunsuke Ishikawa,Eight Bit,Traditional,,[ 15 ] [ 16 ],"April 19, 2024",91 minutes
2024,Boonie Bears: Time Twist,China,Lin Huida,FantaWild Animation,CG animation,,,"February 10, 2024",105 minutes
2024,Bouchra For Aicha,Italy Morocco United States,Meriem Bennani Orian Barki,Fondazione Prada 2 Lizards Production Hi Production SB Films,CG animation,,[ 17 ] [ 18 ] [ 19 ] [ 20 ] [ 21 ],"October 31, 2024 (Milan) [ 22 ] September 5, 2025 ( Toronto ) [ 23 ] September 27, 2025 ( New York ) [ 24 ] October 10, 2025 ( Bordeaux ) [ 25 ] October 19, 2025 ( Rome ) [ 26 ] 2026 (United States)",73 minutes (original cut) 83 minutes (festival run)
2024,Boys Go to Jupiter,United States,Julian Glander,Glanderco,CG animation,,[ 27 ],"June 7, 2024 ( Tribeca ) August 8, 2025 (United States)",90 minutes
2024,Buffalo Kids,Spain,Pedro Solís García Juan Jesús García Galocha,4Cats Pictures Atresmedia Cine Anangu Grup Little Big Boy AIE Mogambo Productions,CG animation,,[ 28 ],"June 14, 2024 ( Annecy ) August 14, 2024 (Spain)",93 minutes
2024,Captain Avispa,Dominican Republic,Jean Gabriel Guerra Jonnathan Melendez,Guerra Films Guerra Toons,CG animation,,[ 29 ],"April 4, 2024 (Dominican Republic)",96 minutes
2024,The Casagrandes Movie,United States,Miguel Puga,Netflix Nickelodeon Movies,Traditional,,[ 30 ] [ 31 ],"March 22, 2024",85 minutes [ 32 ]
2024,Code Geass: Rozé of the Recapture,Japan,Yoshimitsu Ohashi,Sunrise,Traditional,,Four-part film series [ 33 ],"May 10, 2024 (Act 1) June 7, 2024 (Act 2) July 5, 2024 (Act 3) August 2, 2024 (Final Act)",74 minutes (Act 1) [ 34 ] 76 minutes (Act 2) [ 35 ] 76 minutes (Act 3) [ 36 ] 74 minutes (Final Act) [ 37 ]
2024,The Colors Within,Japan,Naoko Yamada,Science Saru,Traditional,,[ 38 ] [ 39 ],"June 10, 2024 ( Annecy ) August 30, 2024 (Japan)",100 minutes
2024,Combat Wombat: Back 2 Back,Australia,Ricard Cussó Tania Vincent,Like a Photon Creative,CG animation,,[ 40 ],"October 28, 2023 ( Brisbane International Film Festival ) February 29, 2024 (Australia)",81 minutes
2024,Crayon Shin-chan the Movie: Our Dinosaur Diary,Japan,Shinobu Sasaki,Shin-Ei Animation,Traditional,,[ 41 ] [ 42 ] [ 43 ] [ 44 ],"August 9, 2024",106 minutes
2024,Dalia and the Red Book,Argentina Colombia Brazil Ecuador Peru Spain,David Bisbano,Vista Sur Films Mi Perro Producciones FilmSharks International Golem Studio Doce Entertainment Cinefilm Matte CG Signos Studio Mr Miyagi Films,CG animation,,,"October 3, 2024 ( Sitges Film Festival ) October 17, 2024 (Argentina)",107 minutes
2024,Dan Da Dan: First Encounter,Japan,Fūga Yamashiro,Science Saru,Traditional,,[ 45 ],"August 31, 2024",75 minutes
2024,The Day the Earth Blew Up: A Looney Tunes Movie,United States,Pete Browngardt,Warner Bros. Animation,Traditional,,[ 46 ] [ 47 ] [ 48 ] [ 49 ],"June 11, 2024 ( Annecy ) March 14, 2025 (United States)",91 minutes [ 50 ]
2024,Dead Dead Demon's Dededede Destruction,Japan,Tomoyuki Kurokawa,Production +h.,Traditional,,,"March 22, 2024 May 24, 2024",120 minutes (each)
2024,Demon Slayer: Kimetsu no Yaiba – To the Hashira Training,Japan,Haruo Sotozaki,Ufotable,Traditional,,[ 51 ] [ 52 ] [ 53 ] [ 54 ] [ 55 ] [ 56 ] [ 57 ],"February 2, 2024 (Japan) February 23, 2024 (United States)",103 minutes [ 58 ]
2024,Despicable Me 4,United States,Chris Renaud,Universal Pictures Illumination,CG animation,,[ 59 ] [ 60 ],"June 9, 2024 ( Jazz at Lincoln Center ) July 3, 2024 (United States)",95 minutes [ 61 ]
2024,Detective Conan: The Million Dollar Pentagram,Japan,Chika Nagaoka,TMS Entertainment,Traditional,,[ 62 ],"April 12, 2024",110 minutes
2024,Dikkie Dik en de verdwenen knuffel,Netherlands,Joost van den Boshe Erik Verkerk,Ka-Ching Cartoons,Traditional,,[ 63 ],"June 19, 2024",62 minutes
2024,Diplodocus,Czech Republic Poland Slovakia,Wojtek Wawszczyk,Human Film Telewizja Polska (TVP) - Agencja Filmowa PFX Dayhey,CG animation Live-action,,,"June 9, 2024 ( Annecy ) September 23, 2024 ( Gdynia Film Festival ) October 4, 2024 (Poland)",90 minutes
2024,Dongeng Sang Kancil,Malaysia,Ahmad Razuri Roseli Nik Ahmad Rasyidi Nik Othman,Les' Copaque Production Astro Shaw,CG animation,,[ 64 ] [ 65 ] [ 66 ],"December 26, 2024",99 minutes
2024,Doraemon: Nobita's Earth Symphony,Japan,Kazuaki Imai,Shin-Ei Animation,Traditional,,[ 67 ] [ 68 ],"March 1, 2024",115 minutes
2024,Double Tuckerr,India,Meera Mahadhi,Air Flick PVR Inox Pictures,CG animation Live-action,,[ 69 ] [ 70 ] [ 71 ] [ 72 ],"April 5, 2024",120 minutes
2024,Dragonkeeper,Spain China,Salvador Simó Li Jianping,Guardián de Dragones AIE China Film Animation,CG animation,,[ 73 ],"March 1, 2024 ( Málaga ) April 19, 2024 (Spain)",98 minutes
2024,Elli and the Ghostly Ghost Train (also known as  Elli and Her Monster Team ),Germany Canada,Piet De Rycker Jesper Møller Jens Møller,Carpe Diem Film & TV Dreamin' Dolphin Film Eagle Eye Filmproduktion Traumhaus Studios Zooper Film,CG animation,,[ 74 ],"June 27, 2024",86 minutes
2024,Exorcism Chronicles: The Beginning,South Korea,Kim Dong-Chul,Locus Animation Studios,CG animation,,[ 75 ] [ 76 ] [ 77 ] [ 78 ],"June 13, 2024 ( Annecy ) February 21, 2025 (South Korea)",85 minutes
2024,A Few Moments of Cheers,Japan,Popreq,Hurray! 100studio,Traditional,,[ 79 ],"June 14, 2024",68 minutes
2024,Flow,Belgium Latvia France,Gints Zilbalodis,Dream Well Studio Sacrebleu Productions Take Five,CG animation,,[ 80 ] [ 81 ],"May 22, 2024 ( Cannes ) October 30, 2024 (France)",85 minutes [ 82 ]
2024,The Formula for Water,Russia,Artyom Minakov,Magic Factory Animation Soyuzmultfilm,CG animation,,,"October 3, 2024",86 minutes
2024,Fox and Hare Save the Forest,Netherlands Belgium,Mascha Halberstad,Submarine Walking the Dog Doghouse,CG animation,,[ 83 ] [ 84 ] [ 85 ],"February 18, 2024 ( Berlinale )",71 minutes
2024,From Ground Zero,Palestine France Qatar Jordan United Arab Emirates,Aws Al-Banna Ahmed Al-Danf Basil Al-Maqousi Mustafa Al-Nabih Muhammad Alshareef Ala Ayob Bashar Al Balbisi Alaa Damo Awad Hana Ahmad Hassunah Mustafa Kallab Satoum Kareem Mahdi Karera Rabab Khamees Khamees Masharawi Wissam Moussa Tamer Najm Abu Hasna Nidaa Damo Nidal Mahmoud Reema Etimad Weshah Islam Al Zrieai,Masharawi Fund For Films & Filmmakers in Gaza Coorigines Production Metafora Production Sharjah Art Foundation International Media Support Akka Films The Royal Film Commission Doha Film Institute,Cutout Live-action,,[ 86 ] [ 87 ],"July 5, 2024 (Amman)",112 minutes
2024,Fureru,Japan,Tatsuyuki Nagai,CloverWorks,Traditional,,[ 88 ] [ 89 ],"October 4, 2024",107 minutes
2024,Fuuto PI: Portrait of Kamen Rider Skull,Japan,Yousuke Kabashima,Studio Kai,Traditional,,[ 90 ] [ 91 ],"November 8, 2024",82 minutes
2024,Ganbatte Ikimasshoi,Japan,Yūhei Sakuragi,Studio Moe Reirs,Traditional,,[ 92 ],"October 25, 2024",95 minutes
2024,The Garfield Movie,United States,Mark Dindal,Columbia Pictures Alcon Entertainment DNEG Animation,CG animation,,[ 93 ] [ 94 ] [ 95 ],"May 19, 2024 ( Grauman's Chinese Theatre ) May 24, 2024 (United States)",101 minutes [ 96 ]
2024,Gekijōban SutoPuri Hajimari no Monogatari: Strawberry School Festival!!!!,Japan,Naoki Matsuura,Liden Films,Traditional,,[ 97 ] [ 98 ],"July 19, 2024",83 minutes
2024,Ghost Cat Anzu,Japan France,Yŏko Kuno Nobuhiro Yamashita,Shin-Ei Animation Miyu Productions,Traditional,,[ 99 ] [ 100 ] [ 101 ],"May 21, 2024 ( Cannes ) July 19, 2024 (Japan)",97 minutes
2024,Giants of La Mancha,Argentina Germany,Gonzalo Gutierrez 'G.G.',3 Doubles Producciones GF Films GGVFX M.A.R.K.13™ Studio 100 Studio Isar Animation,CG animation,,[ 102 ],"March 28, 2024 (Portugal)",89 minutes
2024,Given,Japan,Noriko Hashimoto,Lerche,Traditional,,[ 103 ] [ 104 ] [ 105 ] [ 106 ] [ 107 ] [ 108 ] [ 109 ],"January 27, 2024 ( Hiiragi mix ) September 20, 2024 ( To the Sea )",70 minutes ( Hiiragi Mix ) [ 110 ] 80 minutes ( To the Sea ) [ 111 ]
2024,The Glassworker,Pakistan,Usman Riaz,Mano Animation Studios,Traditional,,[ 112 ],"June 9, 2024 ( Annecy ) July 26, 2024 (Pakistan)",98 minutes
2024,Gracie & Pedro: Pets To The Rescue,Canada South Africa United States,Kevin Donovan Gottfried Roodt,GTE Productions Second Chance Productions,CG animation,,[ citation needed ],"May 23, 2024 (Russia) August 9, 2024 (United Kingdom) October 18, 2024 (United States)",87 minutes
2024,Haikyu!! The Dumpster Battle,Japan,Susumu Mitsunaka,Production I.G.,Traditional,,[ 113 ],"February 16, 2024",85 minutes [ 114 ]
2024,Harold and the Purple Crayon,United States,Carlos Saldanha,Columbia Pictures Davis Entertainment,Traditional CG animation Live-action,,[ 115 ],"July 21, 2024 ( Culver City ) August 2, 2024 (United States)",92 minutes
2024,The Haunted House Special: Red Eyed Reaper 신비아파트 특별편: 붉은 눈의 사신,South Korea,Park Hong-geun,CJ ENM Co. Studio BAZOOKA,Traditional,,[ 116 ],"August 14, 2024",77 minutes
2024,Hitpig!,United Kingdom Canada,Cinzia Angelini David Feiss,Aniventure,CG animation,,[ 117 ],"November 1, 2024 (United States)",86 minutes
2024,Hola Frida!,France Canada,André Kadi Karine Vézina,Tobo Média Du Coup Animation Haut et Court,Flash animation,,[ 118 ] [ 119 ] [ 120 ],"June 15, 2024 ( Annecy ) October 25, 2024 ( Morelia ) February 12, 2025 (France)",82 minutes
2024,Hump,Germany Belgium,Peter Dodd Amin Matalqa,Odin's Eye Entertainment MovieBrats Pictures Walking The Dog,CG animation,,[ citation needed ],"November 15, 2024",
2024,IF,United States,John Krasinski,Paramount Pictures Sunday Night Productions Maximum Effort,CG animation Live-action,,[ 121 ],"May 8, 2024 (France) May 17, 2024 (United States)",104 minutes [ 122 ]
2024,Inside Out 2,United States,Kelsey Mann,Disney Pixar Animation Studios,CG animation,,[ 123 ] [ 124 ],"June 10, 2024 ( El Capitan Theatre [ 125 ] ) June 14, 2024 (United States)",96 minutes [ 126 ]
2024,Into the Mortal World,China,Ding Zhong,Winsing Animation Iron Fan Studio Bilibili Alibaba Pictures Youku Pictures,CG animation,,,"July 12, 2024",118 minutes
2024,Into the Wonderwoods Angelo dans la forêt mystérieuse,France Luxembourg,Vincent Paronnaud Alexis Ducord,Je Suis Bien Content Gao Shan Pictures ZEILT productions,CG animation,,[ 127 ],"May 22, 2024 ( Cannes ) October 23, 2024 (France)",81 minutes
2024,Iris the Movie: Full Energy!!,Japan,Hiroshi Ikehata,Studio Gokumi,Traditional,,[ 128 ],"May 17, 2024",60 minutes
2024,Johnny Puff: Secret Mission,United States Spain Italy,Néstor F. Dennis,Méliès Producciones,CG animation,,[ 129 ],"January 12, 2024",87 minutes
2024,John Vardar vs the Galaxy,North Macedonia Croatia Hungary Bulgaria,Goce Cvetanovski,Lynx Animation Studios 3D2D Animatori Invictus Umatik Entertainment,2D 3D animation,,[ 130 ],"October 5, 2024 ( Sitges ) November 1, 2024 (North Macedonia) March 27, 2025 (Hungary)",86 minutes
2024,Justice League: Crisis on Infinite Earths – Part One,United States,Jeff Wamester,Warner Bros. Animation DC Studios,Traditional,,[ 131 ],"January 9, 2024",93 minutes
2024,Justice League: Crisis on Infinite Earths – Part Two,United States,Jeff Wamester,Warner Bros. Animation DC Studios,Traditional,,[ 132 ],"April 23, 2024",95 minutes
2024,Justice League: Crisis on Infinite Earths – Part Three,United States,Jeff Wamester,Warner Bros. Animation DC Studios,Traditional,,[ 131 ],"July 16, 2024",98 minutes
2024,Koyomi Vamp,Japan,Tatsuya Oishi,Shaft,Traditional,,[ 133 ] [ 134 ],"January 12, 2024",144 minutes
2024,Kung Fu Panda 4,United States,Mike Mitchell,Universal Pictures DreamWorks Animation,CG animation,,[ 135 ] [ 136 ],"March 3, 2024 ( The Grove ) March 8, 2024 (United States)",94 minutes [ 137 ]
2024,Liberato's Secret,Italy,Francesco Lettieri Giorgio Testi Giuseppe Squillaci LRNZ,Red Private,Traditional Live-action,,[ 138 ],"May 9, 2024",90 minutes
2024,Little Emma,United States China Ireland,Leo Lewis Liao,Bootleg Universe Fís Éireann / Screen Ireland Gold Valley Films Neko Productions Toonz Media Group,CG animation,,[ citation needed ],"September 6, 2024 (United States)",106 minutes
2024,Living Large,Czech Republic France Slovakia,Kristina Dufková,Barletta Czech Television NOVINSKI Novanima Productions,Stop-Motion,,[ 139 ] [ 140 ] [ 141 ] [ 142 ],"June 2024 ( Annecy ) June 29, 2024 ( Karlovy Vary ) October 17, 2024",80 minutes
2024,Look Back,Japan,Kiyotaka Oshiyama,Studio Durian,Traditional,,[ 143 ],"June 10, 2024 ( Annecy ) June 28, 2024 (Japan)",58 minutes
2024,The Lord of the Rings: The War of the Rohirrim,New Zealand Japan United States,Kenji Kamiyama,New Line Cinema Warner Bros. Animation Sola Entertainment,Traditional,,[ 144 ] [ 145 ] [ 146 ],"December 13, 2024",134 minutes [ 147 ]
2024,Love Live! Nijigasaki High School Idol Club Final Chapter (Part 1),Japan,Tomoyuki Kawamura,Sunrise,Traditional,,[ 148 ] [ 149 ],"September 6, 2024",59 minutes
2024,"Maya, Give Me a Title",France,Michel Gondry,Partizan Films,Cutout Stop-Motion,,[ 150 ] [ 151 ],"October 2, 2024 (Theatres) February 2025 ( Berlinale )",61 minutes
2024,Megamind vs. the Doom Syndicate,United States,Eric Fogel,DreamWorks Animation Television,CG animation,,[ 152 ],"March 1, 2024",85 minutes
2024,Memoir of a Snail,Australia,Adam Elliot,Arenamedia Snails Pace Films,Stop-Motion,,[ 153 ] [ 154 ] [ 155 ],"June 10, 2024 ( Annecy ) October 17, 2024 (Australia)",94 minutes
2024,Moana 2,United States,David Derrick Jr.,Walt Disney Animation Studios,CG animation,,[ 156 ],"November 27, 2024",100 minutes [ 157 ]
2024,Mobile Suit Gundam SEED Freedom,Japan,Mitsuo Fukuda,Bandai Namco Filmworks,Traditional,,[ 158 ],"January 26, 2024",124 minutes
2024,Mononoke the Movie: Phantom in the Rain,Japan,Kenji Nakamura,EOTA,Traditional,,[ 159 ],"July 26, 2024",89 minutes [ 160 ]
2024,Moonzy: Homecoming,Russia,Konstantin Bronzit,CTB Film Company Melnitsa Animation Studio,CG animation,,[ 161 ],"August 29, 2024",78 minutes
2024,The Most Precious of Cargoes,France,Michel Hazanavicius,Les Films du Fleuve Prima Linea Productions Studiocanal Les Compagnons du Cinema Ex Nihilo,Traditional,,[ 162 ],"May 2024 ( Cannes ) November 20, 2024 (France)",81 minutes
2024,Mufasa: The Lion King,United States,Barry Jenkins,Walt Disney Pictures Walt Disney Studios Motion Pictures,CG animation,,[ 163 ] [ 164 ],"December 9, 2024 ( Dolby Theatre ) December 20, 2024 (United States)",118 minutes [ 165 ]
2024,Mustafa,Turkey,H. Sinan Güngör Ibrahim Turali Halil Öztürk,Outline Animation and Games,CG animation,,,"October 25, 2024",75 minutes
2024,My Freaky Family,Australia,Mark Gravas,Pop Family Entertainment Telegael,CG animation,,,"October 31, 2024",86 minutes
2024,My Hero Academia: You're Next,Japan,Tensai Okamura,Bones,Traditional,,[ 166 ],"August 2, 2024",110 minutes [ 167 ]
2024,My Oni Girl,Japan,Tomotaka Shibayama,Studio Colorido,Traditional,,[ 168 ],"May 24, 2024",112 minutes
2024,Nature Cat's Nature Movie Special Extraordinaire,United States,Adam Rudman David Rudman Todd Hannert,PBS Kids Spiffy Pictures,Flash animation,,[ 169 ],"April 22, 2024",53 minutes
2024,The Night Before Christmas in Wonderland,United Kingdom,Peter Baynton,G-BASE Lupus Films Magical Thinking Entertainment,Flash animation,,,"November 15, 2024 (United States) December 13, 2024 (United Kingdom)",80 minutes
2024,Night of the Zoopocalypse,Canada France Belgium,Ricardo Curtis Rodrigo Perez-Castro,Elevation Pictures Apollo Films House of Cool Mac Guff,CG animation,,[ 170 ] [ 171 ] [ 172 ],"October 6, 2024 ( Sitges ) January 29, 2025 (France) March 7, 2025 (United States/Canada)",91 minutes
2024,Niko - Beyond the Northern Lights,Finland Germany Denmark Ireland,Kari Juusonen Jørgen Lerdam,Anima Vitae Animaker Ulysses Filmproduktion Moetion Films A. Film Production,CG animation,,[ 173 ] [ 174 ] [ 175 ] [ 176 ],"October 11, 2024",86 minutes
2024,No Time to Spy: A Loud House Movie,United States,Kyle Marshall,Paramount+ Nickelodeon Movies,Flash animation,,[ 177 ],"June 21, 2024",81 minutes
2024,Noah's Ark,Brazil India,Sérgio Machado René Veilleux,Globo Filmes Gullane NIP Symbiosys Technologies VideoFilmes,CG animation,,[ 178 ],"January 5, 2024 (South Africa) November 7, 2024 (Brazil)",96 minutes
2024,Olivia & the Clouds,Dominican Republic,Tomás Pichardo Espaillat,Guasábara Cine Historias de Bibi Cine Chani,Rotoscope Traditional Cutout Live-Action,,[ 179 ] [ 180 ] [ 181 ] [ 182 ],"August 15, 2024 ( Locarno )",81 minutes
2024,Orion and the Dark,United States,Sean Charmatz,Netflix DreamWorks Animation,CG animation,,[ 183 ] [ 184 ],"February 2, 2024",93 minutes
2024,Out of the Nest,Thailand China,Arturo A. Hernandez Andrew Gordon Veerapatra Jinanavin,Base FX Shellhut Entertainment,CG animation,,,"June 13, 2024 ( Annecy ) September 5, 2024 (Thailand) September 7, 2024 (China)",84 minutes
2024,Overlord: The Sacred Kingdom,Japan,Naoyuki Itō,Madhouse,Traditional,,[ 185 ] [ 186 ] [ 187 ],"September 20, 2024",135 minutes
2024,Paddington in Peru,United Kingdom France Japan United States,Dougal Wilson,StudioCanal,CG animation Live-action,,[ 188 ],"November 8, 2024 (United Kingdom) February 14, 2025 (United States) February 5, 2025 (France)",106 minutes [ 189 ]
2024,Panda Bear in Africa,Denmark Netherlands France Germany Estonia China,Richard Claus Karsten Kiilerich,A. Film Production Cool Beans Le Pacte Katuni Animation Comet Film,CG animation,,[ 190 ],"February 15, 2024 (Berlin) October 16, 2024 (Netherlands)",84 minutes
2024,Piece by Piece,United States,Morgan Neville,The Lego Group Tremolo Productions I Am Other,CG animation,,[ 191 ] [ 192 ],"August 30, 2024 ( Telluride ) October 11, 2024 (United States)",93 minutes [ 193 ]
2024,Pinocchio and the Water of Life,Spain Estonia United States,Viktor Lakisov,Asymmetric Studios OU Asymmetric Universe S.L.,CG animation,,[ citation needed ],"December 12, 2024",85 minutes
2024,Pleasant Goat and Big Big Wolf: The World Guardians,China,Huang Junming Chen Lijin,Alpha Group Creative Power Entertaining Huaxia Film Distribution Youku Information Technology (Beijing) Guangdong Mingxing Chuangyi Cartoon Shanghai Tao Piao Piao Movie and TV Culture Zhejiang Dong Yang Microcosmic Pictures,Flash animation,,,"July 19, 2024",96 minutes
2024,The Polar Bear King,Norway,Mikkel Brænne Sandemose,Beside Productions Maipo Film Vivi Film,Traditional,,,"December 25, 2024",85 minutes
2024,The Proud Princess,Czech Republic,Radek Beran,Luminar Film PFX,CG animation,,[ 194 ],"November 7, 2024",84 minutes
2024,Pui Pui Molcar The Movie MOLMAX,Japan,Mankyū,Shin-Ei Animation,CG animation,,[ 195 ] [ 196 ] [ 197 ] [ 198 ],"November 29, 2024",69 minutes
2024,Rabbits Kingdom the Movie,Japan,Masayoshi Ozaki,Studio Sign,Traditional,,[ 199 ],"June 14, 2024",84 minutes
2024,Rafadan Tayfa: Cappadocia,Turkey,Ismail Fidan,TRT ISF Studios,CG animation,,,"December 27, 2024",84 minutes
2024,Rebellious,United Kingdom Cyprus,Alex Tsitsilin,Creation Entertainment Media Magic Frame Animation,CG animation,,,"October 25, 2024",94 minutes
2024,Red vs. Blue: Restoration,United States,Matt Hullum,Rooster Teeth,CG animation,,[ 200 ],"May 21, 2024",85 minutes
2024,Road to Summer Sonia,Japan,Shū Honma,P.A. Works,Traditional,,[ 201 ],"March 1, 2024",119 minutes
2024,Rocket Club: Across the Cosmos,Canada,Steve Ball Hailey Kathler,ICON Creative Studio,CG animation,,[ citation needed ],"March 8, 2024",68 minutes
2024,"Robotia, the Movie",Argentina Spain Costa Rica,Diego Cagide Diego Lucero,Malabar Animation Studio Dibulitoon Studio Paycom Cinema Tropics Creative,CG animation,,,"June 7, 2024 (Spain) August 29, 2024 (Argentina)",86 minutes
2024,Ryan's World the Movie: Titan Universe Adventure,United States Japan,Albie Hecht,Shin-Ei Animation (animation),Traditional Live-action,,[ 202 ] [ 203 ] [ 204 ],"April 6, 2024 ( CIFF ) August 16, 2024 (United States)",83 minutes [ 204 ]
2024,Savages,Switzerland France Belgium,Claude Barras,Nadasdy Film Haut et Cort Panique!,Stop-Motion,,[ 205 ] [ 206 ] [ 207 ],"May 18, 2024 ( Cannes )",87 minutes
2024,Saving Bikini Bottom: The Sandy Cheeks Movie,United States,Liza Johnson,Netflix Nickelodeon Movies,CG animation Live-action,,[ 208 ] [ 209 ] [ 210 ] [ 211 ],"August 2, 2024",82 minutes
2024,The Sloth Lane,Australia,Tania Vincent Ricard Cussó,Like A Photon Creative Screen Queensland Studios,CG animation,,[ 212 ],"June 10, 2024 ( Annecy ) June 15, 2024 ( Sydney ) July 25, 2024 (Australia)",89 minutes
2024,Sonic the Hedgehog 3,United States Japan Canada,Jeff Fowler,Paramount Pictures Original Film Sega Blur Studio Marza Animation Planet,CG animation Live-action,,[ 213 ] [ 214 ],"December 10, 2024 ( Empire Leicester Square ) December 20, 2024 (United States) December 27, 2024 (Japan)",110 minutes [ 215 ]
2024,Spellbound,United States,Vicky Jenson,Netflix Skydance Animation,CG animation,,[ 216 ] [ 217 ] [ 218 ] [ 219 ] [ 220 ],"November 22, 2024",109 minutes [ 221 ]
2024,Spermageddon,Norway,Tommy Wirkola Rasmus A. Sivertsen,Qvisten Animation 74 Entertainment,CG animation,,[ 222 ] [ 223 ] [ 224 ] [ 225 ] [ 226 ],"June 10, 2024 ( Annecy ) February 28, 2025 (Norway)",80 minutes
2024,Steal the Naughty List,United States,Nathan VonMinden,Upstairs Studio Animation,Stop-Motion,,,"November 15, 2024",90 minutes
2024,Sunburnt Unicorn,Canada,Nick Johnson,2448223 Alberta,CG animation,,[ 227 ],"June 10, 2024 ( Annecy )",81 minutes
2024,Super Charlie,Sweden Denmark,Jon Holmberg,A. Film Production Film i Skåne Nordisk Film Slugger Film Sveriges Television,CG animation,,[ 228 ] [ 229 ],"December 25, 2024 (Sweden) February 6, 2025 (Denmark)",80 minutes
2024,The Super Elfkins,Germany,Ute von Münchow-Pohl,ARX Anima Animation Studio Akkord Film Produktion GmbH SERU Animation Tobis Film,CG animation,,[ 230 ] [ 231 ],"December 24, 2024",76 minutes
2024,SuperKlaus,Spain Canada,Steve Majaury Andrea Sebastián,3 Doubles Producciones Capitán Araña PVP Media,CG animation,,[ 232 ],"October 6, 2024 ( Stiges Festival ) November 28, 2024 (Spain)",92 minutes [ 233 ]
2024,That Christmas,United Kingdom,Simon Otto,Locksmith Animation,CG animation,,[ 234 ] [ 210 ] [ 220 ] [ 235 ] [ 236 ],"October 19, 2024 ( 68th BFI London Film Festival ) December 4, 2024 ( Netflix )",97 minutes
2024,Thelma the Unicorn,United States,Jared Hess Lynn Wang,Netflix Animation Scholastic Entertainment Netflix Studios,CG animation,,[ 237 ] [ 238 ] [ 210 ] [ 239 ],"May 17, 2024",93 minutes
2024,The Tiger's Apprentice,United States,Raman Hui,Paramount+ Paramount Animation,CG animation,,[ 240 ] [ 241 ] [ 242 ] [ 243 ] [ 244 ],"January 27, 2024 ( Los Angeles ) February 2, 2024 (United States)",84 minutes [ 245 ]
2024,Transformers One,United States,Josh Cooley,Paramount Animation Hasbro Entertainment Di Bonaventura Pictures,CG animation,,[ 246 ] [ 247 ] [ 248 ] [ 249 ] [ 250 ],"September 11, 2024 (Sydney) September 20, 2024 (United States)",104 minutes [ 251 ]
2024,Trapezium,Japan,Masahiro Shinohara,CloverWorks,Traditional,,[ 252 ],"May 10, 2024",94 minutes
2024,Tummy Tom And The Lost Teddybear,Netherlands Belgium,Joost Van Den Bosch Erik Verkerk,Phanta Animation BosBros Eyeworks Ka-Ching Cartoons Animal Tank,Traditional,,[ 253 ] [ 254 ] [ 255 ],"June 19, 2024 (Netherlands) September 18, 2024 (Belgium)",62 minutes
2024,Tummy Tom: A New Friend for Tummy Tom,Netherlands,Joost Van Den Bosch Erik Verkerk,Phanta Animation Catpaw BosBros Eyeworks Ketnet Junior,Traditional,,[ 253 ] [ 256 ] [ 257 ],"December 18, 2024 (Netherlands) February 26, 2025 (Belgium)",70 minutes
2024,Ultraman: Rising,United States Japan,Shannon Tindle John Aoshima,Netflix Animation Tsuburaya Productions Industrial Light & Magic,CG animation,,[ 258 ] [ 210 ] [ 259 ],"June 12, 2024 ( Annecy Festival ) June 14, 2024 (Worldwide)",117 minutes [ 260 ]
2024,Uma & Haggen Uma y Haggen: Princesa y Vikingo,Mexico,Eduardo Cabrera Martín Claudón Benito Fernández,Ithrax Studio Santo Domingo Animation,Traditional,,[ 261 ],"January 4, 2024",94 minutes
2024,Umamusume: Pretty Derby – Beginning of a New Era,Japan,Ken Yamamoto,CygamesPictures,Traditional,,[ 262 ],"May 24, 2024",108 minutes
2024,Wallace & Gromit: Vengeance Most Fowl,United Kingdom,Nick Park Merlin Crossingham,Netflix Aardman Animations,Stop-Motion,,[ 263 ] [ 264 ] [ 265 ],"October 27, 2024 ( AFI ) December 25, 2024 (BBC) January 3, 2025 (Netflix)",79 minutes [ 266 ]
2024,Watchmen: Chapter I,United States,Brandon Vietti,Warner Bros. Animation Paramount Pictures DC Entertainment,CG animation Traditional,,[ 131 ],"August 13, 2024",84 minutes
2024,Watchmen: Chapter II,United States,Brandon Vietti,Warner Bros. Animation Paramount Pictures DC Entertainment,CG animation Traditional,,[ 267 ],"November 26, 2024",89 minutes
2024,Wild Kratts: Our Blue and Green World,United States,Chris Kratt Martin Kratt,PBS Kids Kratt Brothers Company 9 Story Media Group,Flash animation,,[ 169 ],"April 1, 2024",48 minutes
2024,The Wild Robot,United States,Chris Sanders,Universal Pictures DreamWorks Animation,CG animation,,[ 268 ] [ 269 ] [ 270 ] [ 271 ],"September 8, 2024 ( TIFF ) September 27, 2024 (United States)",101 minutes [ 272 ]
2024,Wonderful Pretty Cure! The Movie: A Grand Adventure in a Thrilling Game World!,Japan,Naoki Miyahara,Toei Animation,Traditional,,[ 273 ],"September 13, 2024",70 minutes [ 274 ]
2024,Woody Woodpecker Goes to Camp,United States,Jon Rosenbaum,Universal 1440 Entertainment Universal Animation Studios,CG animation Live-action,,[ 275 ] [ 276 ],"April 12, 2024",98 minutes [ 277 ]
2024,Yumi's Cells: The Movie,South Korea,Kim Da-hee,Studio N Locus Animation,Traditional,,[ 278 ],"April 3, 2024",93 minutes
2024,YuruYuri,Japan,Naoyuki Tatsuwa,Passione Studio Lings,Traditional,,[ 279 ],"February 2, 2024 [ 280 ] June 21, 2024 [ 281 ]",43 minutes (both films)
2024,Zak & Wowo: The Legend of Lendarys [ fr ],France Canada,Philippe Duchêne Cuvelier Jean-Baptiste [ 282 ],2 Minutes Animation Caramel Films PM SA Perpetua Capital,CG animation,,[ 283 ] [ 284 ],"July 3, 2024",85 minutes
2024,Zegapain STA,Japan,Masami Shimoda,Bandai Namco Filmworks,Traditional,,[ 285 ] [ 286 ],"August 16, 2024",90 minutes
2025,100 Meters,Japan,Kenji Iwaisawa,Rock 'n' Roll Mountain,Traditional,,[ 1 ] [ 2 ] [ 3 ] [ 4 ] [ 5 ] [ 6 ] [ 7 ],"June 9, 2025 ( Annecy ) September 19, 2025 (Japan) December 31, 2025 (Worldwide)",106 minutes [ 8 ]
2025,Aikatsu! x PriPara the Movie: A Miracle Encounter!,Japan,Takahiro Okawa,BN Pictures Syn Sophia Takara Tomy Arts,Traditional,,[ 9 ],"October 10, 2025",
2025,Allah Is Not Obliged,France Luxembourg Belgium Canada,Zaven Najjar,Creative Touch Studios Paul Thiltges Distribution Need Production Lunamine Yzanakio,CG animation,,[ 10 ],"June 9, 2025",77 minutes
2025,All You Need Is Kill,Japan,Kenichiro Akimoto,Studio 4°C,Traditional,,[ 11 ] [ 12 ],"June 9, 2025 ( Annecy ) January 9, 2026 (Japan)",82 minutes [ 13 ]
2025,Animal Farm,Canada United Kingdom United States,Andy Serkis,6th & Idaho Productions The Imaginarium Studios Aniventure Cinesite,CGI animation,,[ 14 ] [ 15 ] [ 16 ] [ 17 ],"June 9, 2025 ( Annecy ) May 1, 2026 (United States)",96 minutes [ 18 ]
2025,Another World,Hong Kong,Tommy Kai Chung Ng,Point Five Productions SILVER MEDIA GROUP Film Development Council,Traditional,,"[ 19 ] [ 20 ] [ 21 ] [ 22 ] [ 23 ] [ 24 ] [ 25 ] , while receiving international co-production funding from the Philippine Film Commission in 2022 [ 24 ] [ 26 ] [ 27 ] [ 28 ] [ 29 ]","June 16, 2025 ( Annecy ) October 29, 2025 ( Hong Kong , Macau) December 25, 2025 (Malaysia) January 30, 2026 (United Kingdom, Ireland)",111 minutes
2025,Anpanman: Chapon's Hero!,Japan,Toshikazu Hashimoto,TMS Entertainment,Traditional,,[ 30 ] [ 31 ] [ 32 ] [ 33 ],"June 27, 2025",89 minutes
2025,Arco,France,Ugo Bienvenu,Fit Via Vi Film Productions MountainA Remembers,Traditional,,[ 34 ] [ 35 ],"May 16, 2025 ( Cannes ) October 22, 2025 (France) November 14, 2025 (United States)",82 minutes
2025,As One,Japan,Kōbun Shizuno,Honoo Studio Gooneys,Traditional,,[ 36 ] [ 37 ] [ 38 ],"August 22, 2025",91 minutes
2025,Awakening Beauty,Spain United States,Manuel H. Martín Amparo Martínez Barco,La Claqueta PC,Traditional,,[ 39 ],"October 27, 2025 ( Seminci ) November 28, 2025 (Spain)",61 minutes
2025,Aztec Batman: Clash of Empires,Mexico United States,Juan Meza-León,Warner Bros. Animation DC Studios Ánima Chatrone Particular Crowd,Flash animation,,[ 40 ] [ 41 ] [ 42 ] [ 43 ],"September 18, 2025 (Mexico) September 19, 2025 (United States)",89 minutes [ 44 ]
2025,The Bad Guys 2,United States,Pierre Perifel,Universal Pictures DreamWorks Animation,CGI animation,,[ 45 ] [ 46 ] [ 47 ],"July 25, 2025 (United Kingdom) August 1, 2025 (United States)",104 minutes [ 48 ]
2025,Barbie & Teresa: Recipe for Friendship,United States,Karen J. Lloyd,Mainframe Studios Mattel Television,CGI animation,,[ 49 ],"March 6, 2025",60 minutes
2025,Batman Ninja vs. Yakuza League,United States Japan,Junpei Mizusaki Shinji Takagi,Warner Bros. Japan DC Entertainment Warner Bros. Animation Kamikaze Douga YamatoWorks Barnum Studio,Traditional CG animation,,[ 50 ] [ 51 ] [ 52 ],"March 18, 2025",89 minutes [ 53 ]
2025,Bebefinn Sing-Along Movie: Into the Pinkfong World,South Korea,Byeon Hee-sun Sujeong Han Sunyoung Moon,The Pinkfong Company,3D animation,,,"July 23, 2025 (South Korea) July 25, 2025 (United Kingdom & Ireland)",65 minutes
2025,Berry and Dolly - Tales from the Polka Dot House Bogyó és Babóca 7 - Mesék a pöttyös házból,Hungary,Géza M. Tóth Kinga Fazakas,Kedd Animation Studio,Traditional,,,"August 14, 2025 (Hungary)",70 minutes
2025,BFF. Turbo Adventure Marathon,Lithuania Slovakia,Urte Oettinger Ignas Meilunas,Art Shot Studios,Flash animation,,[ 54 ],"May 16, 2025",55 minutes
2025,BoBoiBoy Movie 3,Malaysia,Nizam Razak,Animonsta Studios,CG animation,,[ 55 ],December 2025,
2025,Boonie Bears: Future Reborn,China,Lin Yongchang,Fantawild,CG animation,,[ 56 ] [ 57 ] [ 58 ] [ 59 ],"January 29, 2025 [ 56 ]",108 minutes
2025,Captain Sabertooth and the Countess of Grel,Norway,Are Austnes Yaprak Morali Rasmus A. Sivertsen,Qvisten Animation,CG animation,,[ 60 ] [ 61 ],"February 7, 2025",77 minutes
2025,Caretta Bobi,Turkey,Kaan Simseker,,AI-generated animation,,,"June 27, 2025",
2025,Chainsaw Man – The Movie: Reze Arc,Japan,Tatsuya Yoshihara,MAPPA,Traditional,,[ 62 ] [ 63 ],"September 19, 2025",100 minutes
2025,ChaO,Japan,Yasuhiro Aoki,Studio 4°C,Traditional,,[ 64 ],"August 15, 2025",90 minutes
2025,Checkered Ninja 3,Denmark,Thorbjørn Christoffersen Anders Matthesen,A. Film Pop Up Production Sudoku ApS,CG animation,,[ 65 ] [ 66 ] [ 67 ],"August 21, 2025",88 minutes
2025,Chickenhare and the Secret of the Groundhog,Belgium France,Benjamin Mousquet,nWave Pictures Octopolis,CG animation,,[ 68 ] [ 69 ],"June 12, 2025 ( Annecy ) October 10, 2025 (United States) October 15, 2025 (France)",88 minutes
2025,Clockwork Girl,Japan,Yasuomi Umetsu,Shaft,Traditional,,[ 70 ] [ 71 ] [ 72 ] [ 73 ] [ 74 ] [ 75 ] [ 76 ] [ 77 ] [ 78 ] [ 79 ],"June 27, 2025",35 minutes
2025,Cocoon,Japan,Toko Ina,Sasayuri,Traditional,,[ 80 ] [ 3 ] [ 81 ] [ 82 ],"March 30, 2025 (early broadcast) August 25, 2025 (main broadcast)",60 minutes
2025,Colorful Stage! The Movie: A Miku Who Can't Sing,Japan,Hiroyuki Hata,P.A. Works,Traditional,,[ 83 ],"January 17, 2025",105 minutes
2025,Crayon Shin-chan the Movie: Super Hot! The Spicy Kasukabe Dancers,Japan,Masakazu Hashimoto,Shin-Ei Animation,Traditional,,[ 84 ] [ 85 ] [ 86 ] [ 87 ] [ 88 ],"August 8, 2025",105 minutes
2025,Cute High Earth Defense Club Eternal Love!,Japan,Shinji Takamatsu,Studio Comet,Traditional,,[ 89 ] [ 90 ] [ 91 ] [ 92 ] [ 93 ] [ 94 ],"January 24, 2025",81 minutes [ 95 ]
2025,Dan Da Dan: Evil Eye,Japan,Fūga Yamashiro Abel Góngora,Science Saru,Traditional,,[ 96 ] [ 97 ],"May 30, 2025",93 minutes
2025,Dandelion Odyssey,Belgium France,Momoko Seto,ARTE France Cinéma Ecce Films Fondation Gan pour le Cinéma Umedia,CG animation Traditional,,[ 98 ],"May 22, 2025 ( Cannes )",75 minutes
2025,David,United States,Brent Dawes Phil Cunningham,2521 Entertainment Slingshot Productions Sunrise Animation Studios,CG animation,,[ 99 ] [ 100 ] [ 101 ] [ 102 ] [ 103 ],"December 19, 2025",115 minutes [ 104 ]
2025,Death Does Not Exist,Canada France,Félix Dufour-Laperrière,Embuscade Films Miyu,Traditional,,[ 105 ],"May 15, 2025 ( Cannes )",72 minutes
2025,Decorado,Spain Portugal,Alberto Vázquez,Abano Producións Uniko Estudio Creativo Glow Animation Sardinha Em Lata María y Arnold AIE,Traditional,,[ 106 ] [ 107 ] [ 108 ],"September 21, 2025 ( Fantastic Fest ) October 24, 2025 (Spain)",95 minutes [ 109 ]
2025,Demon Slayer: Kimetsu no Yaiba – The Movie: Infinity Castle,Japan,Haruo Sotozaki,Ufotable Aniplex Toho Crunchyroll,Traditional,,[ 110 ] [ 111 ] [ 112 ] [ 113 ] [ 114 ],"July 18, 2025 (Part 1)",155 minutes (Part 1)
2025,Detective Conan: One-eyed Flashback,Japan,Katsuya Shigehara,TMS Entertainment,Traditional,,[ 115 ],"April 18, 2025",110 minutes [ 116 ]
2025,Diary of a Wimpy Kid: The Last Straw,United States Canada,Matt Danner Gino Nichele,Walt Disney Pictures Bardel Entertainment 20th Century Animation,CG animation,,[ 117 ] [ 118 ] [ 119 ],"December 5, 2025",78 minutes
2025,The Dino Family,Russia,Maksim Volkov Maya Turkina,YARKO Animation Company,CG animation,,,"August 28, 2025",80 minutes
2025,Dive in Wonderland,Japan,Toshiya Shinohara,P.A. Works,Traditional,,[ 120 ] [ 121 ],"August 29, 2025",95 minutes [ 122 ]
2025,Dog Man,United States,Peter Hastings,Universal Pictures DreamWorks Animation,CG animation,,[ 123 ] [ 124 ] [ 125 ],"January 15, 2025 (Festival de l'Alpe d'Huez 2025 [ 126 ] ) January 31, 2025 (United States)",89 minutes [ 127 ]
2025,Dog of God,Latvia United States,Lauris Ābele Raitis Ābele,Tritone Studio Lumiere Lab,Rotoscope,,[ 128 ] [ 129 ] [ 130 ],"June 6, 2025 ( Tribeca Film Festival [ 131 ] ) September 2, 2025 (Latvia [ 132 ] )",92 minutes
2025,Dolphin Boy 2,Iran,Mohammad Kheirandish,Sky Frame,CG animation,,[ 133 ] [ 134 ] [ 135 ] [ 136 ] [ 137 ],"February 6, 2025 ( Fajr ) February 21, 2025 (Iran)",96 minutes
2025,Dragon Heart: Adventures Beyond This World,Japan,Isamu Imakake,HS Pictures Studio IRH Productions,Traditional,,[ 138 ],"May 23, 2025",119 minutes
2025,Doraemon: Nobita's Art World Tales,Japan,Yukiyo Teramoto,Shin-Ei Animation,Traditional,,[ 139 ],"March 7, 2025",105 minutes [ 140 ]
2025,Eiga Odekake Kozame Tokai no Otomodachi,Japan,Chihiro Kumano,ENGI,Traditional,,[ 141 ] [ 142 ] [ 143 ] [ 144 ] [ 145 ],"August 22, 2025",74 minutes
2025,Ejen Ali The Movie 2,Malaysia,Usamah Zaid Yasin,WAU Animation Komet Productions,CG animation,,[ 146 ] [ 147 ],"May 22, 2025",115 minutes
2025,Elio,United States,Domee Shi Adrian Molina Madeline Sharafian,Disney Pixar Animation Studios,CGI animation,,[ 148 ] [ 149 ] [ 150 ] [ 151 ],"June 10, 2025 ( El Capitan Theatre ) June 20, 2025 (United States)",99 minutes [ 152 ]
2025,Endless Cookie,Canada,Seth Scriver Peter Scriver,Scythia Films,Hand-drawn,,Documentary [ 153 ] [ 154 ],"January 25, 2025 ( Sundance ) June 13, 2025 (Canada)",97 minutes [ 155 ]
2025,Exorcism Chronicles: The Beginning 퇴마록,South Korea,Kim Dong-chul,Locus Animation Studios,CG animation,,[ 156 ] [ 157 ] [ 158 ] [ 159 ],"June 13, 2024 ( Annecy ) February 21, 2025 (South Korea)",85 minutes
2025,Falcon Express,France United States,Benoît Daffis Jean-Christian Tassy,TAT Productions [ 160 ] France 3 Cinéma [ 160 ] Apollo Films [ 160 ],CG animation,,[ 161 ],"June 12, 2025 ( Annecy ) July 2, 2025 (France)",99 minutes [ 160 ]
2025,The Fantastic Four: First Steps,United States,Matt Shakman,Marvel Studios,CGI Animation Live-action,,,"July 21, 2024 ( Dorothy Chandler Pavilion ) July 25, 2025 (United States)",114 minutes
2025,Finnick 2,Russia,Denis Chernov,Riki Group,CG animation,,,"October 23, 2025",85 minutes
2025,Fixed,United States,Genndy Tartakovsky,Netflix Sony Pictures Animation,Traditional,,[ 162 ] [ 163 ] [ 164 ] [ 165 ] [ 166 ],"June 11, 2025 ( Annecy ) August 13, 2025 (Netflix)",85 minutes [ 167 ]
2025,Flåklypa – From Paris to the Pyramids,Norway,Rasmus A. Sivertsen,Qvisten Animation,CG animation,,[ 168 ] [ 169 ] [ 170 ] [ 171 ] [ 172 ],"December 25, 2025",82 minutes
2025,Fleak,Finland Poland France,Jens Møller,Anima Vitae Godo Films Animoon,CG animation,,,"September 12, 2025",83 minutes
2025,Gabby's Dollhouse: The Movie,United States,Ryan Crego,Universal Pictures DreamWorks Animation,CGI animation Live-action,,[ 45 ] [ 46 ] [ 173 ],"September 26, 2025",98 minutes [ 174 ]
2025,Glória e Liberdade,Brazil,Letícia Simões,Moçambique Audiovisual Poema Tropical,Rotoscope,,,"June 14, 2025 (Curitiba International Biennial Film Festival)",73 minutes
2025,Grand Prix of Europe,Germany United Kingdom,Waldemar Fast,Mack Magic Timeless Films,CG animation,,[ 175 ],"July 24, 2025 (Germany) August 22, 2025 (United Kingdom)",98 minutes [ 176 ]
2025,Gekijōban Boku to Roboco,Japan,Akitaro Daichi,Gallop,Traditional,,[ 177 ] [ 178 ] [ 179 ] [ 180 ] [ 181 ],"April 18, 2025",64 minutes
2025,Girls und Panzer: Motto Love Love Sakusen Desu! – Act 1,Japan,Masami Shimoda Takahiko Usui,P.A. Works Actas,Traditional,,[ 182 ] [ 183 ] [ 184 ] [ 185 ] [ 186 ],"December 26, 2025 (Act 1)",77 minutes [ 187 ]
2025,The Haunted House: 10th anniversary Movie 신비아파트 10주년 극장판,South Korea,,CJ ENM Studio BAZOOKA,Traditional,,[ 188 ] [ 189 ],December 2025,
2025,Heidi: Rescue of the Lynx,Germany Spain Belgium,Toby Schwarz Aizea Roca Berridi,Studio 100 International [ 190 ] Hotel Hungaria Animations [ 190 ] 3 Doubles Produccione [ 191 ] Studio Isar Animation [ 191 ],CG animation,,[ 191 ] [ 10 ],"June 4, 2025 (Golden Sparrow - German Children's Film and Media Festival) June 26, 2025 (Germany) August 1, 2025 (United Kingdom) August 22, 2025 (Spain)",78 minutes [ 192 ]
2025,How to Train Your Dragon,United States,Dean DeBlois,DreamWorks Animation Universal Pictures Marc Platt Productions,CGI Animation Live-action,,[ 193 ],"April 2, 2025 ( CinemaCon ) June 13, 2025 (United States)",125 minutes [ 194 ]
2025,Handbok för superhjältar,Sweden,Patrik Forsberg,Stiller Studios Qvisten Animation SF Studios Sveriges Television,CG animation,,[ 195 ],"December 25, 2025",91 minutes
2025,Hypnosis Mic: Division Rap Battle,Japan,Takanori Tsujimoto,Polygon Pictures,CG animation Traditional,,[ 196 ],"February 21, 2025",100 minutes
2025,I Am Frankelda,Mexico,Arturo Ambriz Roy Ambriz,Cinema Fantasma Warner Bros. Discovery Cine Vendaval Woo Films,Stop-Motion,,[ 197 ] [ 198 ] [ 199 ],"June 6, 2025 ( FICG ) October 23, 2025 (Mexico)",113 minutes
2025,In Your Dreams,United States,Alex Woo Erik Benson,Netflix Animation Kuku Studios,CGI animation,,[ 200 ] [ 201 ] [ 202 ] [ 203 ],"November 7, 2025 (United States) November 14, 2025 (Netflix)",90 minutes [ 204 ] [ 205 ]
2025,Iyanu: The Age of Wonders,United States,Saxton Moore,Lion Forge Animation,Traditional,,[ 206 ],"August 30, 2025",90 minutes
2025,Jujutsu Kaisen: Hidden Inventory/Premature Death - The Movie,Japan,Shouta Goshozono,MAPPA Toho Animation,Traditional,,,"May 30, 2025",110 minutes
2025,Jumbo,Indonesia,Ryan Adriandhy,Visinema Animation,CG animation,,[ 207 ],"March 31, 2025",102 minutes
2025,Jungle Beat 2: The Past,Mauritius South Africa,Sam Wilson Brent Dawes,Sunrise Productions Sandcastle Studios,CG animation,,[ 208 ] [ 209 ],"April 10, 2025 (Russia) June 26, 2025 (South Africa)",87 minutes [ 210 ]
2025,Kaitō Queen no Yūga na Kyūka,Japan,Shigetaka Ikeda,East Fish Studio,Traditional,,[ 211 ] [ 212 ] [ 213 ] [ 214 ],"May 23, 2025",88 minutes
2025,Kayara,Peru Spain,Cesar Zelada [ 215 ],B-Water Studios Tunche Films,CG animation,,[ 216 ],"January 2, 2025 (Ukraine) March 6, 2025 (Peru)",90 minutes [ 215 ]
2025,The King of Kings,United States South Korea,Seong-ho Jang,Angel Studios Blue Harbor Entertainment Giantstep Mofac Animation,CG animation,,[ 217 ],"April 11, 2025",101 minutes [ 218 ] [ 219 ]
2025,King of Water,Iran,Majid Esmaeili,,CG animation,,[ 220 ] [ 221 ] [ 222 ],"August 8, 2025",81 minutes
2025,KPop Demon Hunters,United States,Maggie Kang Chris Appelhans,Netflix Sony Pictures Animation,CGI animation,,[ 223 ] [ 202 ] [ 203 ],"June 20, 2025",100 minutes [ 224 ]
2025,The Land of Sometimes,United Kingdom,Leon Joosen,Nottage Productions Two Daughters Entertainment,CG animation,,[ 225 ],"October 30, 2025 (United Kingdom) January 18, 2026 (United States)",93 minutes
2025,The Last Blossom,Japan,Baku Kinoshita,CLAP,Traditional,,[ 226 ] [ 227 ] [ 228 ] [ 143 ] [ 229 ] [ 230 ],"October 10, 2025",90 minutes
2025,The Legend of Hei II,China,MTJJ Gu Jie,HMCH [ 231 ],Traditional,,,"July 18, 2025",120 minutes
2025,The Legend of Sepehr,United Kingdom Turkey,Mehrdad Mehrabi Gargari Emad Rahmani,Permanent Way Entertainment GlobalWatch Films,CG animation,,,"January 31, 2025 ( Fajr International Film Festival )",127 minutes
2025,Lesbian Space Princess,Australia,Emma Hough Hobbs Leela Varghese,We Made A Thing Studios,Traditional,,[ 232 ] [ 233 ],"February 16, 2025 ( Berlinale ) September 11, 2025 (Australia)",86 minutes
2025,The Light of Aisha,Spain Germany Singapur,Shadi Adib,M.A.R.K.13™ Mago Productions,CG animation,,[ 234 ] [ 235 ] [ 236 ],"March 2025 ( Málaga ) April 11, 2025 (Spain)",85 minutes
2025,Light of the World,United States,John Schafer,Salvation Poem Project,Traditional Flash animation,,[ 237 ],"June 6, 2025 (THSC State Convention) September 5, 2025 (United States)",91 minutes [ 238 ]
2025,Lilo & Stitch,United States,Dean Fleischer,Walt Disney Pictures Rideback,CGI animation Live-action,,[ 239 ],"May 17, 2025 ( El Capitan Theatre ) May 23, 2025 (United States)",108 minutes [ 240 ]
2025,Little Amélie or the Character of Rain,France,Liane-Cho Han Jin Kuang Mailys Vallade,Ikki Films Maybe Movies,Traditional,,[ 241 ],"May 20, 2025 ( Cannes ) June 25, 2025 (France)",77 minutes
2025,Love Live! Nijigasaki High School Idol Club Final Chapter (Part 1),Japan,Tomoyuki Kawamura,Sunrise,Traditional,,[ 242 ] [ 243 ],"November 7, 2025",75 minutes
2025,Long Distance,United States,Josh Gordon and Will Speck,Universal Pictures DreamWorks Pictures Reliance Entertainment Automatik,CGI Animation Live-action,,,"July 12, 2024 ( Vietnam ) July 3, 2025 (United States; released on Hulu )",87 minutes
2025,Lost in Starlight,South Korea,Han Ji-won,Netflix,Traditional,,[ 244 ],"May 30, 2025",96 minutes
2025,The Lost Tiger,Australia,Chantelle Murray,Alceon Entertainment Partners Like A Photon Creative Maslow Entertainment Screen Australia Screen Queensland Studios,CG animation,,[ 245 ],"October 26, 2024 ( Brisbane International Film Festival ) January 11, 2025 ( Perth Festival ) [ 246 ] February 27, 2025 (Australia) [ 245 ]",81 minutes [ 247 ]
2025,A Loud House Christmas Movie: Naughty or Nice,United States,Darin McGowan,Nickelodeon Animation Studio,Flash animation,,[ 10 ] [ 150 ],"November 21, 2025",81 minutes
2025,Lupin the IIIrd the Movie: The Immortal Bloodline,Japan,Takeshi Koike,Telecom Animation Film TMS Entertainment,Traditional,,[ 248 ] [ 249 ],"June 27, 2025",93 minutes
2025,A Magnificent Life,France Belgium United States Luxembourg,Sylvain Chomet,What The Prod [ 250 ] Mediawan [ 250 ] Bidibul Productions [ 250 ] Walking The Dog [ 250 ],Traditional,,[ 251 ],"May 17, 2025 ( Cannes ) October 15, 2025 (France)",90 minutes
2025,Mahavatar Narasimha,India,Ashwin Kumar,Hombale Films Kleem Productions,CG animation,,[ 252 ] [ 253 ] [ 254 ] [ 255 ],"November 25, 2024 ( IFFI ) July 25, 2025 (India) [ 256 ] [ 257 ]",131 minutes (theatrical) [ 258 ] 141 minutes (IFFI) [ 259 ]
2025,Make a Girl,Japan,Genshō Yasuda,Yasuda Gensho Studio by Xenotoon,CG animation,,[ 260 ],"January 31, 2025",90 minutes
2025,Masameer Junior,Saudi Arabia,Malik Nejer,Myrkott Animation Studio Sirb Productions Netflix,Flash animation,,[ 261 ] [ 262 ],"June 12, 2025",72 minutes [ 263 ]
2025,A Minecraft Movie,United States,Jared Hess,Warner Bros. Pictures [ 264 ] Legendary Pictures [ 264 ] Vertigo Entertainment [ 264 ] On the Roam [ 264 ] Mojang Studios [ 264 ],CGI animation Live-action,,[ 265 ] [ 266 ] [ 267 ] [ 268 ] [ 269 ] [ 270 ],"March 30, 2025 ( Empire Leicester Square ) April 4, 2025 (United States)",101 minutes [ 271 ]
2025,Miss Kobayashi's Dragon Maid: A Lonely Dragon Wants to Be Loved,Japan,Tatsuya Ishihara,Crunchyroll,Traditional,,[ 272 ] [ 273 ] [ 274 ],"June 27, 2025",105 minutes
2025,Miss Moxy,Netherlands Belgium,Vincent Bal Wip Vernooij,Phanta Animation BosBros Eyeworks Film & TV Drama Polder Animation,CG animation,,[ 275 ],"June 6, 2025 (Lithuania) January 28, 2026 (Netherlands)",88 minutes [ 276 ]
2025,Mission Santa: Yoyo to the Rescue,United States Germany India,Ricard Cussó Damjan Mitrevski,Toon2Tango Curiosity Ink Media M.A.R.K.13™ Studio 56,CG animation,,[ 277 ] [ 278 ],"November 6, 2025",91 minutes
2025,Mobile Suit Gundam GQuuuuuuX,Japan,Kazuya Tsurumaki,Sunrise Studio Khara,Traditional,,[ 279 ],"January 17, 2025",81 minutes
2025,Mononoke the Movie: The Ashes of Rage,Japan,Kenji Nakamura,EOTA Crew-Cell,Traditional,,[ 280 ],"March 14, 2025",74 minutes [ 281 ]
2025,The Myth of Marakuda,Russia,Viktor Glukhushin,Animation Studio Skazka CTB Film Company,CG animation,,,"May 1, 2025",90 minutes
2025,Ne Zha 2,China,Jiaozi,Chengdu Coco Cartoon Beijing Enlight Media Beijing Enlight Pictures Chengdu Zizai Jingjie Culture Media Beijing Coloroom Technology,CG animation,,[ 282 ] [ 283 ] [ 284 ] [ 285 ],"January 29, 2025",144 minutes
2025,Nobody,China,Yu Shui,Shanghai Animation Film Studio,Traditional,,[ 286 ] [ 287 ] [ 288 ] [ 289 ] [ 290 ] [ 291 ] [ 292 ] [ 293 ],"August 2, 2025",118 minutes
2025,North,Norway,Bente Lohne,Alligator Planet Anima Point Anima Vitae PictoryLand Studio 100 Film,CG animation,,,"November 7, 2025",85 minutes
2025,Olivia and the Invisible Earthquake,Spain France Belgium Chile Switzerland,Irene Iborra Rizo,Bígaro Films Citoplasmas Stop Motion Studio Cornelius Films Panique Pájaro Estudio Terremoto AIE Vivement Lundi,Stop-Motion,,[ 294 ],"June 10, 2025 ( Annecy ) November 21, 2025 (Spain)",70 minutes
2025,One Day,Russia China,Vage Sargsyan,Ori Animation Paradise Group,CG animation,,,"March 27, 2025",90 minutes
2025,Papa Zola: The Movie,Malaysia,Nizam Razak,Animonsta Studios,CG animation,,[ 295 ],"December 6, 2025 ( GSC ) December 11, 2025",111 minutes [ 296 ]
2025,Papaya,Brazil,Priscilla Kellen,Birdo Studio,,,[ 297 ],"October 11, 2025 ( Rio ) February 2026 ( Berlinale )",74 minutes
2025,Peppa Meets the Baby Cinema Experience,United Kingdom,Gretchen Mallorie,Hasbro,Flash animation,,,"May 30, 2025",65 minutes
2025,Peleliu: Guernica of Paradise,Japan,Gorō Kuji,Shin-Ei Animation Fugaku,Traditional,,[ 298 ] [ 3 ] [ 299 ] [ 300 ],"December 5, 2025",106 minutes
2025,Plankton: The Movie,United States,Dave Needham,Nickelodeon Movies Netflix,CG animation,,[ 301 ],"March 7, 2025",87 minutes
2025,Pleasant Goat and Big Big Wolf: Bright New Dawn,China,Hui Yan Chen,,Traditional,,,"July 26, 2025",96 minutes
2025,Pororo: The Great Undersea Adventure 뽀로로 극장판 바닷속 대모험,South Korea,Yoon Je-wan,,CG Animation,,,"January 1, 2025",71 minutes
2025,Predator: Killer of Killers,United States,Dan Trachtenberg Micho Robert Rutare,"20th Century Studios Davis Entertainment The Third Floor, Inc. 20th Century Animation",CGI animation,,[ 302 ] [ 303 ],"June 5, 2025 ( Tribeca Festival ) June 6, 2025 (United States)",85 minutes [ 304 ]
2025,Princess Principal: Crown Handler – Chapter 4,Japan,Masaki Tachibana,Actas,Traditional,,[ 305 ],"May 23, 2025",59 minutes
2025,The Quest Csongor és Tünde,Hungary,Csaba Máli Zsolt Pálfi,Cinemon Entertainment,Traditional,,,"April 17, 2025",82 minutes
2025,The Rose of Versailles,Japan,Ai Yoshimura,MAPPA,Traditional,,[ 306 ] [ 307 ] [ 308 ] [ 309 ] [ 310 ] [ 311 ] [ 312 ] [ 313 ] [ 314 ],"January 31, 2025",113 minutes [ 315 ]
2025,Rufus: The Sea Serpent Who Couldn't Swim,Norway Belgium Germany,Endre Skandfer,Anima Point Anima Vitae Atmosphere Media Maipo Film NeXtFrames Media,CG animation,,,"October 10, 2025",80 minutes
2025,Saurus City,United States,Nathan Smith,Infinity Rising 405 Productions BarnLight Studios Bonfire Entertainment Suspended Animation Studios Archstone Entertainment,Stop-Motion,,[ 316 ],"May 15, 2025 ( Annecy )",83 minutes
2025,Scarlet,Japan,Mamoru Hosoda,Studio Chizu,Traditional CG animation,,[ 317 ],"September 4, 2025 ( Venice ) November 21, 2025 (Japan)",111 minutes [ 318 ]
2025,Secret Juju: Magic Harmony 시크릿쥬쥬 마법의 하모니,South Korea,Jo Kyung-ho,Peace Visual World,CG animation,,,"May 1, 2025",69 minutes
2025,Secret Magic Control Agency II: Mission Sleeping Beauty,Russia,Alex Tsitsillin,Voronezh Animation Studio CTB Film Company Magic Frame Animation [ 250 ] QED International Creation Entertainment Media [ 250 ],CG animation,,[ 319 ],"May 22, 2025",90 minutes [ 320 ]
2025,Senpai Is an Otokonoko: Sunshine After the Rain,Japan,Shinsuke Yanagi Kenta Ōnishi In Seob Choi Keisuke Aida Zi Hao Xuan,Project No.9,Traditional,,,"February 14, 2025",82 minutes
2025,Smart Rabbit Momo: The Big Chase,Turkey,Mahmut Hasan,9D Medya,CG animation,,,"March 28, 2025",89 minutes
2025,Smurfs,United States Belgium,Chris Miller,Paramount Animation Marcy Media Films LAFIG Belgium Peyo Company,CGI animation Live-action,,[ 321 ] [ 322 ] [ 323 ] [ 324 ] [ 325 ] [ 326 ],"June 28, 2025 (Brussels) July 18, 2025 (United States)",92 minutes [ 327 ]
2025,Sneaks,United States United Kingdom India Canada,Rob Edwards Chris Jenkins,Lengi Studios Cinema Gypsy Productions House of Cool Assemblage Entertainment GFM Animation Ashland Hill Media Finance RTG Features Rabbits Black Waffle Iron Entertainment,CG animation,,[ 328 ] [ 329 ] [ 330 ],"March 28, 2025 (United Kingdom) April 18, 2025 (United States)",93 minutes [ 331 ]
2025,Snow White and the 7 Dwarfs,United States,Michael Johnson Erica Duke,The Asylum,CG animation,,[ 332 ],"March 7, 2025",91 minutes
2025,Space Cadet,Canada,Kid Koala,Les Film Outsiders,CG animation,,[ 333 ] [ 334 ],"February 16, 2025 ( Berlinale )",80 minutes
2025,Spiked,United Kingdom Luxembourg France Belgium,Caroline Origer,Fabrique d'Images Fantabulous Freaks Factory Iheartcinema Iron Box Films Kapers Animation,CG animation,,[ 335 ],"August 29, 2025",85 minutes
2025,The SpongeBob Movie: Search for SquarePants,United States,Derek Drymon,Paramount Animation Nickelodeon Movies United Plankton Pictures,CG animation Live-action,,[ 336 ] [ 337 ],"October 26, 2025 ( AFI Film Festival ) December 19, 2025 (United States)",88 minutes [ 338 ]
2025,Stitch Head,Germany [ 339 ] Luxembourg [ 339 ] France [ 340 ] United Kingdom [ 340 ] India,Steve Hudson Toby Genkel,Gringo Films Aniventure Assemblage Entertainment Fabrique d'Images GFM Animation Senator Film Traumhaus Studios Wild Bunch,CG animation,,[ 341 ] [ 342 ] [ 343 ] [ 344 ],"June 10, 2025 ( Annecy ) October 16, 2025 (Germany) February 6, 2026 (United Kingdom)",89 minutes [ 339 ]
2025,Tafiti - Across the Desert,Germany,Nina Wels,Little Dream Entertainment Red Parrot Studios Tradewind Pictures,CG animation,,[ 345 ],"September 4, 2025",81 minutes
2025,Tales from the Magic Garden,Czech Republic Slovakia Slovenia France,David Súkup Jean-Claude Rozec Patrik Pašš Leon Vidmar,Artichoke Film Production MAUR Film Vivement Lundi Zvviks,Stop-Motion,,[ 346 ],"February 16, 2025 ( Berlinale ) November 6, 2025 (Czech Republic)",71 minutes
2025,Toi-san,Japan,Mankyū,Seven Arcs,Traditional,,[ 347 ],"July 18, 2025",90 minutes
2025,Tom and Jerry: Forbidden Compass,China,Gang Zhang,Warner Bros. Pictures China Film Group Original Force Animation Origin Animation,CG animation,,[ 348 ] [ 349 ] [ 350 ],"June 20, 2025 ( Shanghai International Film Festival ) August 2, 2025 (China)",104 minutes
2025,A Tooth Fairy Tale,United States,Michael Johnson,Rebellion Animation Plaza Mayor Company,CG animation,,[ 351 ],"May 20, 2025",90 minutes
2025,Toritsukare Otoko,Japan,Wataru Takahashi,Shin-Ei Animation,Traditional,,[ 352 ] [ 3 ] [ 353 ],"November 7, 2025",97 minutes
2025,The Treasure of Barracuda,Spain Belgium,Adrià García,Inicia Films Hampa Animation Studio Belvision,Flash animation,,[ 354 ] [ 355 ],"September 20, 2025 (Cines Bonaire) September 26, 2025 (Spain)",87 minutes
2025,Twins Hinahima,Japan,Kō Nakano,KaKa Technology Studio,Traditional,,[ 356 ] [ 357 ] [ 3 ],"March 28, 2025",24 minutes
2025,The Twits,United States,Phil Johnston Katie Shanahan Todd Demong,Netflix Animation Jellyfish Pictures,CG animation,,[ 358 ] [ 359 ] [ 203 ],"October 17, 2025",98 minutes
2025,Whoever Steals This Book,Japan,Daisei Fukuoka,Kagokan,Traditional,,[ 360 ] [ 361 ] [ 3 ],"December 26, 2025",85 minutes
2025,The Witcher: Sirens of the Deep,United States South Korea Poland,Kang Hei Chul,Netflix Studio Mir Platige Image Hivemind,Traditional,,[ 362 ] [ 363 ] [ 364 ],"February 11, 2025",91 minutes
2025,Yooz,Iran,Reza Arzangi,Soure Cinema Development Organization,CG animation,,[ 10 ] [ 150 ] [ 365 ] [ 366 ],"September 23, 2025",90 minutes
2025,You and Idol Pretty Cure the Movie: For You! Our Kirakilala Concert!,Japan,Kōji Ogawa,Toei Animation,Traditional,,[ 367 ] [ 368 ] [ 369 ] [ 370 ] [ 371 ] [ 372 ] [ 373 ] [ 374 ] [ 375 ],"September 12, 2025",71 minutes [ 376 ]
2025,Your Letter,South Korea,Kim Yong-Hwan,Studio N Studio Lico,Traditional,,[ 377 ],"September 27, 2024 ( OIAF ) October 1, 2025 (South Korea)",96 minutes
2025,Zanna: Whisper of Volcano Isle,Indonesia,Larry Whitaker,MNC Pictures MNC Animation,CG animation,,,"January 2, 2025",94 minutes
2025,Zombie Land Saga: Yumeginga Paradise,Japan,Kōnosuke Uda [ a ] Takafumi Ushida Takeru Satō,MAPPA,Traditional,,[ 378 ] [ 379 ] [ 380 ] [ 381 ] [ 89 ] [ 382 ] [ 383 ],"October 24, 2025",122 minutes [ 384 ]
2025,Zootopia 2,United States,Jared Bush Byron Howard,Walt Disney Animation Studios,CGI animation,,[ 385 ] [ 386 ] [ 387 ],"November 13, 2025 ( El Capitan Theatre ) November 26, 2025 (United States)",108 minutes [ 388 ]
2025,Zsazsa Zaturnnah,Philippines France,Avid Liongoren,Rocketsheep Studio Ghosts City Films,Traditional,,[ 366 ] [ 389 ] [ 390 ] [ 391 ] [ 392 ] [ 393 ],"June 11, 2025 ( Annecy )",80 minutes [ 394 ]
