Title,Country,Director,Studio,Animation technique,Release Year,Release month,Release day,is_holiday,Duration_Minutes,movie_category
"AAA - The Movie AAA, la película: Sin límite en el tiempo",Mexico,Alberto Rodriguez,Promociones Antonio Peña Ánima Estudios,Flash animation,2010,1,22,False,96.0,long
Alice in Wonderland (2010 film),United States,Tim Burton,Walt Disney Pictures Roth Films The Zanuck Company Team Todd,CGI/Live-Action,2010,3,5,False,108.0,long
Animals United Konferenz der Tiere,Germany,"Reinhard Klooss, Holger Tappe",Constantin Film,CG animation,2010,10,7,False,93.0,long
Anpanman: Blacknose and the Magical Song ja:それいけ!アンパンマン ブラックノーズと魔法の歌,Japan,Jun Kawagoe,"Anpanman Production Committee, TMS Entertainment",Traditional,2014,7,10,False,52.0,standart
Las aventuras de Don Quijote,Spain,Antonio Zurera,,Traditional / CG animation,2010,11,26,True,73.0,standart
Barbie: A Fashion Fairy Tale,United States,William Lau,Rainmaker Entertainment,CGI animation,2010,9,14,False,79.0,standart
Barbie in A Mermaid Tale,United States,Adam L. Wood,Rainmaker Entertainment,CGI animation,2010,3,9,False,75.0,standart
Batman: Under the Red Hood,United States,Brandon Vietti,Warner Bros. Animation,Traditional,2010,7,27,False,75.0,standart
Berry and Dolly - Friends hu:Bogyó és Babóca - 13 mese,Hungary,Antonin Krizanics Géza M. Tóth,Kedd Animation Studio,Traditional,2010,8,12,False,65.0,standart
Bleach: Hell Verse BLEACH 地獄篇 (Burīchi Jigoku-Hen),Japan,Noriyuki Abe,Studio Pierrot,Traditional,2010,12,4,True,94.0,long
Book Girl 劇場版文学少女 (Gekijōban Bungaku Shōjo),Japan,Shunsuke Tada,Production I.G,Traditional,2010,5,1,False,103.0,long
Bratz: Pampered Petz,United States,Bob Doucette,Mike Young Productions MGA Entertainment,CGI animation,2010,10,5,False,70.0,standart
A Cat in Paris Une vie de chat,France Switzerland Netherlands Belgium,"Alain Gagnol, Jean-Loup Felicioli",Folimage,Traditional,2010,12,15,True,65.0,standart
Cats & Dogs: The Revenge of Kitty Galore,United States Australia,Brad Peyton,Warner Bros. Pictures,CGI/Live-Action,2010,7,30,False,82.0,standart
Colorful カラフル,Japan,Keiichi Hara,Sunrise,Traditional,2010,8,21,False,127.0,long
Crayon Shin-chan: Super-Dimension! The Storm Called My Bride クレヨンしんちゃん 超時空！嵐を呼ぶオラの花嫁 (Kureyon Shinchan: Chōjikū! Arashi o Yobu Ora no Hanayome),Japan,Akira Shigino,Shin-Ei Animation,Traditional,2010,4,17,False,100.0,long
Pet Pals: Marco Polo's Code Cuccioli Il Codice di Marco,Italy,Sergio Manfio,Gruppo Alcuni Srl,CG animation,2010,1,22,False,94.0,long
Dante's Inferno: An Animated Epic,United States Japan South Korea,"Victor Cook, Mike Disa , Sang-Jin Kim, Shuko Murase, Jong-Sik Nam, Lee Seung-Gyu",Production I.G,Traditional,2010,2,9,False,88.0,standart
Daredevils of Sasun Սասնա ծռեր (Sasna Tsrer),Armenia,Arman Manaryan,,Traditional,2010,1,25,False,80.0,standart
Detective Conan: The Lost Ship in the Sky,Japan,Yasuichiro Yamamoto,TMS Entertainment,Traditional,2010,4,17,False,102.0,long
The Disappearance of Haruhi Suzumiya 涼宮ハルヒの消失 (Suzumiya Haruhi no Shōshitsu),Japan,"Tatsuya Ishihara , Yasuhiro Takemoto",Kyoto Animation,Traditional,2010,2,6,False,162.0,epic
Doraemon: Nobita's Great Battle of the Mermaid King ドラえもん のび太の人魚大海戦 (Doraemon Nobita no Ningyo Daikaisen),Japan,Kozo Kusuba,Vega Entertainment,Traditional,2010,3,6,False,99.0,long
Diary of a Wimpy Kid (2010 film),United States,Thor Freudenthal,20th Century Fox,Live-Action/animation,2010,3,19,False,92.0,long
Eden of the East – Paradise Lost 東のエデン (Higashi no Eden),Japan,Kenji Kamiyama,Production I.G,Traditional,2010,3,13,False,95.0,long
Elias and the Treasure of the Sea Elias og jakten på havets gull,Norway,Lise I. Osvoll,,CG animation,2010,12,10,True,77.0,standart
Fate/stay night Unlimited Blade Works フェイト/ステイナイト (Feito/sutei naito),Japan,Yūji Yamaguchi,Studio Deen,Traditional,2010,1,23,False,107.0,long
Firebreather,United States,Peter Chung,Cartoon Network Studios,CG animation,2010,11,24,True,97.0,long
Frog Paradise Лягушачий Рай (Lyagushachiy Rai),Russia,Sergei Bazhenov,BS Graphics Production,CG animation,2011,9,5,False,87.0,standart
Gaturro The Movie Gaturro La Pelicula,Argentina India Mexico,Gustavo Cova,"Illusion Studios , Toonz Entertainment",CG animation,2010,9,9,False,87.0,standart
Guardians of the Lost Code Brijes 3D,Mexico,Benito Fernández,"Fidecine, Santo Domingo Animation",Traditional,2010,9,16,False,89.0,standart
Halo Legends,Japan United States,"Frank O'Connor, Joseph Chou","Studio 4°C , Production I.G , Casio Entertainment, Toei Animation , Bones",Traditional,2010,2,16,False,120.0,long
HeartCatch PreCure! the Movie: Fashion Show in the Flower Capital... Really?! ハートキャッチプリキュア!花の都でファッションショー・・・ですか!? (HātoKyatchi PuriKyua! Hana no miyako de Fashion Show... desu ka!?),Japan,Rie Matsumoto,Toei Animation,Traditional,2010,10,30,False,71.0,standart
Héroes verdaderos,Mexico,Carlos Kuri,Fidecine Instituto Mexicano de Cinematografía (IMCINE) Quality Films,Traditional,2010,9,24,False,100.0,long
"Hetalia: Axis Powers – Paint it, White!",Japan,Bob Shirohata,Studio Deen,Traditional,2010,6,5,False,61.0,standart
How Not to Rescue a Princess Три богатыря и Шамаханская царица (Tri bogatyrya i Shamakhanskaya tsaritsa),Russia,Sergei Glezin,Melnitsa Animation Studio,Traditional,2010,12,30,True,77.0,standart
Hutch the Honeybee 昆虫物語 みつばちハッチ〜勇気のメロディ〜 (Konchū Monogatari: Mitsubachi Hatchi: Yūki no Merodī),Japan,Tetsurō Amino,Tatsunoko Pro,Traditional,2010,7,31,False,101.0,long
Inazuma Eleven Saikyō Gundan Ōga Shūrai イナズマイレブン 最強軍団オーガ襲来 (Inazuma Eleven Saikyō Gundan Ōga Shūrai),Japan,Yoshikazu Miyao,Oriental Light and Magic,Traditional,2010,12,23,True,90.0,standart
Justice League: Crisis on Two Earths,United States,"Lauren Montgomery , Sam Liu",Warner Bros. Animation,Traditional,2010,2,23,False,75.0,standart
Kayıp Armağan,Turkey,Kerem S. Hünal,Sobee Studios,Traditional,2010,8,22,False,56.0,standart
Kung-Fu Magoo,United States Mexico,Andrés Couturier,Classic Media Ánima Estudios Santo Domingo Films Motion Toons IMCINE [ 13 ],Flash animation,2010,5,11,False,79.0,standart
Lava Kusa: The Warrior Twins,India,Dhavala Satyam,"Kanipakam Creations,  RVML Animation",Traditional,2010,10,8,False,120.0,long
LeapFrog: Math Adventure to the Moon,United States,Bob Nesler,Chris D'Angelo Productions LeapFrog Lionsgate,Traditional,2010,2,9,False,34.0,short
The Legend of Secret Pass,United States,Steve Trenbirth,"JC2 Animated Entertainment, Starz Animation",CG animation,2010,10,14,False,92.0,long
Lego: The Adventures of Clutch Powers,United States Denmark,Howard E. Baker,Threshold Animation Studios Tinseltown Toons,CG animation,2010,2,23,False,82.0,standart
Loups=Garous ルー=ガルー (Rū Garū),Japan,Junichi Fujisaku,"Production I.G , TransArts",Traditional,2010,8,28,False,99.0,long
Magical Girl Lyrical Nanoha The Movie 1st 魔法少女リリカルなのは The MOVIE 1st (Mahō Shōjo Lyrical Nanoha The MOVIE 1st),Japan,Keizou Kusakawa,Seven Arcs,Traditional,2010,1,23,False,130.0,long
Mardock Scramble: The First Compression マルドゥック・スクランブル (Marudukku Sukuranburu),Japan,Susumu Kudo,GoHands,Traditional,2010,11,6,True,69.0,standart
Marmaduke (2010 film),United States,Tom Dey,20th Century Fox,Live-Action/CGI,2010,6,4,False,86.0,standart
Mobile Suit Gundam 00 the Movie: A Wakening of the Trailblazer 劇場版 機動戦士ガンダム00 -A wakening of the Trailblazer- (Gekijōban Kidō Senshi Gandamu Daburu Ō -A wēkuningu obu za Torēruburēzā-),Japan,Seiji Mizushima,Sunrise,Traditional,2010,9,18,False,120.0,long
Naruto Shippuden The Movie: The Lost Tower 劇場版 NARUTO-ナルト-疾風伝 ザ・ロストタワー (Gekijōban Naruto Shippūden: Za Rosuto Tawā),Japan,Masahiko Murata,Aniplex,Traditional,2010,7,31,False,85.0,standart
Olsen Gang Gets Polished Olsen-banden på de bonede gulve,Denmark,Jørgen Lerdam,,CG animation,2010,10,14,False,70.0,standart
Planet Hulk,United States,Sam Liu,Marvel Animation,Traditional,2010,2,2,False,81.0,standart
Planzet プランゼット,Japan,Jun Awazu,CoMix Wave,CG animation,2010,5,22,False,53.0,standart
Plumíferos,Argentina,"Daniel DeFelippo , Gustavo Giannini",Manos Digitales Animation Studio,CG animation,2010,2,18,False,80.0,standart
Pokémon: Zoroark: Master of Illusions 劇場版ポケットモンスター ダイヤモンド＆パール 幻影の覇者 ゾロアーク (Gekijōban Poketto Monsutā Daiyamondo ando Pāru: Gen'ei no Hasha: Zoroāku),Japan,Kunihiko Yuyama,"OLM, Inc.",Traditional,2010,7,10,False,95.0,long
Pretty Cure All Stars DX2: Light of Hope☆Protect the Rainbow Jewel! プリキュアオールスターズDX2 希望の光☆レインボージュエルを守れ! (Precure All Stars DX2: Kibō no Hikari☆Rainbow Jewel o Mamore!),Japan,Takashi Otsuka,Toei Animation,Traditional,2010,3,20,False,74.0,standart
Quantum Quest: A Cassini Space Odyssey,United States,"Harry Kloor , Daniel St. Pierre",Jupiter 9 Productions,CG animation,2010,1,13,False,45.0,short
Ramayana: The Epic,India,Chetan Desai,Maya Digital Media,CG animation,2010,10,15,False,98.0,long
RPG Metanoia,Philippines,Louie Suarez,"Ambient Media, Thaumatrope Animation",CG animation,2010,12,25,True,103.0,long
Santa's Apprentice L ' Apprenti Père Noël,France Australia Ireland,Luc Vinciguerra,"Gaumont-Alphanim, Avrill Stark Entertainment",Traditional,2010,11,24,True,77.0,standart
Scooby-Doo! Abracadabra-Doo,United States,Spike Brandt,Warner Bros. Animation Hanna-Barbera,Traditional,2010,2,16,False,75.0,standart
Scooby-Doo! Camp Scare,United States,Ethan Spaulding,Warner Bros. Animation Hanna-Barbera,Traditional,2010,9,14,False,72.0,standart
The Secret World of Arrietty 借りぐらしのアリエッティ (Kari-gurashi no Arietti),Japan,Hiromasa Yonebayashi,Studio Ghibli,Traditional,2010,7,17,False,95.0,long
Shrek Forever After,United States,Mike Mitchell,DreamWorks Animation,CGI animation,2010,5,21,False,93.0,long
Superman/Batman: Apocalypse,United States,Lauren Montgomery,Warner Bros. Animation,Traditional,2010,9,28,False,78.0,standart
El tesoro del rey Midas,Spain,Maite Ruiz de Austri,,Traditional,2010,11,5,True,72.0,standart
Tigers and Tattoos Tigre og Tatoveringer,Denmark,Karla von Bengtson,Copenhagen Bombay,Traditional,2010,10,14,False,42.0,short
Trigun: Badlands Rumble 「劇場版TRIGUN Badlands Rumble,Japan,Satoshi Nishimura,Madhouse,Traditional,2010,4,24,False,90.0,standart
True Heroes: Independence Heroes Verderos,Mexico,Carlos Kuri,White Knight Creative Productions,Traditional,2010,9,24,False,100.0,long
VeggieTales: It's a Meaningful Life,United States,Brian Roberts,Big Idea Productions,CG animation,2010,10,5,False,48.0,standart
VeggieTales: Pistachio - The Little Boy That Woodn't,United States,Mike Nawrocki,Big Idea Productions,CG animation,2010,2,27,False,50.0,standart
VeggieTales: Sweetpea Beauty: A Girl After God's Own Heart,United States,Mike Nawrocki,Big Idea Productions,CG animation,2010,7,31,False,50.0,standart
Winx Club 3D: Magical Adventure Winx Club 3D: Magica Avventura,Italy,Iginio Straffi,"Medusa Produzione, Rainbow",CG animation,2010,10,29,False,87.0,standart
Yu-Gi-Oh!: Bonds Beyond Time 10thアニバーサリー 劇場版 遊☆戯☆王 ～超融合！時空を越えた絆～ (Tensū Anibāsarī Gekijōban Yū-Gi-Ō: Chō-Yūgō! Toki o Koeta Kizuna),Japan,Kenichi Takeshita,"Nihon Ad Systems, TV Tokyo",Traditional,2010,1,23,False,50.0,standart
Yogi Bear (film),United States,Eric Brevig,Warner Bros. Pictures,CGI/Live-Action,2010,12,17,True,80.0,standart
3 to the rescue,Dominican Republic,Jorge Morillo Luis Morillo,Raycast Animation Studio Antena Latina Films,Computer,2011,1,6,False,80.0,standart
Alvin and the Chipmunks: Chipwrecked,United States,Mike Mitchell,20th Century Fox,Live-Action/CGI,2011,12,16,True,87.0,standart
"A Fairly Odd Movie: Grow Up, Timmy Turner!",United States Canada,Savage Steve Holland,Billionfold Inc. Frederator Studios Pacific Bay Entertainment Nickelodeon Productions,Computer Live action,2011,7,9,False,48.0,standart
Alice in the Country of Hearts: Wonderful Wonder World ハートの国のアリス: Wonderful Wonder World (Hāto no Kuni no Arisu: Wonderful Wonder World),Japan,Hideaki Ōba,Asahi Production,Traditional,2011,7,30,False,85.0,standart
All-Star Superman,United States,Sam Liu,"Warner Bros. Animation , DC Entertainment",Traditional,2011,2,22,False,78.0,standart
Go! Anpanman: Rescue! Kokorin and the Star of Miracles ja:それいけ!アンパンマン すくえ! ココリンと奇跡の星,Japan,Hiroyuki Yano,"Anpanman Production Committee, TMS Entertainment",Traditional,2011,7,2,False,45.0,short
Barbie: Princess Charm School,United States,Zeke Norton,Rainmaker Entertainment / Universal Pictures / Kidtoon Films,Computer,2011,9,13,False,81.0,standart
Barbie: A Perfect Christmas,United States,Mark Baldo,Rainmaker Entertainment / Universal Pictures / Kidtoon Films,Computer,2011,11,8,True,74.0,standart
Batman: Year One,United States,"Lauren Montgomery , Sam Liu","Warner Bros. Animation , DC Entertainment",Traditional,2011,10,18,False,64.0,standart
Berry and Dolly - Gingerbread hu:Bogyó és Babóca 2. - 13 új mese,Hungary,Antonin Krizanics Géza M. Tóth,Kedd Animation Studio,Traditional,2011,6,2,False,65.0,standart
Brasil Animado,Brazil,Mariana Caltabiano,Mariana Caltabiano Criações TeleImage Globo Filmes 3D Casablanca,Flash animation Live-action,2011,1,21,False,75.0,standart
Brave Rabbit 闖堂兔,China,Ceng Xian-Lin,,Computer,2011,10,1,False,87.0,standart
Broken Blade 5: Death's Horizon 死線ノ涯 [しせんのはて] (Shisen no Hate),Japan,"Tetsuro Amino , Nobuyoshi Habara","Production I.G , Xebec",Traditional,2011,1,22,False,47.0,standart
Broken Blade 6: Bastions of Sorrow 慟哭ノ砦 [どうこくのとりで] (Doukoku no Toride),Japan,"Tetsuro Amino , Nobuyoshi Habara","Production I.G , Xebec",Traditional,2011,3,26,False,52.0,standart
Buddha: The Great Departure 手塚治虫のブッダ－赤い砂漠よ！美しく－ (Tezuka Osamu no Buddha -Akai Sabaku yo! Utsukushiku-),Japan,Kozo Morishita,Toei Animation / Warner Bros.,Traditional,2011,5,28,False,110.0,long
Children of the Devil,Germany,Mariola Brillowska,Peter Stockhaus Filmproduktion,Traditional,2011,5,1,False,67.0,standart
Children Who Chase Lost Voices from Deep Below 星を追う子ども (Hoshi o Ou Kodomo),Japan,Makoto Shinkai,CoMix Wave Inc.,Traditional,2011,5,7,False,116.0,long
Chop Kick Panda,United States,Darrell Van Citters,Renegade Animation,Flash animation,2011,5,10,False,41.0,short
Crayon Shin-chan: The Storm Called: Operation Golden Spy クレヨンしんちゃん 嵐を呼ぶ黄金のスパイ大作戦 (Kureyon Shinchan Arashi o Yobu Ōgon no Supai Daisakusen),Japan,Sôichi Masui,Shin-Ei Animation,Traditional,2011,4,16,False,107.0,long
Dead Space: Aftermath,United States,Mike Disa,Starz Media / Film Roman / Pumpkin Studio / Electronic Arts,Traditional Computer,2011,1,25,False,90.0,standart
Diary of a Wimpy Kid: Rodrick Rules (2011 film),United States,David Bowers,20th Century Fox,Live-Action-animation,2011,3,25,False,100.0,long
Doraemon: Nobita and the New Steel Troops—Winged Angels 映画ドラえもん 新・のび太と鉄人兵団 ～はばたけ 天使たち～ (Eiga Doraemon Shin Nobita to Tetsujin Heidan ~Habatake Tenshi Tachi~),Japan,Yukiyo Teramoto,Shin-Ei Animation,Traditional,2011,3,5,False,108.0,long
Eetu ja Konna,Finland,Kari Häkkinen,,Traditional,2011,2,18,False,86.0,standart
The Elf Who Stole Christmas Olentzero y El Iratxo,Spain,Gorka Vázquez,Baleuko S.L. Talope,Computer,2011,12,2,True,69.0,standart
Fimfarum – The Third Time Lucky cs:Fimfárum – Do třetice všeho dobrého,Czech Republic,"Vlasta Pospíšilová, Kristina Dufková, David Súkup",MAUR Film,Stop motion,2011,2,10,False,75.0,standart
Friends: Naki on Monster Island friends もののけ島のナキ (Friends: Mononoke Shima no Naki),Japan,Takashi Yamazaki Ryūichi Yagi,Toho,Computer,2011,12,17,True,87.0,standart
From up on Poppy Hill コクリコ坂から (Kokuriko-zaka Kara),Japan,Gorō Miyazaki,Studio Ghibli,Traditional,2011,7,16,False,92.0,long
Gene-Fusion,United States,François Brisson,,Computer,2011,5,10,False,78.0,standart
George the Hedgehog Jeż Jerzy,Poland,Wojciech Wawszczyk [ pl ] Jakub Tarkowski Tomasz Lew Leśniak [ pl ],Paisa Films Produkcja,Flash animation,2011,3,11,False,90.0,standart
The Great Bear Den kæmpestore bjørn,Denmark,Esben Toft Jacobsen,Copenhagen Bombay / Film i Väst,Computer,2011,2,10,False,75.0,standart
Green Lantern: Emerald Knights,United States,"Christopher Berkeley , Lauren Montgomery , Jay Oliva",Warner Bros. Animation / DC Entertainment,Traditional,2011,6,7,False,84.0,standart
Hayate the Combat Butler! Heaven Is a Place on Earth 劇場版 ハヤテのごとく! HEAVEN IS A PLACE ON EARTH (Hayate no Gotoku! HEAVEN IS A PLACE ON EARTH),Japan,Hideto Komori,Manglobe,Traditional,2011,8,27,False,70.0,standart
Heaven's Lost Property the Movie: The Angeloid of Clockwork 劇場版 そらのおとしもの 時計じかけの哀女神（エンジェロイド） (Gekijōban Sora no Otoshimono: Tokei-jikake no Enjeroido),Japan,"Hisashi Saitō, Tetsuya Yanagisawa",AIC A.S.T.A,Traditional,2011,6,25,False,97.0,long
Ivan Tsarevich and the Grey Wolf Иван Царевич и Серый Волк (Ivan Tsarevich i Seryy Volk),Russia,Vladimir Toropchin,Melnitsa Animation Studio,Traditional,2011,12,29,True,80.0,standart
Jensen & Jensen de:Jensen og Jensen,Denmark,Craig Frank,Miso Film,Computer,2011,8,10,False,90.0,standart
Jock the Hero Dog aka Jock of the Bushveld,South Africa,Duncan MacNeillie,Jock Animation,Computer,2011,7,29,False,89.0,standart
Johnny Bravo Goes to Bollywood,United States,Van Partible,Cartoon Network Studios,Traditional,2011,11,4,True,66.0,standart
The Jungle Bunch: Back to the Ice Floe Les As de la Jungle – Operation banquise,France,David Alaux Éric Tosti,TAT Production,Computer,2011,12,31,True,58.0,standart
Kikoriki. Team Invincible Смешарики. Начало (Smeshariki. Nachalo),Russia,Denis Chernov,"Petersburg Animation Studio , Riki Group , Bazelevs",Computer,2011,12,22,True,88.0,standart
K-On! けいおん! (Keion!),Japan,Naoko Yamada,Kyoto Animation,Traditional,2011,12,3,True,110.0,long
La Leyenda de La Llorona,Mexico,Alberto Rodriguez,Videocine / Anima Studios,Flash animation,2011,10,21,False,75.0,standart
Laura's Star and the Dream Monsters Lauras Stern und die Traummonster,Germany,"Ute von Münchow-Pohl [ fr ] , Thilo Graf Rothkirch [ de ]",Rothkirch/Cartoon-Film Produktion,Computer / Traditional,2011,10,13,False,65.0,standart
"Leafie, A Hen into the Wild 마당을 나온 암탉 (Madangeul Naon Amtak)",South Korea,Seong-yun Oh,MK Pictures,Computer,2011,7,28,False,93.0,long
LeapFrog: Numbers Ahoy,United States,Bob Nesler,Chris D'Angelo Productions LeapFrog Lionsgate,Traditional,2011,1,18,False,35.0,short
Leapfrog: Phonics Farm,United States,Ron Myrick,Chris D'Angelo Productions LeapFrog Lionsgate,Traditional,2011,11,8,True,38.0,short
Leapfrog: The Amazing Alphabet Amusement Park,United States,Bob Nesler,Chris D'Angelo Productions LeapFrog Lionsgate,Traditional,2011,1,18,False,36.0,short
Legend of the Millennium Dragon 鬼神伝 (Onigamiden),Japan,Hirotsugu Kawasaki,Studio Pierrot,Traditional,2011,4,29,False,98.0,long
Legend of a Rabbit 兔侠传奇 (Tu Xia Chuan Qi),China,Sun Li Jun,"Beijing Film Academy , Tianjin Film Studio",Computer,2011,7,11,False,89.0,standart
Legend of the Moles: The Frozen Horror,China Spain,Liu Kexin,,Traditional,2011,8,11,False,95.0,long
Legends of Valhalla: Thor Hetjur Valhallar – Þór,Iceland Germany Ireland,"Óskar Jónasson, Toby Genkel, Gunnar Karlsson","CAOZ, Ulysses , Magma Films",Computer,2011,10,14,False,79.0,standart
The Light of a Firefly Forest 蛍火の杜へ (Hotarubi no Mori e),Japan,Takahiro Omori,Brain's Base,Traditional,2011,9,17,False,44.0,short
The Lion of Judah,United States,"Deryck Broom, Roger Hawkins",Animated Family Films / Rocky Mountain Pictures,Computer,2011,6,3,False,87.0,standart
Little Big Panda,China France Germany Luxembourg Spain,Greg Manwaring,"China Film Group Corp., ORB Filmproduktion GmbH",Traditional,2011,2,3,False,86.0,standart
The Little Engine That Could,United States,Elliot M. Bour,Crest Animation Productions / Universal Animation Studios,Computer,2011,3,22,False,82.0,standart
The Littlest Angel,United States,Dave Kim,"Anchor Bay, Portsmouth Pictures, Cinepix Animation",Computer,2011,11,15,True,84.0,standart
Lotte and the Moonstone Secret Lotte ja kuukivi saladus,Estonia Latvia,"Heiki Ernits, Janno Põldma",,Traditional,2011,8,25,False,76.0,standart
Macross Frontier The Movie: The Wings of Farewell 劇場版 マクロスF 恋離飛翼～サヨナラノツバサ～ (Gekijôban Macross F: Sayonara no tsubasa),Japan,Shoji Kawamori,Satelight,Traditional,2011,2,26,False,115.0,long
The Magic Crystal fi:Maaginen kristalli,Finland,Antti Haikala,"Cartoon One, Connectoon, Epidem, Nelonen, uFilm",Computer,2011,11,18,True,80.0,standart
Mardock Scramble: The Second Combustion マルドゥック・スクランブル 燃焼 (Marudukku Sukuranburu: Nenshō),Japan,Susumu Kudo,GoHands,Traditional,2011,9,3,False,64.0,standart
The Muppets,United States,James Bobin,The Muppets Studio,Puppetry /Live-action,2011,11,23,True,103.0,long
Naruto: Blood Prison 劇場版 NARUTO-ナルト- ブラッド・プリズン (Gekijōban Naruto: Buraddo Purizun),Japan,Masahiko Murata,Studio Pierrot,Traditional,2011,7,27,False,103.0,long
Orla Frosnapper Orla Frosnapper,Denmark,Peter Dodd,Crone Film Produktion A/S,Computer,2011,6,1,False,84.0,standart
The Painting Le Tableau,Belgium France,Jean-François Laguionie,"Be-Films, Blue Spirit Animation, uFilm",Computer / Traditional,2011,11,23,True,76.0,standart
Phineas and Ferb: Across the 2nd Dimension,United States,"Dan Povenmire , Robert F. Hughes",Walt Disney Studios Home Entertainment / Walt Disney Television Animation,Traditional,2011,8,5,False,78.0,standart
Pleasant Goat and Big Big Wolf – Moon Castle: The Space Adventure,China,,,Traditional,2011,1,21,False,88.0,standart
Pokémon the Movie: Black—Victini and Reshiram 劇場版ポケットモンスター ベストウイッシュ ビクティニと白き英雄 レシラム (Gekijōban Poketto Monsutā Besuto Uisshu Bikutini to Shiroki Eiyū Reshiramu),Japan,Kunihiko Yuyama,"OLM, Inc.",Traditional,2011,7,16,False,92.0,long
Pokémon the Movie: White—Victini and Zekrom 劇場版ポケットモンスター ベストウイッシュ ビクティニと黒き英雄 ゼクロム (Gekijōban Poketto Monsutā Besuto Uisshu Bikutini to Kuroki Eiyū Zekuromu),Japan,Kunihiko Yuyama,"OLM, Inc.",Traditional,2011,7,16,False,92.0,long
Pretty Cure All Stars DX3: Deliver the Future! The Rainbow-Colored Flower That Connects the World プリキュアオールスターズDX3 未来にとどけ！世界をつなぐ☆虹色の花 (PuriKyua Ōru Sutāzu Dirakkusu Surī: Mirai ni Todoke! Sekai o Tsunagu Niji-Iro no Hana),Japan,Takashi Otsuka,Toei Animation,Traditional,2011,3,19,False,74.0,standart
Puss in Boots: A Furry Tale,United States,Darrell Van Citters,Renegade Animation,Flash animation,2011,10,11,False,41.0,short
The Princess and the Pilot とある飛空士への追憶 (To Aru Hikūshi e no Tsuioku),Japan,Jun Shishido,Madhouse / TMS Entertainment,Traditional,2011,10,1,False,100.0,long
Princess Lillifee and the Little Unicorn Prinzessin Lillifee und das kleine Einhorn,Germany,"Ansgar Niebuhr, Hubert Weiland","Caligari Film, WunderWerk",Traditional,2011,9,1,False,72.0,standart
The Rabbi's Cat Le Chat du rabbin,France,Joann Sfar Antoine Delesvaux,Autochenille Production,Traditional,2011,6,1,False,80.0,standart
The Smurfs,United States,Raja Gosnell,Sony Pictures Animation,Live-Action-CGI,2011,7,29,False,103.0,long
Scooby-Doo! Legend of the Phantosaur,United States,David Block,Warner Bros. Animation Hanna-Barbera,Traditional,2011,9,3,False,75.0,standart
SeeFood,Malaysia,Goh Aun Hoe,Silver Ant,Computer,2011,10,7,False,93.0,long
Seer,China,,,Computer,2011,7,28,False,90.0,standart
Sengoku Basara: The Last Party 戦国BASARA (Sengoku Basara),Japan,Kazuya Nomura,Production I.G,Traditional,2011,6,4,False,95.0,long
Super K – The Movie,India,"Vijay S. Bhanushali, Smita Maroo",Shemaroo Entertainment,Computer,2011,11,11,True,95.0,long
Tappy Toes,United States,Darrell Van Citters,Renegade Animation,Flash animation,2011,11,1,True,41.0,short
Thor: Tales of Asgard,United States,Sam Liu,"Marvel Animation / MLG Productions 7, Inc. / Lionsgate Home Entertainment",Traditional,2011,5,17,False,77.0,standart
Die Tigerentenbande – Der Film,Germany,Irina Probost,,Traditional,2011,3,10,False,65.0,standart
Titeuf,France,Zep,,Traditional animation,2011,4,6,False,87.0,standart
Tom and Jerry and the Wizard of Oz,United States,"Spike Brandt, Tony Cervone","Warner Bros. Animation , Hanna-Barbera , Turner Entertainment",Traditional,2011,8,23,False,59.0,standart
Top Cat: The Movie Don Gato y Su Pandilla,Mexico Argentina,Alberto Mar,Anima Estudios Illusion Studios,Computer / Flash animation,2011,9,16,False,91.0,long
Tormenti – Film disegnato,Italy,Filiberto Scarpelli,,Cutout,2011,11,3,True,80.0,standart
Transformers: Dark of the Moon,United States,Michael Bay,Hasbro Studios Di Bonaventura Pictures Paramount Pictures,Computer Live-action,2011,6,29,False,154.0,epic
VeggieTales: Princess and the Popstar,United States,Brian Roberts,Big Idea Productions,Computer,2011,8,13,False,49.0,standart
VeggieTales: The Little Drummer Boy,United States,Brian Roberts,Big Idea Productions,Computer,2011,10,4,False,45.0,short
VeggieTales: 'Twas the Night Before Easter,United States,Mike Nawrocki,Big Idea Productions,Computer,2011,3,8,False,47.0,standart
Werner – Eiskalt!,Germany,Gernot Roll,"Animationsfabrik, Constantin Film Produktion",Traditional,2011,6,23,False,93.0,long
Old Master Q and Little Ocean Tiger 老夫子之小水虎传奇,China,Fukutomi Hiroshi,Intercontinental Video,Traditional,2011,4,19,False,86.0,standart
.hack//The Movie ドットハック セカイの向こうに (Dotto Hakku Sekai no Mukō ni),Japan,Hiroshi Matsuyama,CyberConnect2 sai,CG animation,2012,1,21,False,112.0,long
009 Re:Cyborg,Japan,Kenji Kamiyama,Production I.G,CG animation,2012,10,27,False,105.0,long
Abominable Christmas,United States,Chad Van De Keere,Kickstart Productions,CG animation,2012,10,23,False,43.0,short
The Adventures of Scooter the Penguin,United States,Harry Cason Michael Schelp,,CG animation,2012,10,8,False,80.0,standart
After School Midnighters 放課後MIDNIGHTERS (Hōkago Midnighters),Japan,Hitoshi Takekiyo,Koo-Ki,CG animation,2012,8,25,False,95.0,long
Approved for Adoption Couleur de peau: miel,France Belgium South Korea Switzerland,Laurent Boileau Jung,Artémis Productions Mosaïque Films,CG animation / Traditional,2012,6,6,False,70.0,standart
Anpanman: Revive Banana Island ja:それいけ!アンパンマン よみがえれ バナナ島,Japan,Hiroyuki Yano,Anpanman Production Committee TMS Entertainment,Traditional,2012,7,7,False,46.0,standart
Arjun: The Warrior Prince,India,Arnab Chaudhuri,UTV Motion Pictures,CG animation / Traditional,2012,5,25,False,96.0,long
Asura アシュラ,Japan,Keiichi Sato,Toei Animation,CG animation / Traditional,2012,9,29,False,75.0,standart
A Turtle's Tale 2: Sammy's Escape from Paradise,Belgium,Ben Stassen,"nWave Pictures , Illuminata Pictures",CG animation,2012,8,15,False,92.0,long
Back to the Sea,China,Thom Lu,Glory & Dream Entertainment Funimation,Traditional / CG animation,2012,1,27,False,96.0,long
Barbie in A Mermaid Tale 2,United States,William Lau,"Universal Studios , Arc Productions , Rainmaker Studios",CGI animation,2012,2,27,False,74.0,standart
Berserk Golden Age Arc I: The Egg of the King ベルセルク 黄金時代篇I 覇王の卵 (Berserk Ōgon Jidai-Hen I: Haō no Tamago),Japan,Toshiyuki Kubooka,Studio 4°C,Traditional,2012,2,4,False,77.0,standart
Berserk Golden Age Arc II: The Battle for Doldrey ベルセルク 黄金時代篇II ドルドレイ攻略 (Berserk Ōgon Jidai-Hen II: Doldrey Kōryaku),Japan,Toshiyuki Kubooka,Studio 4°C,Traditional,2012,6,23,False,98.0,long
Big Top Scooby-Doo!,United States,Ben Jones,"Warner Bros. Animation , Hanna-Barbera",Traditional,2012,10,9,False,80.0,standart
Blood-C: The Last Dark,Japan,Naoyoshi Shiotani,Production I.G,Traditional,2012,6,2,False,110.0,long
Blue Exorcist: The Movie,Japan,Atsushi Takahashi,A-1 Pictures,Traditional,2012,12,28,True,90.0,standart
Bratz: Desert Jewelz,United States,Mucci Fassett,MGA Entertainment,CG animation,2012,1,10,False,74.0,standart
Chhota Bheem and the Curse of Damyaan,India,Rajiv Chilaka,Green Gold Animation,CG animation,2012,5,18,False,88.0,standart
Cinderella: Once upon a time in the west... Cendrillon: Elle etait une fois dans l'Ouest...,Belgium France,Pascal Hérold,Delacave Paris,CG animation,2012,7,25,False,81.0,standart
Crayon Shin-chan: Arashi o Yobu! Ora to Uchū no Princess クレヨンしんちゃん 嵐を呼ぶ!オラと宇宙のプリンセス,Japan,,,Traditional,2012,4,14,False,111.0,long
Diary of a Wimpy Kid: Dog Days (film),United States,David Bowers,20th Century Fox,Live-Action-animation,2012,8,3,False,94.0,long
Delhi Safari,India,Nikhil Advani,Krayon Pictures,CG animation,2012,10,19,False,92.0,long
Raven the Little Rascal Der kleine Rabe Socke – Gemeinsam bin ich stark!,Germany,"Ute von Münchow-Pohl [ fr ] , Sandor Jesse",Studio 88,Traditional,2012,9,6,False,78.0,standart
Detective Conan: The Eleventh Striker,Japan,Kobun Shizuno,TMS Entertainment,Traditional,2012,4,14,False,110.0,long
Dino Time,United States South Korea,"Yoon-suk Choi, John Kafka","CJ Entertainment , Clarius Entertainment",CG animation,2012,11,30,True,88.0,standart
Doraemon: Nobita and the Island of Miracles—Animal Adventure,Japan,Kôzô Kusuba,Shin-Ei Animation,Traditional,2012,3,3,False,100.0,long
Dragon Age: Dawn of the Seeker ドラゴンエイジ ブラッドメイジの聖戦 (Dragon Age: Blood Mage no Seisen),United States Japan,Fumihiko Sori,"Funimation Entertainment , Oxybot",CG animation,2012,2,11,False,90.0,standart
Echo Planet,Thailand,,,CG animation,2012,8,2,False,81.0,standart
Eien no Monogatari,Japan,,,Traditional,2012,10,13,False,110.0,long
Evangelion: 3.0 ヱヴァンゲリヲン新劇場版：Q Quickening (Evangerion Shin Gekijōban: Kyū Kuikkuningu),Japan,"Hideaki Anno , Kazuya Tsurumaki , Masayuki Yamaguchi",Studio Khara,Traditional,2012,11,17,True,96.0,long
Exchange Student Zero,Australia,Bruce Kane Patrick Crawley,Bogan Entertainment,Traditional,2012,12,16,True,70.0,standart
Fairy Tail the Movie: The Phoenix Priestess 劇場版 FAIRY TAIL 鳳凰の巫女 (Gekijōban Fearī Teiru: Hōō no Miko),Japan,Masaya Fujimori,"A-1 Pictures , Satelight",Traditional,2012,8,18,False,86.0,standart
"Fat, Bald, Short Man Gordo, calvo y bajito",Colombia,Carlos Osuna,Malta Cine Ciné-Sud Promotion Perfect Circle Productions,Rotoscoping,2012,9,30,False,91.0,long
Foodfight!,United States,Larry Kasanoff,Threshold Entertainment,CG animation,2012,6,15,False,87.0,standart
Fuse Teppō Musume no Torimonochō,Japan,Masayuki Miyaji,,Traditional,2012,10,20,False,110.0,long
Gekijō-ban Tiger & Bunny -The Beginning,Japan,,,Traditional,2012,9,22,False,90.0,standart
Gladiators of Rome Gladiatori di Roma,Italy,Iginio Straffi,Rainbow S.r.l.,CG animation,2012,10,18,False,95.0,long
Goat Story 2 Kozí příběh se sýrem,Czech Republic,Jan Tománek,Art And Animation studio,CG animation,2012,10,25,False,85.0,standart
Gothicmade 花の詩女 ゴティックメード (Hana no Utame Gothicmade),Japan,Mamoru Nagano,,Traditional,2012,11,1,True,70.0,standart
The Grow,China,,,Traditional,2012,12,29,True,88.0,standart
Hajimari no Monogatari,Japan,,,Traditional,2012,10,6,False,130.0,long
Heart String Marionette,United States,M dot Strange,M dot Strange,CG animation,2012,6,15,False,121.0,long
Hey Krishna कृष्णा और कंस (Krishna Aur Kans),India,Vikram Veturi,Reliance Entertainment,Flash animation,2012,8,3,False,117.0,long
Ice Age: Continental Drift,United States,"Steve Martino , Mike Thurmeier",20th Century Fox / 20th Century Fox Animation / Blue Sky Studios,CGI animation,2012,7,13,False,88.0,standart
The Illusionauts Los Ilusionautas,Peru,Eduardo Schuldt,Aronnax Animation Studios,CG animation,2012,1,26,False,82.0,standart
Inazuma Eleven GO vs. Danbōru Senki W,Japan,,"OLM, Inc.",Traditional,2012,12,1,True,90.0,standart
It's Such a Beautiful Day,United States,Don Hertzfeldt,Bitter Films,Traditional,2012,8,24,False,62.0,standart
Ivan the Incredible Gummi T,Denmark,Michael Hegner,Crone Film,CG animation,2012,5,16,False,80.0,standart
Justice League: Doom,United States,Lauren Montgomery,"Warner Bros. Animation , DC Entertainment",Traditional,2012,2,28,False,77.0,standart
Kirikou and the Men and Women Kirikou et les Hommes et les Femmes,France,Michel Ocelot,Les Armateurs,CG animation,2012,10,3,False,89.0,standart
"Komm, wir finden einen Schatz!",Germany,Irina Probost,,CG animation,2012,5,24,False,75.0,standart
Leapfrog: Numberland,United States,Ron Myrick,Chris D'Angelo Productions LeapFrog Lionsgate,Traditional,2012,1,31,False,36.0,short
Legend of the Moles: The Treasure of Scylla,China,Liu Kexin,,Traditional,2012,7,5,False,95.0,long
The Life of Guskou Budori グスコーブドリの伝記 (Guskō Budori no Denki),Japan,Gisaburō Sugii,Tezuka Productions,Traditional,2012,7,7,False,108.0,long
The Lorax,United States,"Chris Renaud , Kyle Balda",Illumination Entertainment,CGI animation,2012,3,2,False,86.0,standart
Macross FB 7: Ore no Uta o Kike!,Japan,Tetsurō Amino,Satelight,Traditional,2012,10,20,False,90.0,standart
Magical Girl Lyrical Nanoha The Movie 2nd A's 魔法少女リリカルなのは The MOVIE 2nd A's (Magical Girl Lyrical Nanoha The Movie 2nd A's),Japan,,Seven Arcs,Traditional,2012,7,14,False,150.0,long
Niji-Iro Hotaru: Eien no Natsu Yasumi 虹色ほたる～永遠の夏休み～,Japan,Kōnosuke Uda,Toei Animation,Traditional,2012,5,19,False,104.0,long
One Piece Film Z,Japan,Tatsuya Nagamine,Toei Animation,Traditional,2012,12,15,True,107.0,long
The Outback,United States South Korea,Kyung Ho Lee,"The Animation Picture Company , DigiArt Production, Lotte Entertainment",CG animation,2012,1,12,False,85.0,standart
Peixonauta – Agente Secreto da O.S.T.R.A.,Brazil,Célia Catunda and Kiko Mistrorig,TV PinGuim,Traditional,2012,11,9,True,95.0,long
Pleasant Goat and Big Big Wolf: Mission Incredible: Adventures on the Dragon's Trail,China,,,Traditional,2012,1,12,False,87.0,standart
Pokémon the Movie: Kyurem vs. the Sword of Justice 劇場版ポケットモンスター ベストウイッシュ キュレムVS聖剣士 ケルディオ (Gekijōban Poketto Monsutā Besuto Uisshu Kyuremu tai Seikenshi Kerudio),Japan,Kunihiko Yuyama,"OLM, Inc.",Traditional,2012,7,14,False,71.0,standart
Pretty Cure All Stars New Stage: Friends of the Future プリキュアオールスターズ New Stage みらいのともだち (PuriKyua Ōru Sutāzu Nyū Sutēji: Mirai no Tomodachi),Japan,,Toei Animation,Traditional,2012,3,17,False,70.0,standart
Road to Ninja: Naruto the Movie,Japan,Hayato Date,Studio Pierrot,Traditional,2012,7,28,False,109.0,long
Rodencia y el Diente de la Princesa,Argentina Peru,David Bisbano,Red Post Studio National Institute of Cinema and Audiovisual Arts Vista Sur Films S.r.l.,CG animation,2012,10,11,False,87.0,standart
Scooby-Doo! Music of the Vampire,United States,David Block,"Warner Bros. Animation , Hanna-Barbera",Traditional,2012,3,13,False,76.0,standart
Seer 2,China,"Wang Zhangjun, Fu Jie","Mr.Cartoon Pictures Shanghai Taomee Network Technology Ltd. EE-Media Hunan Aniworld Satellite TV 37 Entertainment China Film Co., Ltd.",CG animation,2012,6,28,False,90.0,standart
"Selkirk, the Real Robinson Crusoe Selkirk el verdadero Robinson Crusoe",Uruguay Argentina Chile,Walter Tournier,Tournier Animación,Stop motion,2012,2,2,False,80.0,standart
The Snow Queen Снежная королева,Russia,"Maxim Sveshnikov, Vladlen Barbe","Wizart Animation , InlayFilm",CG animation,2012,12,31,True,74.0,standart
Sprookjesboom de Film,Netherlands,Hans Walther,"Motek Entertainment , Efteling",CG animation,2012,2,22,False,72.0,standart
Strike Witches ストライクウィッチーズ (Sutoraiku Witchīzu),Japan,Kazuhiro Takamura,AIC,CG animation / Traditional,2012,3,17,False,97.0,long
Superman vs The Elite,United States,Michael Chang,"Warner Bros. Animation , DC Entertainment",Traditional,2012,6,12,False,76.0,standart
The Swan Princess Christmas,United States,Richard Rich,Nest Family Entertainment StreetLight Animation Productions,CG Animation,2012,11,6,True,83.0,standart
Ted,United States,Seth MacFarlane,Universal Pictures,Live-Action / CGI,2012,6,29,False,106.0,long
Tom and Jerry: Robin Hood and His Merry Mouse,United States,"Spike Brandt , Tony Cervone","Warner Bros. Animation , Turner Entertainment",Traditional,2012,9,28,False,58.0,standart
Three Heroes on Distant Shores [ ru ],Russia,Konstantin Feoktistov,Melnitsa Animation Studio,Traditional,2012,12,27,True,65.0,standart
War of the Worlds: Goliath,United States Malaysia,Joe Pearson,Tripod Entertainment,CG animation / Traditional,2012,11,15,True,82.0,standart
Where the Dead Go to Die,United States,Jimmy ScreamerClauz,"Chainsaw Kiss, Draconian Films",CG animation,2012,2,21,False,95.0,long
Yak: The Giant King,Thailand,"Chaiporn Panichrutiwong, Prapas Cholsaranont","Workpoint Pictures, It-ti-rit House",CG animation,2012,10,4,False,96.0,long
Yugo & Lala,China,Wang Yunfei,,CGI animation,2012,8,10,False,87.0,standart
Zambezia,South Africa,Wayne Thornley,Triggerfish Animation Studios,CG animation,2012,7,3,False,82.0,standart
Zarafa,France,"Rémi Bezançon, Jean-Christophe Lie",Prima Linea Productions,Traditional,2012,2,8,False,78.0,standart
Adventure at Flaming Mountains,China,,,Traditional,2013,7,19,False,85.0,standart
The Adventures of Sinbad,India,Shinjan Neogi Abhishek Panchal,Lodi Films Pvt. Ltd,Traditional,2013,3,22,False,110.0,long
Alpha and Omega 2: A Howl-iday Adventure,United States Canada,Richard Rich,Lionsgate Crest Animation Productions,CG Animation,2013,10,8,False,45.0,short
Go! Anpanman: Fly! The Handkerchief of Hope [ ja ],Japan,Hiroyuki Yano,"Anpanman Production Committee, TMS Entertainment",Traditional,2013,7,6,False,47.0,standart
Anohana: The Flower We Saw That Day あの日見た花の名前を僕達はまだ知らない。 (Ano Hi Mita Hana no Namae o Bokutachi wa Mada Shiranai),Japan,Tatsuyuki Nagai,A-1 Pictures,Traditional,2013,8,31,False,99.0,long
Aura: Maryūinkōga Saigo no Tatakai,Japan,Seiji Kishi,AIC,Traditional,2013,4,13,False,83.0,standart
Axel: The Biggest Little Hero Bonta,China,Leo Lee,Zhejiang Versatile,CG animation,2013,8,2,False,80.0,standart
Aya of Yop City Aya de Yopougon,France,"Marguerite Abouet, Clement Oubrerie",Autochenille Production,Traditional,2013,7,17,False,84.0,standart
Ayas,Turkey,"Hüseyin Emre Konyalı, Mustafa Tuğrul Tiryaki",Düşyeri Animation Studios,CG animation,2013,11,22,True,82.0,standart
Barbie & Her Sisters in A Pony Tale,United States,Kyran Kelly,Universal Studios Arc Productions Rainmaker Studios,CGI animation,2013,10,22,False,72.0,standart
Barbie: Mariposa & the Fairy Princess,United States,William Lau,Universal Studios Arc Productions Rainmaker Studios,CGI animation,2013,8,27,False,75.0,standart
Barbie in the Pink Shoes,United States,Owen Hurley,Universal Studios Arc Productions Rainmaker Studios,CGI animation,2013,2,26,False,72.0,standart
Bayonetta: Bloody Fate,Japan,Fuminori Kizaki,Gonzo,Traditional,2013,11,23,True,91.0,long
A Beating Heart and Cracked Ceiling,United States,Cora Clifford,,Traditional,2013,12,9,True,78.0,standart
Berserk Golden Age Arc III: The Advent,Japan,Toshiyuki Kubooka,Studio 4 °C,Traditional,2013,2,1,False,113.0,long
Bold Eagles Pelle Politibil på sporet,Norway,Rasmus A. Sivertsen,Neofilm AS,CG animation,2013,3,3,False,82.0,standart
Bratz: Go to Paris the Movie,United States,Mucci Fassett,MGA Entertainment,CG animation,2013,10,8,False,61.0,standart
A Certain Magical Index: The Movie – The Miracle of Endymion,Japan,Hiroshi Nishikori,J.C. Staff,Traditional,2013,2,23,False,90.0,standart
Cheech & Chong's Animated Movie,United States,"Branden Chambers, Eric D. Chambers",Houston Curtis Productions Chamber Bros. Entertainment,Flash animation,2013,3,18,False,83.0,standart
Chhota Bheem and the Throne of Bali,India,Rajiv Chilaka,Green Gold Animation,Traditional,2013,5,3,False,107.0,long
Cloudy with a Chance of Meatballs 2,United States,"Cody Cameron , Kris Pearn",Sony Pictures Animation,CGI animation,2013,9,27,False,95.0,long
Crayon Shin-chan: Stupid Horse!: B-class Gourmet Survival,Japan,Masakazu Hashimoto [ fr ; ja ; ko ; zh ],Shin-Ei Animation,Traditional,2013,4,20,False,96.0,long
Death & the Robot,United States,Austin Taylor,University of North Carolina School of the Arts,Stop Motion,2013,5,9,False,11.0,short
Detective Conan: Private Eye in the Distant Sea,Japan,Kobun Shizuno,TMS Entertainment,Traditional,2013,4,20,False,101.0,long
Doraemon: Nobita no Himitsu Dōgu Museum,Japan,Yukiyo Teramoto,Shin-Ei Animation,Traditional,2013,3,9,False,104.0,long
Dragon Ball Z: Battle of Gods,Japan,Masahiro Hosoda,Toei Animation,Traditional animation,2013,3,30,False,85.0,standart
Escape from Planet Earth,United States Canada,Cal Brunker,Rainmaker Entertainment The Weinstein Company,CG animation,2013,2,15,False,89.0,standart
El extraordinario viaje de Lucius Dumb [ ca ; cy ; eu ],Spain,Maite Ruiz de Austri,Extra Extremadura de Audiovisuales S.A.,Traditional,2013,12,5,True,93.0,long
Free Birds,United States,Jimmy Hayward,Reel FX Animation Studios Relativity Media,CG animation,2013,11,1,True,91.0,long
Gekijō-ban Mahō Shōjo Madoka Magica Shinpen: Hangyaku no Monogatari,Japan,Akiyuki Shinbo,Shaft,Traditional,2013,10,26,False,116.0,long
Gintama: The Movie: The Final Chapter: Be Forever Yorozuya,Japan,Yoichi Fujita,Sunrise,Traditional,2013,7,6,False,110.0,long
Hakuoki: Wild Dance of Kyoto,Japan,Osamu Yamasaki,Studio Deen,Traditional,2013,8,24,False,96.0,long
Hal,Japan,Ryōtarō Makihara,Pony Canyon Production I.G. Wit Studio Shochiku,Traditional,2013,6,8,False,60.0,standart
Hanasaku Iroha: The Movie – Home Sweet Home,Japan,Masahiro Andō,P.A. Works,Traditional,2013,3,30,False,66.0,standart
Happy Heroes,China,,,Traditional,2013,6,30,False,90.0,standart
Happy Little Submarine 3：Rainbow Treasure,China,,,CG animation,2013,6,2,False,,
The House of Magic,Belgium France,"Ben Stassen, Jérémie Degruson","nWave Digital , StudioCanal",CG animation,2013,12,25,True,85.0,standart
How to Catch a Feather from the Firebird Как поймать перо Жар-Птицы,Russia,Vyacheslav Plotnikov,Inlay Film,Traditional,2013,11,10,True,,
Hunter × Hunter: Phantom Rouge,Japan,Yūzō Satō,Madhouse,Traditional,2013,1,12,False,97.0,long
Hunter × Hunter: The Last Mission,Japan,Keiichiro Kawaguchi,Madhouse,Traditional,2013,12,27,True,98.0,long
Iron Man: Rise of Technovore,Japan,Hiroshi Hamasaki,Madhouse,Traditional,2013,4,24,False,88.0,standart
Ivan Tsarevich and the Gray Wolf 2 Иван Царевич и Серый волк 2,Russia,Vladimir Toropchin,Melnitsa Animation Studio,Traditional,2013,12,26,True,73.0,standart
Jay & Silent Bob's Super Groovy Cartoon Movie,United States,Steve Stark,SModcast Pictures View Askew Productions,Flash animation,2013,4,20,False,64.0,standart
Jungle Master,China,Kerr Xu,Hippo Animation,CG animation,2013,1,19,False,90.0,standart
The Tale of the Princess Kaguya Kaguya-Hime no Monogatari,Japan,Isao Takahata,Studio Ghibli,Traditional,2013,11,23,True,137.0,long
Kara no Kyōkai : Mirai Fukuin,Japan,Tomonori Sudou,Ufotable,Traditional,2013,9,28,False,32.0,short
No-Eared Bunny and Two-Eared Chick de:Keinohrhase und Zweiohrküken,Germany,Maya Gräfin Rothkirch Til Schweiger,,CG animation,2013,9,26,False,75.0,standart
Kuiba 2,China,,,Traditional,2013,5,31,False,83.0,standart
Kunta,China,,,Traditional,2013,8,2,False,82.0,standart
Ku! Kin-dza-dza,Russia Georgia,Georgy Danelia,"Channel One , CTB, Ритм, Ugra Film",Traditional,2013,4,11,False,97.0,long
Le Le Xiong Qi Huan Zhui Zong,China,,,Traditional,2013,6,29,False,85.0,standart
Leapfrog: Adventures in Shapeville Park,United States,Ron Myrick,Chris D'Angelo Productions LeapFrog Lionsgate,Traditional,2013,1,22,False,35.0,short
The Legend of Sarila,Canada,Nancy Florence Savard,"10th Ave Productions, CarpeDiem Film & TV",CG animation,2013,2,22,False,82.0,standart
Lisa Limone and Maroc Orange: A Rapid Love Story Lisa Limone ja Maroc Orange: Tormakas armulugu,Estonia,Mait Laas,Nukufilm,Stop motion,2013,3,8,False,72.0,standart
Louis & Luca and the Snow Machine Solan og Ludvig – Jul i Flåklypa,Norway,Rasmus A. Sivertsen,Maipo Film Qvisten Animation Kari and Kjell Aukrust's Foundation,Stop motion,2013,11,8,True,76.0,standart
I Love Wolffy 2,China,Kai Ye,Mr. Cartoon Pictures Creative Power Entertaining Beijing Kaku Media BestTV Media Nanjing Radio and TV Station Pearl River Pictures Beijing Hangmei Entertainment [ 79 ],Traditional,2013,8,1,False,88.0,standart
Chhatrapati Shivaji - The Emperor of People's Pride,India,Azhar Khan,Aman Anam Productions [ 80 ],Traditional,2013,8,2,False,95.0,long
Lupin the 3rd vs. Detective Conan: The Movie,Japan,Hajime Kamegaki,TMS Entertainment,Traditional,2013,12,7,True,107.0,long
Majocco Shimai no Yoyo to Nene,Japan,Takayuki Hirao,Ufotable,Traditional,2013,12,28,True,100.0,long
Metalocalypse: The Doomstar Requiem,United States,Mark Brooks,"Titmouse, Inc. Williams Street",Flash animation,2013,10,27,False,47.0,standart
Moshi Monsters: The Movie,United Kingdom,"Wip Vernooij, Morgan Francis",Mind Candy,Flash animation,2013,12,20,True,81.0,standart
My Wife's a Cat,China,,,Traditional,2013,2,14,False,94.0,long
Oggy and the Cockroaches: The Movie Oggy et les Cafards,France,Olivier Jean-Marie,"Xilam , France 3 Cinéma , Canal+ , France Télévisions , CNC, B Media Kids, Backup Films, [ 94 ] A Plus Image 4, Cofinova 9, Cofimage 24, Cube Créative, Mikros Image",Traditional/CG animation,2013,8,7,False,82.0,standart
The Olsen Gang in Deep Trouble Olsen Banden på dybt vand,Denmark,Jørgen Lerdam,"A. Film Production , Nordisk Film",CG animation,2013,10,10,False,100.0,long
Once Upon a Time Malayalam,India,Binu Sasidharan,Wireframe Animation,CG animation,2013,5,24,False,100.0,long
Otto the Rhino Otto er et næsehorn,Denmark,Kenneth Kainz,Crone Film,CGI animation,2013,2,7,False,76.0,standart
Oz the Great and Powerful,United States,Sam Raimi,Roth Films,Animation/Live-Action,2013,3,8,False,130.0,long
Patema Inverted Sakasama no Patema,Japan,Yasuhiro Yoshiura,Purple Cow Studio Japan,Traditional,2013,11,9,True,99.0,long
"Persona 3 The Movie: Chapter 1, Spring of Birth",Japan,Noriaki Akitaya Tomohisa Taguchi [ # 1 ],AIC ASTA,Traditional,2013,11,23,True,91.0,long
Plaster of Paris,United States,Cora Clifford,,Traditional,2013,12,5,True,76.0,standart
Poe,United States,Michael Sporn,"Michael Sporn Animation, Inc.",Traditional,2013,6,6,False,90.0,standart
Pokémon the Movie: Genesect and the Legend Awakened,Japan,Kunihiko Yuyama,"OLM, Inc.",Traditional,2013,7,13,False,72.0,standart
Pretty Cure All-Stars New Stage 2: Kokoro no Tomodachi,Japan,Koji Ogawa,Toei Animation,Traditional,2013,3,16,False,71.0,standart
Prince Ivan and the Firebird ru:Как поймать перо Жар-Птицы,Russia,Vyacheslav Plotnikov,,Traditional,2013,10,24,False,80.0,standart
The Return of Buratino Возвращение Буратино,Russia,Ekaterina Mikhaylova,"Animose Studio, UMP Studio",Traditional,2013,4,25,False,76.0,standart
Knight Rusty Ritter Rost – Eisenhart und voll verbeult,Germany,Thomas Bodenstein,,CG animation,2013,1,10,False,84.0,standart
Robotech: Love Live Alive,United States Japan,"Gregory Snegoff , Katsuhisa Yamada",Harmony Gold USA,Traditional,2013,7,23,False,90.0,standart
Roco Kingdom: The Desire of Dragon,China,Sheng-jun Yu,"Shenzhen Tencent Computer Systems, Jiangsu Youman Cartoon TV",Traditional,2013,1,31,False,89.0,standart
Saint Young Men,Japan,Noriko Takao,A-1 Pictures,Traditional,2013,5,10,False,90.0,standart
Saving Santa,United Kingdom United States,"Leon Joosen, Aaron Seelman",Gateway Films Prana Studios,CGI animation,2013,11,1,True,83.0,standart
Scooby-Doo! Mask of the Blue Falcon,United States,Michael Goguen,Warner Bros Animation Hanna Barbera Productions,Traditional,2013,2,26,False,78.0,standart
Scooby-Doo! Stage Fright,United States,Victor Cook,Warner Bros Animation Hanna Barbera Productions,Traditional,2013,8,20,False,78.0,standart
Seer 3,China,"Wang Zhangjun , Yin Yuqi",Shanghai Taomee Animation Limited Enlight Pictures,CG animation,2013,7,12,False,103.0,long
Short Peace,Japan,"Shuhei Morita , Katsuhiro Otomo , Hiroaki Ando , Hajime Katoki",Sunrise,Traditional,2013,7,20,False,14.0,short
Sid The Science Kid: The Movie,United States,Drew Massey,The Jim Henson Company,CG Animation,2013,3,25,False,75.0,standart
Silver Circle,United States,Pasha Roberts,Lineplot Productions,CG animation,2013,3,22,False,90.0,standart
The Soccer Way,China,,,Traditional,2013,6,16,False,,
Space Panda,China,,,Traditional,2013,12,27,True,,
Star Driver: The Movie,Japan,Takuya Igarashi,Bones,Traditional,2013,2,9,False,150.0,long
Steins;Gate: Fuka Ryōiki no Déjà vu,Japan,Kanji Wakabayashi,White Fox,Traditional,2013,4,20,False,90.0,standart
That Boy Emil Emil & Ida i Lönneberga,Sweden,Per Åhlin Alicja Björk Lasse Persson,Filmlance International,Traditional,2013,12,25,True,59.0,standart
Tom and Jerry's Giant Adventure,United States,Spike Brandt Tony Cervone,Turner Entertainment Co. Warner Bros. Animation,Traditional,2013,8,6,False,57.0,standart
The Ultimate Task,China,Sun Lijun,"Beijing Film Academy [ 79 ] Hunan Aniworld Cartoon Co., Ltd [ 79 ] Beijing Aiyi Meixun Animation Production Co., Ltd [ 79 ] Huaxia Film Distribution Co., Ltd [ 79 ] Beijing Iqiyi Co., Ltd [ 79 ] Beijing Bihe Shijia Media Co., Ltd [ 79 ]",Traditional,2013,7,20,False,85.0,standart
Underdogs Metegol Futbolín Foosball The Unbeatables,Argentina Spain,Juan José Campanella,"100 Bares Producciones, Antena 3 Films , Catmandu Branded Entertainment, JEMPSA, Telefe , Canal Plus",CG animation,2013,7,18,False,85.0,standart
VeggieTales: MacLarry and the Stinky Cheese Battle,United States,Mike Nawrocki,Big Idea Productions,CG animation,2013,7,30,False,46.0,standart
VeggieTales: Merry Larry and the True Light of Christmas,United States,Brian Roberts,Big Idea Productions,CG animation,2013,10,22,False,46.0,standart
VeggieTales: The Little House That Stood,United States,Brian Roberts,Big Idea Productions,CG animation,2013,3,5,False,48.0,standart
Voyage Extraordinaire,China,,,CG animation,2013,12,1,True,,
The Wind Rises (Kaze Tachinu),Japan,Hayao Miyazaki,Studio Ghibli,Traditional,2013,7,20,False,126.0,long
Xi Bai Po: Wang Er Xiao,China,,,Traditional,2013,5,26,False,85.0,standart
A Fairly Odd Summer,Canada United States,Savage Steve Holland,Billionfold.inc Frederator Studios Pacific Bay Entertainment,CG animation Live-Action,2014,8,2,False,66.0,standart
Achmed Saves America,United States,Frank Marino,Bento Box Entertainment LEG,Traditional,2014,3,18,False,60.0,standart
The Adventures of Sinbad 2,China,"Gu Peixin, Benpineko",Mr. Cartoon Pictures,Traditional,2014,5,30,False,88.0,standart
Adventures on the Red Plane As Aventuras do Avião Vermelho,Brazil,"José Maia, Frederico Pinto",OKNA Produções,Traditional,2014,12,11,True,70.0,standart
Aikatsu! The Movie アイカツ！,Japan,Yūichirō Yano,"Sunrise , Bandai , Toei Company",Traditional,2014,12,13,True,88.0,standart
Anpanman: Apple Boy and Everyone's Hope それいけ！アンパンマン　りんごぼうやと みんなの願い,Japan,Jun Kawagoe,"Anpanman Production Committee, TMS Entertainment",Traditional,2014,7,5,False,45.0,short
Alpha and Omega 3: The Great Wolf Games,United States,Richard Rich,Lionsgate Crest Animation Productions,CG Animation,2014,3,25,False,45.0,short
Alpha and Omega 4: The Legend of the Saw Tooth Cave,United States,Richard Rich,Lionsgate Crest Animation Productions,CG Animation,2014,10,7,False,45.0,short
Asterix: The Land of the Gods Astérix: Le domaine des Dieux,France,"Alexandre Astier, Louis Clichy","SND, Mikros Image",CG animation,2014,11,26,True,85.0,standart
Back to L.A.,United States Spain,Pablo Fernandez,,Traditional,2014,4,21,False,77.0,standart
Balgar: The Movie Българ Филмът,Bulgaria,Nedelcho Bogdanov,,Traditional,2014,11,28,True,73.0,standart
Bamse and the City of Thieves Bamse och Tjuvstaden,Sweden,Christian Ryltenius,Nordisk Film,Traditional,2014,1,17,False,66.0,standart
Barbie and the Secret Door,United States,Karen J. Lloyd,Universal Studios Arc Productions Rainmaker Studios,CGI animation,2014,8,7,False,81.0,standart
Barbie: The Pearl Princess,United States,Ezekiel Norton,Universal Studios Arc Productions Rainmaker Studios,CGI animation,2014,2,15,False,73.0,standart
Berry and Dolly - Playmates hu:Bogyó és Babóca 3. - Játszótársak,Hungary,Antonin Krizanics Géza M. Tóth,Kedd Animation Studio,Traditional,2014,8,28,False,65.0,standart
Bodacious Space Pirates: Abyss of Hyperspace,Japan,Tatsuo Satō,Satelight,Traditional,2014,2,22,False,93.0,long
Boonie Bears: To the Rescue 熊出没之夺宝熊兵,China,Liang Ding,Fantawild Animation Inc.,CG animation,2014,1,17,False,96.0,long
Buddha 2: Tezuka Osamu no Buddha ~Owarinaki Tabi~ BUDDHA2 手塚治虫のブッダ　終りなき旅,Japan,Toshiaki Komura,"Toei Animation , Tezuka Productions",Traditional,2014,2,8,False,85.0,standart
Chaar Sahibzaade,India,Harry Baweja,Baweja Movies Irealities Technology,CG animation,2014,11,6,True,128.0,long
City of Rott 2,United States,Frank Sudol,BlackArro Productions,Flash animation,2014,9,19,False,85.0,standart
The Clockwork Girl,Canada,Kevin Hanna,"Luximation, Arcana Studio , Legacy Filmworks",CG animation,2014,1,12,False,85.0,standart
"Coconut, the Little Dragon Der kleine Drache Kokosnuss",Germany,Hubert Weiland Nina Wels,"Caligari Film, ZDF, Universum Film",CG animation,2014,12,18,True,83.0,standart
Pet Pals in Windland it:Cuccioli – Il paese del vento,Italy,Sergio Manfio,Gruppo Alcuni LuxAnimation,CG animation,2014,3,17,False,80.0,standart
Detective Conan: Dimensional Sniper,Japan,Kobun Shizuno,TMS Entertainment,Traditional,2014,4,19,False,110.0,long
Doraemon: New Nobita's Great Demon—Peko and the Exploration Party of Five,Japan,Shinnosuke Yakuwa,Shin-Ei Animation,Traditional,2014,3,8,False,109.0,long
Dragon Nest: Warrior's Dawn,China United States,Song Yuefeng,Mili Pictures,CG animation,2014,7,31,False,88.0,standart
Dwegons and Leprechauns,United States,Tom Walsh,EnterAktion Studios,CG animation,2014,11,14,True,97.0,long
Eiga Precure All Stars New Stage 3: Eien no Tomodachi,Japan,,Toei Animation,Traditional,2014,3,15,False,71.0,standart
Expelled from Paradise,Japan,Seiji Mizushima,Toei Animation Graphinica,CG animation,2014,11,15,True,104.0,long
Farm House 81 II,China,Kerr Xu,"Shanghai Hippo Animation Co., Ltd Hunan TV Aniworld Satellite TV tudou.com",CG animation,2014,10,1,False,80.0,standart
Food War,China,Shu Zhan,,,2014,9,5,False,89.0,standart
The Frogville,Taiwan,,,CG animation,2014,10,3,False,85.0,standart
Gekijōban Cardfight!! Vanguard,Japan,"Takashi Motoki , Shin Itagaki","Ace Crew Entertainment , Ultra Super Pictures",Traditional,2014,9,13,False,72.0,standart
Gekijō-ban Tiger & Bunny -The Rising-,Japan,Yoshitomo Yonetani,Sunrise,Traditional,2014,2,8,False,90.0,standart
GG Bond 2,China,Gu Zhibin Lu Jinming,WinSing,CG animation,2014,5,31,False,88.0,standart
Ghost Messenger 고스트 메신저 ( Goseuteu Mesinjeo ),South Korea,Goo Bong-hoe,STUDIO ANIMAL,Traditional,2014,5,20,False,79.0,standart
Giovanni's Island Jobanni no shima,Japan,Mizuho Nishikubo,Production I.G,Traditional,2014,2,22,False,102.0,long
The Golden Horse Aukso zirgas,Lithuania,Reinis Kalnaellis,Copenhagen Bombay Paul Thiltges Distributions Rija Films,Traditional,2014,8,29,False,75.0,standart
HappinessCharge PreCure! the Movie: The Ballerina of the Land of Dolls,Japan,Chiaki Kon,Toei Animation,Traditional,2014,10,11,False,71.0,standart
Happy Heroes 2 Qiyuan Planet Wars,China,,,,2014,7,20,False,,
Happy Little Submarines 4: Adventure of Octopus,China,James Hol,,CG animation,2014,5,30,False,80.0,standart
Heavenly Sword,United States,Gun Ho Jung,PlayStation Originals,CG animation,2014,9,2,False,85.0,standart
The Hero of Color City,United States,Frank Gladstone,Exodus Film Group Toonz Animation India,CG animation,2014,10,3,False,77.0,standart
I Am a Wolf,China,,,,2014,5,31,False,95.0,long
I Am Nightmare,United States,M. dot Strange,,CG animation,2014,2,14,False,128.0,long
The Idolmaster Movie: Beyond the Brilliant Future!,Japan,Atsushi Nishigori,A-1 Pictures,Traditional,2014,1,25,False,122.0,long
Ikkyû san,China Japan,,,Traditional,2014,1,31,False,81.0,standart
JLA Adventures: Trapped in Time,United States,Giancarlo Volpe,Warner Bros. Animation DC Entertainment DR Movie (Animation services),Traditional,2014,1,21,False,52.0,standart
The Jungle Book,India United States,"Jun Falkenstein , Kevin Johnson",DQ Entertainment,CG animation,2014,1,26,False,64.0,standart
Jungle Shuffle,Mexico South Korea Colombia,Taedong Park Mauricio De la Orta,Animation Picture Company Avikoo Studios,CG animation,2014,10,2,False,82.0,standart
K: Missing Kings,Japan,Shinto Suzuki,GoHands,Traditional,2014,7,12,False,73.0,standart
Kuiba 3,China,"Wang Chuan, Zhang Gang, Zhou Jie",,Traditional,2014,10,1,False,90.0,standart
La leyenda de las Momias,Mexico,Alberto Rodríguez,Ánima Estudios,Flash animation,2014,10,30,False,83.0,standart
LeapFrog Letter Factory Adventures: Counting on Lemonade,United States,Craig George,,CG animation,2014,9,9,False,36.0,short
Leap Frog Letter Factory Adventures: The Letter Machine Rescue Team,United States,Craig George,,CG animation,2014,3,4,False,34.0,short
The Legend of Qin 秦时明月3D电影龙腾万里,China,Robin Shen,Sparkly Key Animation Studio,CG animation,2014,8,8,False,90.0,standart
The Little Medic – Secret Mission of the Bodynauts Der Kleine Medicus – Geheimnisvolle Mission im Körper,Germany,Peter Claridge,"WunderWerk, Zeitsprung Pictures",CG animation,2014,10,30,False,78.0,standart
Lupin the IIIrd: Daisuke Jigen's Gravestone,Japan,Takeshi Koike,,Traditional,2014,6,21,False,51.0,standart
Maleficent (film),United States,Robert Stromberg,Walt Disney Pictures,CG/Live-Action,2014,5,30,False,97.0,long
Magic Wonderland,China,Wu Jianrong Fang Lei,,CG animation,2014,5,30,False,90.0,standart
The Magical Brush,China,Frankie Chung,,CG animation,2014,7,25,False,87.0,standart
Mc Dull·Me & My Mum,China,"Brian Tse , Li Junmin",Sunwah Media,Traditional,2014,10,1,False,81.0,standart
Mighty Raju: Rio Calling,India,Rajiv Chilaka,Green Gold Animation,Flash animation,2014,5,17,False,99.0,long
Mini and the Mozzies Cykelmyggen og minibillen,Denmark,Jannik Hastrup Flemming Quist Møller,Dansk Tegnefilm,Flash animation,2014,6,12,False,74.0,standart
Muppets Most Wanted,United States,James Bobin,The Muppets Studio,Puppetry /Live-Action,2014,3,21,False,107.0,long
Mortadelo and Filemon: Mission Implausible Mortadelo y Filemón contra Jimmy el Cachondo,Spain,Javier Fesser,"Zeta Cinema, Películas Pendelton, Ilion Animation Studios",CG animation,2014,11,28,True,88.0,standart
My Little Pony: Equestria Girls – Rainbow Rocks,United States Canada,Jayson Thiessen,"Hasbro Studios , DHX Media/Vancouver , Top Draw Animation",Flash animation,2014,9,27,False,70.0,standart
The Last: Naruto the Movie,Japan,Tsuneo Kobayashi,Studio Pierrot,Traditional,2014,12,6,True,112.0,long
New Minesweepers Warfare: Courageous Boy,China,,,,2014,5,30,False,94.0,long
Night at the Museum: Secret of the Tomb,United States,Shawn Levy,20th Century Fox,CG animation Live Action,2014,12,19,True,98.0,long
One Hundred Thousand Bad Jokes,China,"Lu Hengyu, Li Shujie",Wanda Media Shanghai Toonmax Media Paramount Pictures Nickelodeon Movies Tencent Pictures U-17 Spin Master Entertainment,Flash animation,2014,12,31,True,100.0,long
"Persona 3 The Movie: Chapter 2, Midsummer Knight's Dream",Japan,,Anime International Company,Traditional,2014,6,7,False,93.0,long
Pim and Pom: The Big Adventure Pim & Pom: Het grote avontuur,Netherlands,Gioia Smid,"A-Film Benelux, Flink Film",Stop motion,2014,4,9,False,70.0,standart
"Pokémon the Movie: Diancie and the Cocoon of Destruction ポケモン・ザ・ムービーXY 「破壊の繭とディアンシー」 Pokémon Za Mūbī Ekkusu Wai ""Hakai no Mayu to Dianshī""",Japan,Kunihiko Yuyama,"OLM, Inc. , Shogakukan-Shueisha Productions",Traditional,2014,7,19,False,77.0,standart
"Pororo, Snow Fairy Adventure 뽀로로 극장판 눈요정 마을 대모험",South Korea,Hyunho Kim,,CG animation,2014,12,11,True,35.0,short
The Predictor Paul,China,Shi Yang,Flash animation,,2014,7,4,False,87.0,standart
Pretty Rhythm,Japan,Masakazu Hishida,Tatsunoko Production,Traditional,2014,3,8,False,48.0,standart
The Princess and the Magic Mirror [ 124 ] Meñique y el espejo mágico,Cuba,Ernesto Padrón,Ficción Producciones,Computer,2014,7,20,False,78.0,standart
Roco Kingdom 3,China,Gong Bingsi,,Traditional,2014,7,10,False,85.0,standart
Satellite Girl and Milk Cow 우리별 일호와 얼룩소 ( Uribyeol Ilho-wa Eollukso ),South Korea,Hyeong-yoon Jang,,Traditional,2014,2,20,False,81.0,standart
Secret Plans 新大头儿子和小头爸爸之秘密计划,China,He Cheng,"Zhong Yang Television Station, Yang Shi Dong Hua",CG animation,2014,9,26,False,87.0,standart
Seer 4,China,Wang Zhangjun Yin Yuqi,,CG animation,2014,7,10,False,86.0,standart
Sekai-ichi Hatsukoi: Yokozawa Takafumi no Baai,Japan,Chiaki Kon,Studio Deen,Traditional,2014,3,15,False,50.0,standart
The Seventh Dwarf Der 7bte Zwerg,Germany,Boris Aljinovic Harald Siepermann,"Zipfelmützen GmbH & Co. KG, Erfttal Film, Animationsfabrik",CG animation,2014,9,25,False,87.0,standart
Shi Er Sheng Xiao Cheng Shi Ying Xiong,China,Ge Haitao,"Anhui Film Group Anhui Tongren Media Co., Ltd",Flash animation,2014,10,3,False,80.0,standart
Shin Gekijō-ban Initial D,Japan,,Sanzigen LIDEN FILMS,Traditional,2014,8,23,False,62.0,standart
Slugterra: Return of the Elementals,Canada,"Johnny Darrell, Logan McPherson, Behzad Mansoori-Dara, Daniel DeSerranno, Steve Sacks",Nerd Corps Entertainment,CG animation,2014,8,21,False,63.0,standart
Snow White: The Power of Dwarfs 白雪公主之矮人力量,China,Adam Qiu,Guangzhou Jinchuan Media,CG animation,2014,8,21,False,84.0,standart
Son of Batman,United States,Ethan Spaulding,Warner Bros. Animation DC Entertainment The Answer Studio (Animation services),Traditional,2014,4,22,False,74.0,standart
Sora no Otoshimono Final: Eternal My Master,Japan,Hisashi Saitō,Production IMS,Traditional,2014,4,26,False,50.0,standart
Soreike! Anpanman: Ringo Bō Ya To Min'Nano Negai,Japan,Jun Kawagoe,,Traditional,2014,7,5,False,45.0,short
Space Battleship Yamato 2199: A Voyage to Remember,Japan,Yutaka Izubuchi,Xebec,Traditional,2014,10,11,False,120.0,long
Space Dogs 2 Белка и Стрелка: Лунные приключения,Russia,"Inna Evlannikova , Aleksander Khramtsov",KinoAtis,CG animation,2014,2,6,False,90.0,standart
Space Panda 2,China,,,,2014,5,31,False,,
Stand by Me Doraemon STAND BY ME ドラえもん,Japan,"Takashi Yamazaki , Ryūichi Yagi",Fujiko Movie Studio,CG animation,2014,8,8,False,95.0,long
Super Three,China,Fu Yan,,,2014,4,4,False,80.0,standart
The Swan Princess: A Royal Family Tale,United States,Richard Rich,Nest Family Entertainment StreetLight Animation Productions,CG Animation,2014,2,25,False,79.0,standart
Tale of the Rally,China,Zheng Chongxin,,Traditional,2014,9,6,False,82.0,standart
Tamako Love Story たまこラブストーリー,Japan,Naoko Yamada,Kyoto Animation,Traditional,2014,4,26,False,83.0,standart
Teenage Mutant Ninja Turtles,United States,Jonathan Liebesman,Nickelodeon Movies Platinum Dunes Gama Entertainment Mednick Paramount Pictures,CGI animation Live-Action,2014,8,8,False,101.0,long
Transformers: Age of Extinction,United States,Michael Bay,Hasbro Studios Di Bonaventura Pictures Paramount Pictures,CGI animation Live-Action,2014,6,27,False,165.0,epic
Triple Trouble Trippel Trappel dierenstinerklaas,Netherlands,Albert 't Hooft Paco Vink,il Luster Productions Vivi Film KRO,Traditional,2014,10,8,False,65.0,standart
Uchū Senkan Yamato 2199: Hoshi-Meguru Hakobune,Japan,Yutaka Izubuchi,Xebec,Traditional,2014,10,11,False,120.0,long
VeggieTales: Beauty and the Beet,United States,Tom Owens,Big Idea Productions,CG animation,2014,10,14,False,57.0,standart
VeggieTales: Celery Night Fever,United States,Mike Nawrocki,Big Idea Productions,CG animation,2014,8,5,False,52.0,standart
VeggieTales: Veggies in Space: The Fennel Frontier,United States,Mike Nawrocki,Big Idea Productions,CG animation,2014,3,11,False,48.0,standart
When Marnie Was There Omoide no Marnie,Japan,Hiromasa Yonebayashi,Studio Ghibli,Traditional,2014,7,19,False,103.0,long
Winx Club: The Mystery of the Abyss Winx Club – Il mistero degli abissi,Italy,Iginio Straffi,Rainbow SpA ( ViacomCBS ),CG animation,2014,9,4,False,82.0,standart
Yowamushi Pedal Re:RIDE,Japan,Osamu Nabeshima,TMS/8PAN,Traditional,2014,9,19,False,90.0,standart
Yugo & Lala 2 神秘世界历险记2,China,Wang Yunfei,,CG animation,2014,8,8,False,80.0,standart
10000 Years Later 天籁之一萬年以后,China,Yi Li,,CG animation,2015,3,27,False,93.0,long
A Jewish Girl in Shanghai: The Mystery of the Necklace,China,Guanghua Yao,,Traditional,2015,8,28,False,83.0,standart
A Tale From The Orient 天眼传奇,China,"Chih-Chung Tsai, Daniel Ming-Chin Tsai",Zhejiang Zhongnan Animation Co.,Traditional,2015,10,4,False,90.0,standart
The Adventures of Little Piglet Banna,China,"Ming Zhang, Zhaohui Weng",Zhejiang Huanqin Media,Flash animation,2015,6,27,False,90.0,standart
Aikatsu! Music Award: Minna de Shō o Moraima SHOW!,Japan,Shinya Watada,,Traditional,2015,8,23,False,56.0,standart
Air Bound Gamba: Gamba to Nakama-tachi,Japan,"Tomohiro Kawamura, Yoshihiro Komori","Arad Productions, Grindstone Pictures, Shirogumi, Toei Animation",CG animation,2015,10,10,False,92.0,long
Alvin and the Chipmunks: The Road Chip,United States,Walt Becker,20th Century Fox,Live-Action/CGI,2015,12,18,True,92.0,long
Albert Albert,Denmark,Karsten Kiilerich,"M&M Productions, A. Film",CG animation,2015,2,26,False,70.0,standart
Alibaba and the Thief 阿里巴巴：大盗奇兵,China,Zheng Chengfeng,,CG animation,2015,5,23,False,80.0,standart
Alpha and Omega: Family Vacation,United States Canada,Richard Rich,Lionsgate Crest Animation Productions,CG Animation,2015,8,4,False,45.0,short
Animal Kingdom: Let's Go Ape Pourquoi j'ai pas mangé mon père,France Belgium Italy,Jamel Debbouze,"Pathé, Boréales, Kiss Films",CG animation,2015,4,8,False,113.0,long
The Anthem of the Heart Kokoro ga Sakebitagatterun Da,Japan,Tatsuyuki Nagai,A-1 Pictures,Traditional,2015,9,19,False,119.0,long
Arpeggio of Blue Steel,Japan,Seiji Kishi,Sanzigen,Traditional,2015,1,31,False,105.0,long
Arpeggio of Blue Steel -Ars Nova Cadenza-,Japan,Seiji Kishi,Sanzigen,Traditional,2015,10,3,False,105.0,long
Attack on Titan Part 2: Wings of Freedom,Japan,Tetsuro Araki,Wit Studio,Traditional,2015,6,27,False,119.0,long
Aura Star: Attack of the Temple 奥拉星：进击圣殿,China,Frankie Chung,Pearl River Film Group Guangzhou Baitian Information Technology Toonmax Media Talent Manufacture Meiya Media Hongtu Guanghe Film Investment Fund [ 21 ],CG animation,2015,7,23,False,92.0,long
The Autobots 汽车人总动员,China,Jianrong Zhuo,"Bluemtv, G-Point",CG animation,2015,7,4,False,85.0,standart
Barbie & Her Sisters in The Great Puppy Adventure,United States,Andrew Tan,"Universal Studios , Arc Productions , Rainmaker Studios",CGI animation,2015,10,20,False,76.0,standart
Barbie in Princess Power,United States,Ezekiel Norton,"Universal Studios , Arc Productions , Rainmaker Studios",CGI animation,2015,3,3,False,73.0,standart
Barbie in Rock'n Royals,United States,Karen J. Lloyd & Michael Goguen,"Universal Studios , Arc Productions , Rainmaker Studios",CGI animation,2015,9,8,False,80.0,standart
Bicycle Boy,China,Liu Kexin,,CG animation,2015,1,1,False,90.0,standart
Blinky Bill the Movie,Australia,Deane Taylor,Flying Bark Productions Telegael Screen Australia Studio 100 Animation Screen NSW Lusomundo StudioCanal,CG animation,2015,9,17,False,93.0,long
Bob's Broken Sleigh,Canada,Jay Surridge,"Eh-Okay Entertainment Inc, DHX Media/Vancouver",CG animation,2015,12,1,True,46.0,standart
Boonie Bears: Mystical Winter 熊出没之雪岭熊风,China,"Ding Liang, Liu Fuyuan","Fantawild Animation, Le Vision Pictures (Tianjin) Co., Pearl River Film Group, Shenzhen Huaqiang Shuzi Dongman",CG animation,2015,1,30,False,96.0,long
Boruto: Naruto the Movie,Japan,Hiroyuki Yamashita,Studio Pierrot,Traditional,2015,8,7,False,96.0,long
The Boy and the Beast Bakemono no Ko,Japan,Mamoru Hosoda,Studio Chizu,Traditional,2015,7,11,False,120.0,long
Brave Rabbit 2 Crazy Circus 闯堂兔2疯狂马戏团,China,Zeng Xianlin,,CG animation,2015,1,1,False,88.0,standart
Canine Team Selección Canina,Mexico,Carlos Pimentel Nathan Sifuentes,"Animex Producciones , Nahuala Films",CG animation,2015,4,24,False,90.0,standart
Capture The Flag Atrapa la Bandera,Spain,Enrique Gato,"Lightbox Entertainment, Telecinco Cinema, Telefónica Studios",CG animation,2015,8,25,False,94.0,long
Caroline and the Magic Potion Brujerías,Spain,Virginia Curiá,"Latido Films, Moonbite Studios, Santisound",CG animation,2015,9,15,False,79.0,standart
The Case of Hana & Alice,Japan,Shunji Iwai,,Traditional,2015,2,20,False,99.0,long
Chibi Maruko-chan: Italia Kara Kita Shōnen,Japan,Jun Takagi [ ja ],Nippon Animation,Traditional,2015,12,23,True,94.0,long
CJ7: Super Q Team 长江7号：超萌特攻队,China,William Kan,Xuelang Dock Media YL Pictures,CG animation,2015,9,26,False,80.0,standart
Crayon Shin-Chan: My Moving Story! Cactus Large Attack!,Japan,Masakazu Hashimoto,Shin-Ei Animation TV Asahi ADK Futabasha,Traditional,2015,4,18,False,104.0,long
Curious George 3: Back to the Jungle,United States,Norton Virgien,"Imagine Entertainment , Universal 1440 Entertainment , Tycoon Animation, BV Animation Studio",Traditional,2015,6,23,False,81.0,standart
Date A Live: Mayuri Judgement,Japan,Keitaro Motonaga,Production IMS,Traditional,2015,8,22,False,72.0,standart
Detective Conan: Sunflowers of Inferno,Japan,Kobun Shizuno,TMS Entertainment,Traditional,2015,4,18,False,112.0,long
Digimon Adventure tri. Reunion,Japan,Keitaro Motonaga,Toei Animation,Traditional,2015,11,21,True,86.0,standart
Doraemon: Nobita's Space Hero Record of Space Heroes,Japan,Yoshihiro Osugi,Shin-Ei Animation,Traditional,2015,3,7,False,100.0,long
Eiga Yo-Kai Watch: Enma Daioh to Itsutsu no Monogatari da Nyan!,Japan,"Shigeharu Takahashi [ ja ] , Shinji Ushiro [ ja ]","OLM, Inc.",Traditional,2015,12,19,True,94.0,long
The Empire of Corpses,Japan,Ryoutarou Makihara,Wit Studio,Traditional,2015,10,2,False,126.0,long
Enchanted Mirror Romance 魔镜奇缘,China,Chengfeng Zheng,Beijing Fengshang Ruizhi Media Co.,CG animation,2015,9,3,False,81.0,standart
The Firefox of Bunnington Burrows 兔子镇的火狐狸,China,Ge Shuiying,"Kunshan Zhangpu Haoshanshui Animation Beijing Shuzi Linghai Films Technology Erduosishi Hengqida Media, [ 21 ] Beijing G-POINT Film Culture Media 河南约克动漫影视股份有限公司 维乐享电影文化（北京）有限公司 Aiweixiao Culture Media (Beijing) [ 21 ]",CG animation,2015,10,30,False,90.0,standart
The Flintstones & WWE: Stone Age SmackDown!,United States,Spike Brandt Tony Cervone,"Warner Bros. Animation , Hanna-Barbera , WWE Studios",Traditional,2015,3,10,False,51.0,standart
Fortress Крепость,Russia,Fedor Dmitriev,"CTB Film Company, Melnitsa Animation Studio",Traditional,2015,10,29,False,76.0,standart
Gekijōban Meiji Tokyo Renka: Yumihari no Serenade,Japan,Hiroshi Watanabe,Studio Deen,Traditional,2015,7,18,False,60.0,standart
Gekijō-ban PriPara Mi~nna Atsumare! Prism Tours,Japan,Masakazu Hishida,Tatsunoko Production,Traditional,2015,3,7,False,90.0,standart
GG Bond Movie: Ultimate Battle 猪猪侠之终极决战,China,"Jinming Lu, Jinhui Lu",Guangdong Winsing Animation Toonmax Media Pearl River Pictures Guangdong TV Jiajia Cartoon Beijing Dongfang Huamian Film [ 21 ],CG animation,2015,7,10,False,90.0,standart
Go! Anpanman: Mija and the Magic Lamp ja:それいけ!アンパンマン ミージャと魔法のランプ,Japan,Hiroyuki Yano,"Anpanman Production Committee, TMS Entertainment",Traditional,2015,7,4,False,46.0,standart
Goosebumps (film),United States,Rob Letterman,Sony Pictures Animation,Live-Action-CGI,2015,10,16,False,103.0,long
The Grow 2 金箍棒传奇2：沙僧的逆袭,China,Ha Lei,,Traditional,2015,5,29,False,91.0,long
Gulu Mermaid,China,Guangfu Yang,,,2015,12,20,True,90.0,standart
Happy Little Submarine Magic Box of Time 潜艇总动员5：时光宝盒,China,He Zili,,CG animation,2015,5,29,False,80.0,standart
Happy Panda 2: Panda Hero Legend,China,"Jia Wu, Jiye Tang",Kunshan Feifan Animation Co. Zhejiang Zhongnan Animation Co.,Flash animation,2015,8,15,False,81.0,standart
Harmony,Japan,"Takashi Nakamura , Michael Arias",Studio 4°C,Traditional,2015,11,13,True,119.0,long
Hell and Back,United States,"Tom Gianas, Ross Shuman",ShadowMachine,Stop motion,2015,10,2,False,84.0,standart
High Speed! Free! Starting Days,Japan,Yasuhiro Takemoto,Kyoto Animation,Traditional,2015,12,5,True,110.0,long
Hikawa Maru Monogatari,Japan,Shunji Ōga,Mushi Production,Traditional / CG animation,2015,8,22,False,90.0,standart
Hotel Transylvania 2,United States,Genndy Tartakovsky,Sony Pictures Animation,CGI animation,2015,9,25,False,89.0,standart
"Huevos: Little Rooster's Egg-cellent Adventure , Un gallo con muchos huevos",Mexico,Gabriel Riva Palacio,Huevocartoon Producciones,CG Animation,2015,8,20,False,98.0,long
Khun Tong Daeng: The Inspirations,Thailand,Nitipat Somsaman Phanlop Sincharoen Saksiri Koshpasharin,Dr.Head Imagimax Studio The Monk Studios Workpoint Picture,CG animation,2015,12,6,True,101.0,long
The King of Tibetan Antelope,China,Yujun Liu,Shenzhen Tianyuxing Entertainment,Flash animation,2015,11,20,True,83.0,standart
Knights of Sidonia,Japan,Kōbun Shizuno,Polygon Pictures,Traditional,2015,3,6,False,134.0,long
Kung Fu Style,China,Xu Kerr,Shanghai Hippo Animation Co.,CG animation,2015,4,10,False,90.0,standart
Kuru Kuru and Friends: The Secrets of the Rainbow Tree 꾸루꾸루와 친구들:무지개 나무의 비밀,South Korea,Jisoo Han Moon Jae-dea,Ffango Entertoyment,Stop Motion,2015,11,11,True,74.0,standart
Kwai Boo 桂宝之爆笑闯宇宙,China,Yunfei Wang,Beijing Juhe Yinglian Media Beijing Motianlun Media [ 21 ],CG animation,2015,8,6,False,95.0,long
LeapFrog Letter Factory Adventures: Amazing Word Explorers,United States,Craig George,,CG animation,2015,3,3,False,38.0,short
LeapFrog Letter Factory Adventures: The Great Shape Mystery,United States,Craig George,,CG animation,2015,9,8,False,37.0,short
Legend of a Rabbit: The Martial of Fire 兔侠之青黎传说,China,"Ma Yuan, Dong Dake","TianJin BeiFang Film Group Co., LTD Beijing Century Butterfly Animation Production Co., Ltd Beijing Luyi Jiuying Pictures Media Co., Ltd China Beijing Television Station Toonmax Media Co., Ltd Tianjin Radio and television Beijing Wanzhong Canlan Entertainment Co., Ltd Beijing Xinghe Lianmeng Entertainment Co., Ltd YL Pictures American Aurora Pictures International Ltd",CG animation,2015,2,21,False,90.0,standart
Legend of the Moles – The Magic Train Adventure 摩尔庄园3：魔幻列车大冒险,China,Li Tingting,"Shanghai Taomee Network & Technology Co., Ltd. China Film Group Corporation Beijing KAKU Cartoon Satellite TV Hunan TV Aniworld Satellite TV",Traditional,2015,2,5,False,86.0,standart
Lego DC Comics Super Heroes: Justice League – Attack of the Legion of Doom,United States,Rick Morales,"Warner Bros. Animation , DC Entertainment , The Lego Group",CG animation,2015,8,25,False,72.0,standart
Lego DC Comics Super Heroes: Justice League vs. Bizarro League,United States,Brandon Vietti,"Warner Bros. Animation , DC Entertainment , The Lego Group",CG animation,2015,2,10,False,49.0,standart
Little from the Fish Shop Malá z rybárny,Czech Republic France Slovakia,Jan Balej,Miracle Film,Stop motion,2015,5,28,False,75.0,standart
The Little Man Malý pán,Czech Republic Slovakia,Radek Beran,Bedna Films Czech Television Fantomas Production [ 103 ],Puppetry,2015,4,30,False,83.0,standart
The Little Mermaid: Attack of the Pirates 美人鱼之海盗来袭,China,Adam Qiu,Fu Jian Heng ye Film Distribution CO. Gold Valley Films,CG animation,2015,7,31,False,77.0,standart
LokalFilmis,Slovakia,Jakub Kroner,Lokal TV Inout Studio,2D CGI cutout,2015,6,13,False,78.0,standart
Louis and Luca – The Big Cheese Race Solan og Ludvig – Herfra til Flåklypa,Norway,Rasmus A. Sivertsen,"Qvisten Animation , Maipo Film , Kari and Kjell Aukrust's Foundation",Stop motion,2015,12,25,True,78.0,standart
Love Live! The School Idol Movie,Japan,Takahiko Kyōgoku,Sunrise,Traditional,2015,6,13,False,99.0,long
Miss Hokusai 百日紅,Japan,Keiichi Hara,Production I.G,Traditional,2015,5,9,False,90.0,standart
Monkey King: Hero Is Back 西游记之大圣归来,China,Xiaopeng Tian,"Beijing Weiyingshidai Culture & Media, Hengdian Chinese Film Production Co., October Media, S&C Pictures",CG animation,2015,7,10,False,90.0,standart
Mr. Black: Green Star 黑猫警长之翡翠之星,China,"Shengjun Yu, Xuegang Shi, Song Qing, Yi Shi",Shanghai Film Group Shanghai Animation Film Studio Fengwei (Shanghai) Entertainment Beijing Weiying Shidai Technology [ 21 ],Traditional,2015,8,7,False,83.0,standart
The Nutcracker Sweet,Peru,Eduardo Schuldt,Aronnax Animation Studios,CG animation,2015,6,3,False,80.0,standart
Peppa Pig: The Golden Boots,United Kingdom,"Neville Astley, Mark Baker",Entertainment One,Flash animation,2015,2,14,False,15.0,short
"Persona 3 The Movie: No. 3, Falling Down",Japan,Keitaro Motonaga,A-1 Pictures,Traditional,2015,4,4,False,87.0,standart
Pirate's Passage,Canada,"Mike Barth, Jamie Gallant","Martin's River Ink, PiP Animation Services , Tandem Communications",Flash animation,2015,1,4,False,88.0,standart
Pixels (2015 film),United States China,Chris Columbus,Columbia Pictures,Live-Action-CGI,2015,7,24,False,106.0,long
Pixies,Canada,Sean Patrick O'Reilly,Arcana Studio,CG Animation,2015,6,5,False,78.0,standart
Pleasant Goat and Big Big Wolf – Amazing Pleasant Goat 喜羊羊与灰太狼之羊年喜羊羊,China,Huang Weiming,Shanghai Film Group Alpha Pictures Investment (Beijing) Creative Power Entertaining Beijing TV Kaku Kids Channel Jiangsu Youman Cartoon TV Guangdong Jia-jia Cartoon Channel Beijing Guolong Film Distributors,Traditional,2015,1,31,False,86.0,standart
Pokémon the Movie: Hoopa and the Clash of Ages,Japan,Kunihiko Yuyama,"OLM, Inc. , Shogakukan-Shueisha Productions",CGI animation,2015,7,18,False,78.0,standart
Polar Adventure 极地大反攻,China,Fang Qiao,Su Zhou Ou Rui Dong Man [ 21 ] Beijing G-POINT Film Culture Media [ 21 ],CG animation,2015,10,1,False,94.0,long
Pororo 3: Cyber Space Adventure 뽀로로 극장판3 : 컴퓨터왕국대모험,South Korea,Chanwook Park Young Kyun Park,Korea Creative Content Agency Korean Film Council Korean Small and Medium Business Administration Ocon Studios SK Broadband Winner Cultural Media,CG animation,2015,12,13,True,90.0,standart
PreCure All Stars: Spring Carnival,Japan,Junji Shimizu,Toei Animation,Traditional,2015,3,14,False,74.0,standart
Psycho-Pass: The Movie,Japan,Naoyoshi Shiotani,Production I.G,Traditional,2015,1,9,False,113.0,long
Rabbit Hero,China,Fu Yan,,,2015,5,30,False,80.0,standart
Raven the Little Rascal – The Big Race Der kleine Rabe Socke 2,Germany,"Ute von Münchow-Pohl [ fr ] , Sandor Jesse",Studio 88,Traditional,2015,8,20,False,73.0,standart
Roco Kingdom 4 洛克王国4：出发！巨人谷,China,"Hugues Martel, Dongbiao Cao",Tencent Pictures Jiangsu Youman Cartoon TV Beijing Enlight Pictures More Fun Studio Wepiao [ 21 ] Dianping.com [ 21 ],Traditional,2015,8,13,False,83.0,standart
The Secret of Olentzero and Amila Olentzero eta Amilaren sekretua,Spain,Gorka Vázquez,Baleuko S.L. Draftoon Talape,CG animation,2015,12,4,True,59.0,standart
Seer Movie 5: Rise of Thunder 赛尔号大电影5：雷神崛起,China,Zhangjun Wang,Shanghai Taomi Animation Beijing Enlight Media Beijing Iqiyi Beijing KAKU Cartoon Satellite TV [ 21 ],CG animation,2015,7,23,False,90.0,standart
Sergiy Radonezhsky. The Legend of Miracle Worker Наследники,Russia,Vladimir Khotinenko,Da-Studio,Traditional,2015,10,22,False,,
Shimajiro and the Mother Tree,Japan,Isamu Hirabayashi,"Benesse, The Answer Studio","Live Action, Traditional",2015,1,1,False,61.0,standart
Sinbad: Sora Tobu Hime to Himitsu no Shima,Japan,Shinpei Miyashita,"Nippon Animation , Shirogumi",Traditional,2015,7,4,False,50.0,standart
Snow White: The Mysterious Father 白雪公主之神秘爸爸,China,Ben Zhao,,CG animation,2015,8,14,False,78.0,standart
Snowtime! La Guerre des tuques 3D,Canada,Jean-François Pouliot,CarpeDiem Film & TV,CG animation,2015,11,13,True,82.0,standart
Space Forces 2911 Uzay Kuvvetleri 2911,Turkey,Şahin Michael Derun,Animaj,CG animation,2015,4,20,False,91.0,long
Strange Magic,United States,Gary Rydstrom,"Lucasfilm , Lucasfilm Animation , Industrial Light & Magic",CGI animation,2015,1,23,False,99.0,long
Tamayura: Sotsugyō Shashin Dai-1-bu -Kizashi-,Japan,Junichi Sato,TYO Animations,Traditional,2015,4,4,False,52.0,standart
Tamayura: Sotsugyō Shashin Dai-2-bu -Hibiki-,Japan,Junichi Sato,TYO Animations,Traditional,2015,8,29,False,52.0,standart
Tamayura 3,Japan,Junichi Sato,TYO Animations,Traditional,2015,11,28,True,51.0,standart
Ted 2,United States,Seth MacFarlane,Universal Pictures,Live-Action-CGI,2015,6,26,False,115.0,long
Teenage Mao Zedong 少年毛泽东,China,Lei Junlin,,CG animation,2015,4,30,False,76.0,standart
Three Heroes. Horse Course Три богатыря. Ход конём,Russia,Konstantin Feoktisov,"CTB Film Company, Melnitsa Animation Studio",Traditional,2015,1,1,False,74.0,standart
The Three Pigs and the Lamp 三只小猪与神灯,China,Wei Liu,Mili Pictures,CG animation,2015,7,4,False,80.0,standart
"Trenk, the Little Knight Ritter Trenk",Germany Austria,Anthony Power,"Blue Eyes Fiction, WunderWerk, Dor Film Produktionsgesellschaft",Traditional,2015,11,5,True,75.0,standart
UFO Gakuen no Himitsu,Japan,Isamu Imakake,IRH Press Co.,Traditional,2015,10,10,False,125.0,long
"Wake Up, Girls! Beyond the Bottom",Japan,Yutaka Yamamoto,Ordet,Traditional,2015,12,11,True,53.0,standart
"Wake Up, Girls! The Shadow of Youth",Japan,Yutaka Yamamoto,Ordet,Traditional,2015,9,25,False,55.0,standart
Where's the Dragon? 龙在哪里？,China,Sing-Choong Foo,Beijing Dedao Education Investment Beijing Duobaoshu Entertainment Hongkong Longzai Nali Caihong Engineering [ 21 ] 北京星美影视发行有限公司 [ 21 ],CG animation,2015,10,23,False,97.0,long
The Winner,China,Dai Mao,,,2015,12,12,True,85.0,standart
Xinnian is Coming – Uproar of Chuxi,China,"Yu Mingliang, Yang Xiaojun, Liang Donglong","Tianjin Binhai Xinqu Guoshi Jingwei Media Co., Ltd Beijing Guoshi Jingwei Science And Technology Co., Ltd Lasai Guoshi Jingwei Media Co., Ltd Chengdu Guoshi Jingwei Media Co., Ltd Tibet Audio-Video Publishing House",Flash animation,2015,2,19,False,80.0,standart
Xi You Xin Chuan 2: Zhen Xin Hua Da Mao Xian,China,Chang Liu,,,2015,7,3,False,80.0,standart
Yoko and His Friends,Spain Russia,"Iñigo Berasategui, Alexey Medvedev, Juanjo Elordi, Rishat Gilmetdinov",Dibulitoon Studio( es ) Somuga Wizart Animation Yokoren Kluba,CG animation,2015,9,13,False,80.0,standart
Yowamushi Pedal Re: ROAD,Japan,Osamu Nabeshima,TMS/8PAN,Traditional,2015,6,12,False,89.0,standart
Yowamushi Pedal: The Movie,Japan,Norihiro Naganuma,TMS/8PAN,Traditional,2015,8,28,False,90.0,standart
Accel World: Infinite Burst,Japan,Masakazu Obara,Sunrise,Traditional,2016,7,23,False,82.0,standart
Ajin Part 2: Shōtotsu,Japan,Hiroaki Ando,Polygon Pictures,CG animation,2016,5,6,False,106.0,long
Ajin Part 3: Shōgeki,Japan,Hiroaki Ando,Polygon Pictures,CG animation,2016,9,23,False,121.0,long
Albert,United States,Max Lang,Nickelodeon Animation Studios,CG animation,2016,12,9,True,43.0,short
Alpha and Omega: Dino Digs,United States Canada,Tim Maltby,Lionsgate Crest Animation Productions,CG animation,2016,5,10,False,47.0,standart
Alpha and Omega: The Big Fureeze,United States,Tim Maltby,Lionsgate Crest Animation Productions,CG animation,2016,11,8,True,47.0,standart
Anpanman: Nanda and Runda from the Star of Toys ja:それいけ!アンパンマン おもちゃの星のナンダとルンダ,Japan,Jun Kawagoe,Anpanman Production Committee TMS Entertainment,Traditional,2016,7,2,False,62.0,standart
The Ape Story,China,Liu Pan,,CG animation,2016,1,24,False,,
Bamse and the Witch's Daughter Bamse och häxans dotter,Sweden Hungary Germany Taiwan,Christian Ryltenius Maria Blom,SF Studios Tre Vänner,Traditional,2016,12,25,True,65.0,standart
Big Fish & Begonia,China,Liang Xuan Zhang Chun,Beijing Enlight Media B&T Studio,Traditional/CG animation,2016,7,8,False,105.0,long
Bling,South Korea United States,Kyung Ho Lee Wonjae Lee,Momentum Pictures Digiart Productions Digital Idea,CG animation,2016,3,3,False,82.0,standart
Bobby the Hedgehog,China,Jianming Huang,Beijing Skywheel Entertainment Co. Daysview Animation,CG Animation,2016,7,22,False,94.0,long
Boonie Bears: The Big Top Secret,China,Ding Liang Lin Yongchang,Shenzhen Huaqiang Shuzi Dongman You Yang (Tian Jin) Dong Man Culture Media Le Vision Pictures (Tianjin) Fantawild Holdings Pearl River Pictures Dadi Century Films Distribution (Beijing) Tianjin Maoyan Media,CG animation,2016,1,16,False,96.0,long
Chaar Sahibzaade: Rise of Banda Singh Bahadur,India,Harry Baweja,Baweja Movies Irealities Technology,CG animation,2016,11,11,True,134.0,long
Chhota Bheem Himalayan Adventures [ citation needed ],India,Rusauro B. Adorable,Green Gold Animation,CG animation,2016,1,8,False,97.0,long
Code Geass: Boukoku no Akito Final,Japan,Kazuki Akane,Sunrise,Traditional,2016,2,6,False,60.0,standart
Crayon Shin-chan: Fast Asleep! Dreaming World Big Assault!,Japan,Wataru Takahashi,Shin-Ei Animation,Traditional,2016,4,16,False,96.0,long
Digimon Adventure tri. Determination,Japan,Keitaro Motonaga,Toei Animation,Traditional,2016,3,12,False,84.0,standart
Digimon Adventure tri. Confession,Japan,Keitaro Motonaga,Toei Animation,Traditional,2016,9,24,False,101.0,long
The Dragon Spell,Ukraine,Depoyan Manuk,Panama Grand Prix,CG animation,2016,10,13,False,85.0,standart
Eiga Precure All Stars Minna de Utau♪ Kiseki no Mahō,Japan,,Toei Animation,Traditional,2016,3,19,False,70.0,standart
The Emperor's New Clothes,China,Li Xia,,CG animation,2016,1,1,False,78.0,standart
Friends Forever - A Pig's Tale Mullewapp – Eine schöne Schweinerei,Germany,Theresa Strozyk,MotionWorks Melusine Productions,CG animation,2016,7,14,False,72.0,standart
The Frog Kingdom 2: Sub-Zero Mission,China,Chang Guang Xi Peng Fei,,CG animation,2016,2,19,False,87.0,standart
Fruity Robo The Great Escape,China,Wang Wei,,CG animation,2016,1,24,False,81.0,standart
Gantz: O,Japan,Yasushi Kawamura,Digital Frontier,CG animation,2016,10,14,False,96.0,long
Garakowa -Restore the World-,Japan,Masashi Ishihama,A-1 Pictures,Traditional,2016,1,9,False,67.0,standart
Garo: Divine Flame,Japan,Yuichiro Hayashi,MAPPA,Traditional,2016,5,21,False,78.0,standart
Gekijōban Aikatsu Stars!,Japan,,,Traditional,2016,8,13,False,59.0,standart
Gekijōban Tantei Opera Milky Holmes ~Gyakushū no Milky Holmes~,Japan,Hiroaki Sakurai,J.C. Staff,Traditional,2016,2,27,False,70.0,standart
Gekijoban Shimajiro no Wao! Shimajiro to Ehon no Kuni,Japan,Isamu Hirabayashi,Benesse,Traditional/Live Action,2016,3,11,False,61.0,standart
Get Santa Den magiske juleæske [ citation needed ],Sweden Denmark,Jacob Ley,Copenhagen Bombay,Stop motion,2016,11,10,True,90.0,standart
Ghost Patrol,Canada,Karen J. Lloyd,Eh-Okay Entertainment Inc DHX Media/Vancouver,CG animation,2016,10,21,False,47.0,standart
Godbeast Megazord: Return of Green Dragon,China,Zhu Xiaobing Huang Yiqing,Pearl River Film Group Guangzhou Dali Animation Beijing KAKU Cartoon Satellite TV [ 70 ] Pearl River Pictures [ 70 ],CG animation,2016,9,15,False,87.0,standart
Hitler's Folly,United States,Bill Plympton,Plymptoons,Mockumentary,2016,6,3,False,67.0,standart
Hood's Mad Animals Бременские разбойники,Russia,Aleksey Lukyanchikov,Central Partnership Star Media Film,Traditional,2016,11,10,True,73.0,standart
Howard Lovecraft and the Frozen Kingdom,Canada,Sean Patrick O'Reilly,Arcana Studio,CG animation,2016,10,3,False,83.0,standart
I Am Nezha,China,Shu Zhan,,CG animation,2016,10,1,False,83.0,standart
In the Forest of Huckybucky Dyrene i Hakkebakkeskogen,Norway,Rasmus A. Sivertsen,Qvisten Animation,Stop motion,2016,12,25,True,75.0,standart
Ivan Tsarévitch et la Princesse Changeante,France,Michel Ocelot,Canal+ Nord-Ouest Films Studio O,,2016,9,28,False,57.0,standart
Izzie's Way Home,United States,Sasha Burrow,The Asylum,CG animation,2016,5,17,False,75.0,standart
The Jungle Book,United States,Jon Favreau,Walt Disney Pictures Fairview Entertainment,CGI animation/Live-action,2016,4,15,False,106.0,long
Jak uratować mamę,Poland,"Daniel Zduńczyk, Marcin Męczkowski",Virtual Magic,Traditional/CG animation,2016,6,5,False,86.0,standart
KanColle: The Movie,Japan,Keizō Kusakawa,Diomedéa,Traditional,2016,11,26,True,95.0,long
Kikoriki: Legend of the Golden Dragon Смешарики. Легенда о золотом драконе,Russia,Denis Chernov,Petersburg Animation Studio,CG animation,2016,3,17,False,80.0,standart
King of Prism by PrettyRhythm,Japan,Masakazu Hishida,Tatsunoko Production,Traditional,2016,1,9,False,60.0,standart
Kingsglaive: Final Fantasy XV,Japan,Takeshi Nozue,Visual Works Digic Pictures Image Engine Marza Animation Planet,CG animation,2016,7,9,False,110.0,long
Kin-iro Mosaic: Pretty Days,Japan,Tensho,Studio Gokumi AXsiZ,Traditional,2016,11,12,True,50.0,standart
Kizumonogatari Part 1: Tekketsu,Japan,Tatsuya Oishi,Shaft,Traditional,2016,1,8,False,64.0,standart
Kizumonogatari II: Nekketsu-hen,Japan,Tatsuya Oishi,Shaft,Traditional,2016,8,19,False,69.0,standart
Kunta 2,China,Lian Li,,,2016,1,1,False,,
The Land Before Time XIV: Journey of the Brave,United States,Davis Doi,Universal Animation Studios Universal 1440 Entertainment,Traditional,2016,2,2,False,82.0,standart
La Leyenda del Chupacabras,Mexico,Alberto Rodriguez,Ánima Estudios,Traditional,2016,10,21,False,82.0,standart
The Legend of Shankhadhar,Nepal,Sanyukta Shrestha,Yantrakala Studios Pvt Ltd,Flash animation,2016,12,17,True,55.0,standart
Lego Scooby-Doo! Haunted Hollywood,United States,Rick Morales,Warner Bros. Animation The Lego Group,CG animation,2016,5,10,False,75.0,standart
Lost in the Moonlight 달빛궁궐 (Dal-bit-gung-gwol),South Korea,Hyun-Joo Kim,Studio Holhory co Seok-joon,Traditional,2016,9,7,False,80.0,standart
McDull: Rise of the Rice Cooker,China Hong Kong,Brian Tse,Sunwah Media,CG animation,2016,9,15,False,90.0,standart
Monster Strike The Movie,Japan,Shinpei Ezaki,Liden Films Ultra Super Pictures XFlag Pictures,Traditional,2016,12,10,True,103.0,long
Monster Trucks,United States,Chris Wedge,Nickelodeon Movies Disruption Entertainment,CGI animation / Live-action,2016,12,21,True,105.0,long
Motu Patlu: King Of Kings,India,Suhas D. Kadav,Viacom 18 Motion Pictures Cosmos Entertainment Maya Digital Studios,CG animation,2016,10,19,False,110.0,long
Mr. Nian,China,Yang Zhang,Tianjin Maoyan Media,CG animation,2016,2,8,False,97.0,long
Naze Ikiru: Rennyo Shounin to Yoshizaki Enjou,Japan,Hideaki Ōba,,Traditional,2016,5,21,False,86.0,standart
New Happy Dad and Son 2: The Instant Genius,China,He Cheng,"Luming Pictures Zhong Yang Television Station Yang Shi Dong Hua China Radio, Film & TV Programs Exchanging Center Beijing E Xi E Entertainment Production Xi'an Qujiang Film&TV Investment Group Heyi Information Technology (Beijing) [ 131 ] China Film Group Corporation Beijing E Xi E Entertainment Production Wuzhou Film Distribution Eastern Mordor Sihai Distribution Association Beijing Weiying Shidai Technology Tianjin Maoyan Media Xi'an Qujiang Film&TV Investment Group [ 131 ]",CG animation,2016,8,19,False,85.0,standart
The Oddsockeaters Lichozrouti,Czech Republic Slovakia Croatia,Galina Miklínová,T.H.A.,CG animation,2016,10,22,False,83.0,standart
Orange: Future,Japan,Naomi Nakayama Hiroshi Hamasaki,Telecom Animation Film TMS Entertainment,Traditional,2016,11,18,True,63.0,standart
Ozzy,Spain Canada,Alberto Rodríguez Nacho La Casa,Arcadia Motion Pictures Tangent Animation,CG animation,2016,10,14,False,90.0,standart
Pete's Dragon,United States,David Lowery,Walt Disney Pictures Whitaker Entertainment,CGI animation/Live-action,2016,8,12,False,103.0,long
"Persona 3 The Movie: No. 4, Winter of Rebirth",Japan,Tomohisa Taguchi,A-1 Pictures,Traditional,2016,1,23,False,105.0,long
Pixi Post & the Gift Bringers Pixi Post y los genios de Navidad,Spain Colombia,Gorka Sesma,Somuga Bitebilau Digitz Films,CG animation,2016,12,23,True,90.0,standart
Pokémon the Movie: Volcanion and the Mechanical Marvel,Japan,Kunihiko Yuyama,OLM,Traditional,2016,7,16,False,95.0,long
Pop In Q,Japan,Naoki Miyahara,Toei Animation,Traditional,2016,12,23,True,95.0,long
PriPara Mi~nna no Akogare Let's Go PriPari,Japan,Makoto Moriwaki,Tatsunoko Production,Traditional,2016,3,12,False,60.0,standart
Quackerz Крякнутые каникулы,Russia,Victor Lakeshow,Asymmetric VFX Studio ROME Animation & Film Studio,CG animation,2016,2,14,False,81.0,standart
Rudolf the Black Cat Rudorufu to Ippaiattena,Japan,Kunihiko Yuyama Mikinori Sakakibara,"Sprite Animation Studios OLM, Inc. OLM Digital",CG animation,2016,8,6,False,90.0,standart
Saving Sally,Philippines,Avid Liongoren,Rocketsheep Studios,Traditional/Live action,2016,12,25,True,94.0,long
The Secret Princess,United Kingdom,Segun Williams,Transtales Entertainment,CG animation,2016,2,14,False,94.0,long
Selector Destructed WIXOSS,Japan,Takuya Satō,J.C. Staff,Traditional,2016,2,13,False,91.0,long
Seoul Station,South Korea,Yeon Sang-ho,Traditional/CG animation,,2016,8,18,False,92.0,long
Sheep and Wolves Волки и овцы: бееезумное превращение,Russia,Andrey Galat Maksim Volkov,Wizart Animation CTB Film Company,CG animation,2016,4,28,False,85.0,standart
Shimajiro In Bookland,Japan,Isamu Hirabayashi,Benesse The Answer Studio,Traditional/Live Action,2016,3,11,False,61.0,standart
A Silent Voice,Japan,Naoko Yamada,Kyoto Animation,Traditional,2016,9,17,False,130.0,long
Sinbad: Pirates of the Seven Storms,Russia,Vlad Barbe,CTB Film Company,Traditional,2016,10,27,False,74.0,standart
The Snow Queen 3: Fire and Ice Снежная королева 3: Огонь и лёд,Russia,Aleksey Tsitsilin,Wizart Animation 3Beep,CG animation,2016,12,29,True,89.0,standart
Sound! Euphonium: The Movie – Welcome to the Kitauji High School Concert Band,Japan,Tatsuya Ishihara,Kyoto Animation,Traditional,2016,4,23,False,103.0,long
Suki ni Naru Sono Shunkan o: Kokuhaku Jikkō Iinkai,Japan,Tetsuya Yanagisawa,Qualia Animation,Traditional,2016,12,17,True,63.0,standart
"The Swan Princess: Princess Tomorrow, Pirate Today",United States India,Richard Rich,Lionsgate Crest Animation Productions,CG Animation,2016,9,6,False,81.0,standart
Tamayura 4,Japan,Jun'ichi Satô,TYO Animations,Traditional,2016,4,2,False,58.0,standart
The Tayo Movie: Missing: Ace,South Korea,"Kim, Min-sung",Iconix Entertainment EBS Kl Studio Gale,CG animation,2016,1,21,False,47.0,standart
Teenage Mutant Ninja Turtles: Out of the Shadows,United States,Dave Green,Paramount Pictures Nickelodeon Movies Platinum Dunes Gama Entertainment Mednick Productions Smithrowe Entertainment,CGI animation/Live-action,2016,6,3,False,112.0,long
Throne of Elves,China,Yuefeng Song,Beijing Enlight Pictures,CG animation,2016,8,19,False,104.0,long
Tom and Jerry: Back to Oz,United States,Spike Brandt Tony Cervone,Warner Bros. Animation Turner Entertainment Hanna-Barbera,Traditional,2016,6,21,False,81.0,standart
Trolland,United States,Ron Thornton,SMV Complete Media The Asylum,CG animation,2016,10,25,False,77.0,standart
Upin & Ipin: Jeng Jeng Jeng!,Malaysia,Ainon Ariff Erma Fatima,Les' Copaque Production KRU Studios MNC Pictures,CG animation/Live-action,2016,11,24,True,97.0,long
Woozle & Pip in Search of the Scallywagger! Woezel & Pip Op zoek naar de Sloddervos!,Netherlands,Patrick Raats,TDMP Dreamchaser Europe Source Investments KRO-NCRV Il Luster Productions Anikey Studios,Flash animation,2016,1,20,False,70.0,standart
Yo-kai Watch: Sora Tobu Kujira to Double no Sekai no Daibōken da Nyan!,Japan,Shigeharu Takahashi Shinji Ushiro,"OLM, Inc.",CG animation/Live-action,2016,12,17,True,90.0,standart
Yowamushi Pedal: Spare Bike,Japan,Osamu Nabeshima,TMS/8PAN,,2016,9,9,False,60.0,standart
Yu-Gi-Oh!: The Dark Side of Dimensions,Japan,Satoshi Kuwabara,Studio Gallop,Traditional,2016,4,23,False,131.0,long
Yugo & Lala 3,China,Wang Yunfei,"Jiangsu Youman Cartoon TV Beijing Qixinran Entertainment Cheers Tone Beijing Qi Cartoon Animation, [ 214 ] Eastern Mordor Sihai Distribution Association Beijing Weiying Shidai Technology Gewara Tao Piao Piao Tianjin Huayi Brothers Blockbuster Films [ 214 ]",CG animation,2016,7,29,False,82.0,standart
Zutto Mae Kara Suki Deshita: Kokuhaku Jikkō Iinkai,Japan,Tetsuya Yanagisawa,Qualia Animation,Traditional,2016,4,23,False,63.0,standart
Alpha and Omega: Journey to Bear Kingdom,United States India,Richard Rich,Lionsgate Crest Animation Productions,CGI animation,2017,5,9,False,44.0,short
Anchors Up Elias og Storegaps Hemmelighet [ citation needed ],Norway,Simen Alsvik Karsten Fullu,Animando Steamheads Studios,CGI animation,2017,10,6,False,75.0,standart
Go! Anpanman: Bulbul's Big Treasure Hunt Adventure ja:それいけ!アンパンマン ブルブルの宝探し大冒険!,Japan,Hiroyuki Yano,"Anpanman Production Committee, TMS Entertainment",Traditional,2017,7,1,False,62.0,standart
Baba Yaga. Inception Баба Яга. Начало,Russia,Vladimir Sakov,Art Pictures Studio Glukoza Production Films based on Baba Yaga,Traditional,2018,11,8,True,63.0,standart
Barbaricina History,Russia,Yuriy Mamontov,Slyers Animation Studios,CGI animation,2017,4,13,False,60.0,standart
Battle of Persian Gulf II,Iran,Farhad Azima,Fatima Zahra Animation Studios,CGI animation,2017,2,18,False,80.0,standart
Black Butler: Book of the Atlantic,Japan,Noriyuki Abe,A-1 Pictures,Traditional,2017,1,21,False,100.0,long
Blame!,Japan,Hiroyuki Seshita,Polygon Pictures,CGI animation,2017,5,20,False,106.0,long
Bob the Builder: Mega Machines,United Kingdom,Chris Parker James Mason,HIT Entertainment,CGI animation,2017,5,27,False,63.0,standart
Bunyan and Babe,United States India,Tony Bancroft,Exodus Film Group Toonz Entertainment,CGI animation,2017,1,12,False,84.0,standart
CarGo,United States,James Cullen Bressack,The Asylum,CGI animation,2017,6,6,False,96.0,long
Chain Chronicle Light of Haecceitas: Part 2,Japan,Masashi Kudō,Telecom Animation Film Graphinica,Traditional,2017,1,14,False,89.0,standart
Chain Chronicle Light of Haecceitas: Part 3,Japan,Masashi Kudō,Telecom Animation Film Graphinica,Traditional,2017,2,11,False,93.0,long
Code Geass Lelouch of the Rebellion: Awakening Path,Japan,Gorō Taniguchi,Sunrise,Traditional,2017,10,21,False,135.0,long
Crayon Shin-chan: Invasion!! Alien Shiriri,Japan,Masakazu Hashimoto,Toho,Traditional,2017,4,17,False,103.0,long
Da Hu Fa [ citation needed ],China,Zhigang Yang (Busifan),Beijing Enlight Media Co. Horgos Coloroom Pictures Tianjin Niceboat Culture Communication,Traditional,2017,7,13,False,95.0,long
Detective Conan: Crimson Love Letter,Japan,Kobun Shizuno,Toho,Traditional,2017,4,15,False,112.0,long
Deep,Spain Belgium Switzerland,Julio Soto Gurpide,The Thinklab Grid Animation Kraken Films,CGI animation,2017,8,25,False,92.0,long
Digimon Adventure tri. Loss,Japan,Keitaro Motonaga,Toei Animation,Traditional,2017,2,25,False,78.0,standart
Digimon Adventure tri. Symbiosis,Japan,Keitaro Motonaga,Toei Animation,Traditional,2017,9,30,False,85.0,standart
Doraemon the Movie 2017: Great Adventure in the Antarctic Kachi Kochi,Japan,Atsushi Takahashi,Toho,Traditional,2017,3,4,False,101.0,long
Doru [ citation needed ],Turkey,Can Soysal,Anibera Animation Studios,CGI animation,2017,7,7,False,91.0,long
The Elephant King [ citation needed ],Iran Lebanon,Hadi Mohammadian,Honarpooya Group,CGI animation,2017,5,1,False,80.0,standart
Fairy Tail: Dragon Cry,Japan,Tatsuma Minamikawa,A-1 Pictures,Traditional,2017,5,6,False,85.0,standart
Fantastic Journey to OZ Урфин Джюс и его деревянные солдаты,Russia,Vladimir Toropchin,Melnitsa Animation Studio [1],CGI animation,2017,4,20,False,75.0,standart
Fate/kaleid liner Prisma Illya: Vow in the Snow,Japan,Shin Oonuma,Kadokawa Animation Silver Link,Traditional,2017,8,26,False,90.0,standart
Fate/stay night: Heaven's Feel I. Presage Flower,Japan,Tomonori Sudou,Ufotable,Traditional,2017,10,14,False,120.0,long
"Fireworks Uchiage hanabi, shita kara miru ka? Yoko kara miru ka? [ citation needed ]",Japan,Akiyuki Shinbo Nobuyuki Takeuchi,Shaft,Traditional,2017,8,18,False,90.0,standart
The Fixies: Top Secret Фиксики: Большой секрет,Russia,Vasiko Bedoshvili Andrey Kolpin,Petersburg Animation Studio Aeroplane Productions,CGI animation,2017,10,28,False,80.0,standart
Free! Timeless Medley,Japan,Eisaku Kawanami,Kyoto Animation Animation Do,Traditional,2017,4,22,False,95.0,long
Free! Timeless Medley: Part 2,Japan,Eisaku Kawanami,Kyoto Animation Animation Do,Traditional,2017,7,1,False,98.0,long
Free! -Take Your Marks!-,Japan,Eisaku Kawanami,Kyoto Animation Animation Do,Traditional,2017,10,28,False,100.0,long
Genocidal Organ,Japan,Shukō Murase,Manglobe Geno Studio,Traditional,2017,2,3,False,115.0,long
"Gekijōban Haikara-san ga Tōru Zenpen – Benio, Hana no 17-sai",Japan,Kazuhiro Furuhashi,Nippon Animation,Traditional,2017,11,11,True,97.0,long
GG Bond: Guarding,China,Lu Jinming Zhong Yu,Le vision pictures,CGI animation,2017,1,7,False,91.0,long
Girls und Panzer das Finale: Part 1,Japan,Tsutomu Mizushima,Actas,Traditional,2017,12,9,True,47.0,standart
Godzilla: Planet of the Monsters,Japan,Kobun Shizuno Hiroyuki Seshita,Polygon Pictures,Traditional,2017,11,17,True,88.0,standart
Hanuman Da' Damdaar,India,Ruchi Narain,R.A.T Films Percept Picture Company,Traditional,2017,6,2,False,105.0,long
Harvie and the Magic Museum Гурвинек: Волшебная игра Hurvínek a kouzelné muzeum,Russia Czech Republic Belgium,Martin Kotík Inna Evlannikova,KinoAtis Rolling Pictures Grid Animation,CGI animation,2017,8,31,False,86.0,standart
Hey Arnold!: The Jungle Movie,United States,Raymie Muzquiz Stu Livington,"Snee-Oosh, Inc. Nickelodeon Animation Studio",Traditional,2017,11,24,True,81.0,standart
Howard Lovecraft and the Undersea Kingdom,Canada,Sean Patrick O'Reilly,Arcana Studio,CGI animation,2017,10,1,False,89.0,standart
The Incredible Story of the Giant Pear Den utrolige historie om den kæmpestore pære [ citation needed ],Denmark,Philip Einstein Lipski Jørgen Lerdam Amalie Næsby Fick,Level K,CGI animation,2017,10,12,False,78.0,standart
Kabaneri of the Iron Fortress (part 2),Japan,Tetsurō Araki,Wit Studio,Traditional,2017,1,7,False,104.0,long
Kikoriki. Legend of the Golden Dragon Смешарики. Легенда о золотом драконе,Russia,Denis Chernov,Petersburg Animation Studio,CGI animation,2017,3,17,False,79.0,standart
Kizumonogatari III: Reiketsu-hen,Japan,Akiyuki Shinbo Tatsuya Oishi,Shaft,Traditional,2017,1,6,False,83.0,standart
Knight Rusty 2: Full Metal Racket Ritter Rost 2: Das Schrottkomplott,Germany,Thomas Bodenstein Marcus Hamann,,CGI animation,2017,1,19,False,87.0,standart
The Kuflis hu:Egy kupac kufli [ citation needed ],Hungary,Kristóf Jurik Szabolcs Pálfi Géza M. Tóth,KEDD Animation Studio,2D animation,2017,8,17,False,71.0,standart
Kuroko's Basketball The Movie: Last Game,Japan,Shunsuke Tada,Production I.G,Traditional,2017,3,18,False,90.0,standart
The Legend of King Solomon hu:Salamon király kalandjai [ citation needed ],Hungary Israel,Albert Hanan Kaminski,Cinemon Entertainment Eden Productions,Traditional,2017,9,28,False,80.0,standart
Lino: An Adventure of Nine Lives br:Lino: Uma Aventura de Sete Vidas [ citation needed ],Brazil,Rafael Ribas,Start Desenhos Animados,CGI animation,2017,9,7,False,94.0,long
The Little Vampire 3D Der kleine Vampir [ citation needed ],Netherlands Germany Denmark,Richard Claus Karsten Kiilerich,Ambient Entertainment,CGI animation,2017,10,5,False,82.0,standart
Lu Over the Wall Yoake Tsugeru Lu no Uta [ citation needed ],Japan,Masaaki Yuasa,Science SARU,Traditional Flash animation,2017,5,19,False,112.0,long
Lupin the Third: Goemon Ishikawa's Spray of Blood,Japan,Takeshi Koike,Telecom Animation Film,Traditional,2017,2,4,False,54.0,standart
Magical Girl Lyrical Nanoha Reflection,Japan,Takayuki Hamana,Seven Arcs,Traditional,2017,7,22,False,111.0,long
Mary and the Witch's Flower Meari to Majo no Hana,Japan,Hiromasa Yonebayashi,Studio Ponoc,Traditional,2017,7,8,False,103.0,long
Mazinger Z: Infinity,Japan,Junji Shimizu,Toei Animation,Traditional,2017,10,27,False,95.0,long
Moomins and the Winter Wonderland Muumien taikatalvi [ citation needed ],Finland Poland,Ira Carpelan Jakub Wronski,Filmcompaniet,Traditional,2017,12,1,True,82.0,standart
Mariah Carey's All I Want for Christmas Is You,United States,Guy Vasilovich,Universal 1440 Entertainment Splash Entertainment Magic Carpet Productions Universal Animation Studios,CGI animation,2017,11,13,True,91.0,long
Next Door Spy Nabospionen [ citation needed ],Denmark,Karla von Bengtson,Copenhagen Bombay TriCoast Entertainment,Flash animation,2017,8,10,False,77.0,standart
"The Night Is Short, Walk on Girl Yoru wa Mijikashi Aruke yo Otome [ citation needed ]",Japan,Masaaki Yuasa,Science SARU,Traditional Flash animation,2017,4,7,False,93.0,long
The Nut Job 2: Nutty by Nature,United States Canada South Korea,Cal Brunker,"ToonBox Entertainment Redrover Co., Ltd. Gulfstream Pictures",CGI animation,2017,8,11,False,91.0,long
Nur and the Dragon Temple Nur y el templo del dragón,Spain,Juan Bautista Berasategi,Lotura Films,Flash animation,2017,6,2,False,64.0,standart
Peppa Pig: My First Cinema Experience,United Kingdom,Mark Baker Iwan Watson,Astley Baker Davies Ltd Entertainment One,Flash animation,2017,4,7,False,72.0,standart
"Pipi, Pupu & Rosemary: the Mystery of the Stolen Notes Pipì Pupù e Rosmarina in Il Mistero delle Note Rapite [ citation needed ]",Italy,Enzo D'Alò,Bolero Film,Flash animation,2017,11,16,True,81.0,standart
"Pororo, Dinosaur Island Adventure 뽀로로 극장판 공룡섬 대모험",South Korea,Kim Hyun-ho Yoon Je-wan,,CGI animation,2017,12,7,True,78.0,standart
Pretty Cure Dream Stars!,Japan,Hiroshi Miyamoto,Toei Animation,Traditional,2017,3,18,False,71.0,standart
Rabbit School: Guardians of the Golden Egg Die Häschenscule – Jagd nach dem Goldenen Ei,Germany,Ute von Münchow-Pohl [ fr ],Akkord Film Produktion GmbH,CGI animation,2017,3,16,False,76.0,standart
Resident Evil: Vendetta,Japan,Takanori Tsujimoto,Sony Pictures Entertainment Japan Marza Animation Planet,CGI animation,2017,5,27,False,97.0,long
Seitokai Yakuindomo: The Movie,Japan,Hiromitsu Kanazawa,GoHands,Traditional,2017,7,21,False,60.0,standart
The Shower 소나기 ( So-na-gi ),South Korea,Jae-hoon Ahn,Meditation With a Pencil EBS,Traditional,2017,8,31,False,48.0,standart
Si Juki the Movie,Indonesia,Faza Meonk,Falcon Pictures,Traditional,2017,12,28,True,110.0,long
Shimajiro and the Rainbow Oasis,Japan,Isamu Hirabayashi,"Benesse The Answer Studio Co., Ltd.",Traditional/Live-action,2017,3,10,False,71.0,standart
Sound! Euphonium: The Movie – May the Melody Reach You!,Japan,Taichi Ogawa,Kyoto Animation,Traditional,2017,9,30,False,105.0,long
Space Battleship Yamato 2202: Warriors of Love,Japan,Nobuyoshi Habara,Xebec,Traditional,2017,2,25,False,,
Scooby-Doo! Shaggy's Showdown,United States,Matt Peters,Warner Bros. Animation Hanna-Barbera,Traditional,2017,1,31,False,80.0,standart
Surf's Up 2: WaveMania,United States,Henry Yu,Sony Pictures Animation,CGI animation,2017,1,17,False,84.0,standart
The Swan Princess: Royally Undercover,United States,Richard Rich,Nest Family Entertainment StreetLight Animation Productions,CGI animation,2017,3,28,False,79.0,standart
Sword Art Online The Movie: Ordinal Scale,Japan,Tomohiko Ito,A-1 Pictures,Traditional,2017,2,18,False,120.0,long
Tales from the Lakeside hu:Lengemesék [ citation needed ],Hungary,Zsolt Pálfi,Cinemon Entertainment,Traditional,2017,4,27,False,65.0,standart
T-Guardians,China South Korea,Yan Huang Yu Shen,,CGI animation,2017,8,4,False,89.0,standart
Three Heroes and the King of the Sea Три богатыря и морской царь,Russia,Konstantin Feoktistov,Melnitsa Animation Studio,Traditional,2017,1,1,False,75.0,standart
Three Heroes and the Princess of Egypt Три богатыря и принцесса Египта,Russia,Konstantin Feoktistov,Melnitsa Animation Studio,Traditional,2017,12,28,True,75.0,standart
Tofu,China,Joey Zou,Kingkey Animation Studios,CGI animation,2017,7,28,False,81.0,standart
Trinity Seven the Movie: The Eternal Library and the Alchemist Girl,Japan,Hiroshi Nishikiori,Seven Arcs Pictures,Traditional,2017,2,25,False,55.0,standart
Yowamushi Pedal: Re:GENERATION,Japan,Osamu Nabeshima,TMS/8PAN,Traditional,2017,10,13,False,90.0,standart
3 Bahadur: Rise of the Warriors,Pakistan,Sharmeen Obaid-Chinoy,Waadi Animations,CG animation,2018,12,14,True,94.0,long
Alibaba and the Three Golden Hair 阿里巴巴三根金发 ( Ali baba sangen jin fa ),China,Jiang Yefeng,,CG animation,2018,12,30,True,85.0,standart
Anpanman: Shine! Kulun And The Stars Of Life ja:それいけ!アンパンマン かがやけ!クルンといのちの星,Japan,Hiroyuki Yano,"Anpanman Production Committee, TMS Entertainment",Traditional,2018,6,30,False,62.0,standart
Asterix: The Secret of the Magic Potion Asterix: The Secret Of The Magic Potion [ citation needed ],France,"Alexandre Astier, Louis Clichy","SND, Mikros Image",CG animation,2018,12,5,True,87.0,standart
Attack on Titan: The Roar of Awakening,Japan,"Tetsurō Araki , Masashi Koizuka",Wit Studio,Traditional,2018,1,13,False,120.0,long
Bad Boss 나쁜 상사,South Korea,Unknown,CJ ENM,Traditional,2018,8,7,False,103.0,long
Bamse and the Thunderbell Bamse och dunderklockan [ citation needed ],Sweden,"Christian Ryltenius, Maria Blom",SF Studios,Traditional,2018,12,21,True,65.0,standart
Boonie Bears: The Big Shrink,China,Liang Ding,,CG animation,2018,2,16,False,90.0,standart
The Boxcar Children: Surprise Island,United States,Anna Chi Mark A.Z. Dippé Wonjae Lee,"Blueberry Pictures, Legacy Classics Family Entertainment",CG animation,2018,5,8,False,81.0,standart
Bumblebee,United States China,Travis Knight,Paramount Pictures Allspark Pictures Bay Films Di Bonaventura Pictures Tencent Pictures,CGI/Live-Action,2018,12,21,True,114.0,long
Bungo Stray Dogs: Dead Apple,Japan,Takuya Igarashi,Bones,Traditional,2018,3,3,False,90.0,standart
Capt'n Sharky Käpt'n Sharky [ citation needed ],Germany,"Jan Stoltz, Hubert Weiland","Caligari Film, Universum Film",CG animation,2018,8,30,False,73.0,standart
Cats and Peachtopia,China,Gary Wang,Light Chaser Animation Studios,CG animation,2018,4,5,False,105.0,long
Cattle Hill KuToppen [ citation needed ],Norway,Lise I. Osvoll,"Qvisten Animation , The Lipp, Vigmostad & Bjørke",CG animation,2018,10,19,False,66.0,standart
Checkered Ninja Ternet Ninja [ citation needed ],Denmark,"Thorbjørn Christoffersen, Anders Matthesen","A. Film , Pop Up Production, Sudoku ApS",CG animation,2018,12,25,True,81.0,standart
Code Geass Lelouch of the Resurrection the Movie: Imperial Path,Japan,Gorō Taniguchi,Sunrise,Traditional,2018,5,26,False,,
Code Geass Lelouch of the Resurrection the Movie: Rebellion Path,Japan,Gorō Taniguchi,Sunrise,Traditional,2018,2,10,False,,
Crayon Shin-chan: Burst Serving! Kung Fu Boys ~Ramen Rebellion~,Japan,Wataru Takahashi,Toho,Traditional,2018,4,13,False,104.0,long
Detective Conan: Zero the Enforcer,Japan,Tachikawa Yuzuru,"Toho Company, Ltd.",Traditional,2018,4,13,False,110.0,long
Digimon Adventure tri. Future,Japan,Keitaro Motonaga,Toei Animation,Traditional,2018,5,5,False,97.0,long
The Donkey King,Pakistan,Aziz Jindani,Talisman Studios,CG animation,2018,10,13,False,105.0,long
Doraemon the Movie: Nobita's Treasure Island,Japan,Kazuaki Imai,Toho,Traditional,2018,3,3,False,108.0,long
Dragon Ball Super: Broly,Japan,Tatsuya Nagamine,Toei Animation,Traditional,2018,12,14,True,100.0,long
Enchanted Princess Чудо-Юдо,Russia,Artyom Lukichev,Karo Premiere,Traditional,2018,1,1,False,75.0,standart
Gekijōban Haikara-san ga Tōru Kōhen – Tokyo Dai Roman,Japan,"Kazuhiro Furuhashi , Toshiaki Kidokoro",Nippon Animation,Traditional,2018,10,19,False,105.0,long
Girls und Panzer: Dai 63 Kai Sensha-dou Zenkoku Koukousei Taikai Soushuuhen,Japan,Tsutomu Mizushima,Actas,Traditional,2017,11,11,True,122.0,long
Godzilla: City on the Edge of Battle,Japan,Hiroyuki Seshita Kōbun Shizuno,Polygon Pictures,Traditional,2018,5,18,False,100.0,long
Hanuman vs Mahiravana,India,Ezhil Vendan,Green Gold Animations,CG Animation,2018,7,6,False,96.0,long
Happy Little Submarine: 20000 Leagues under the Sea,China,Yu Shen,Shenzhen GDC,Traditional,2018,6,1,False,75.0,standart
The Haunted House: The Secret of the Cave 신비아파트: 금빛 도깨비와 비밀의 동굴,South Korea,Kim Byung-gab,"CJ ENM , Studio BAZOOKA",Traditional,2018,7,25,False,68.0,standart
Henchmen,Canada,Adam Wood,Bron Studios,CG animation,2018,12,7,True,89.0,standart
Howard Lovecraft and the Kingdom of Madness,Canada,Sean Patrick O'Reilly,Arcana Studio,CG animation,2018,12,4,True,75.0,standart
I Want to Eat Your Pancreas Kimi no Suizō o Tabetai,Japan,Shinichiro Ushijima,Studio VOLN,Traditional,2018,9,1,False,108.0,long
Infini-T Force the Movie and Infinimals Forces,Japan,Jun Matsumoto,Tatsunoko Production Digital Frontier,CG animation,2018,2,24,False,90.0,standart
Kase-san and Morning Glories,Japan,Takuya Satō,Zexcs,Traditional,2018,6,9,False,58.0,standart
Kikoriki. Deja Vu Смешарики. Дежавю,Russia,Denis Chernov,Petersburg Animation Studio,CG animation,2018,4,26,False,85.0,standart
King Şakir: Let the Game Begin Kral Şakir: Oyun Zamani,Turkey,"Haluk Can Dizdaroglu, Berk Tokay",Grafi2000 BKM,CG animation,2018,5,11,False,74.0,standart
The Ladybug,China,Ding Shi,Its Cartoon Animation Studio,CG animation,2018,2,2,False,75.0,standart
Leo Da Vinci: Mission Mona Lisa [ citation needed ],Italy Poland,Sergio Manfio,Gruppo Alcuni,CG animation,2018,1,11,False,85.0,standart
La Leyenda del Charro Negro,Mexico,Alberto Rodriguez,Ánima Estudios,Flash animation,2018,1,19,False,85.0,standart
Liz and the Blue Bird Rizu to Aoi tori,Japan,Naoko Yamada,Kyoto Animation,Traditional,2018,4,21,False,90.0,standart
Louis & Luca – Mission to the Moon Solan og Ludvig –  Månelyst i Flåklypa,Norway,Rasmus A. Sivertsen,"Maipo Film, Qvisten Animation",Stop motion,2018,9,21,False,80.0,standart
"Love, Chunibyo & Other Delusions! Take on Me",Japan,Tatsuya Ishihara,Kyoto Animation,Traditional,2018,1,6,False,90.0,standart
Macross Delta the Movie: Passionate Walkūre,Japan,Kenji Yasuda,Studio Nue Satelight,Traditional,2018,2,9,False,119.0,long
Magic Birds: The Movie,Greece,Nikos Vergitsis,Art Toons,Traditional,2018,1,15,False,,
Magic Mirror 2,China,Chengfeng Zheng Yang Li,"Huaxia Film Distribution Co., Ltd Beijing Yingshikong Media Co., Ltd",Traditional,2018,6,1,False,,
Magical Girl Lyrical Nanoha Detonation,Japan,Takayuki Hamana,Seven Arcs,Traditional,2018,10,19,False,111.0,long
Maquia: When the Promised Flower Blooms Sayonara no Asa ni Yakusoku no Hana o Kazarō,Japan,Mari Okada,P.A. Works,CG animation / Traditional,2018,2,24,False,115.0,long
Marcianos vs. Mexicanos,Mexico,Gabriel Riva Palacio Alatriste Rodolfo Riva Palacio Alatriste,Huevocartoon Producciones,Traditional,2018,3,9,False,87.0,standart
Modest Heroes ちいさな英雄-カニとタマゴと透明人間-,Japan,"Hiromasa Yonebayashi , Yoshiyuki Momose , Akihiko Yamashita",Studio Ponoc,Traditional,2018,8,24,False,53.0,standart
Motel Rose 장미여관 ( Jang-mi-yeo-gwan ),South Korea,Yeo Eun-a,,Traditional,2018,10,19,False,77.0,standart
Mugworth El veritable conte de Nadal,Spain,Marc Fernandez,,Traditional,2018,11,7,True,70.0,standart
Natsume's Book of Friends the Movie,Japan,"Takahiro Omori, Hideaki Itō",Shuka,Traditional,2018,9,29,False,104.0,long
Next Gen [ citation needed ],Canada United States,"Kevin R. Adams, Joe Ksander",Baozou Manhua / Alibaba Pictures / Tangent Animation,CG Animation,2018,9,7,False,105.0,long
Non Non Biyori Vacation,Japan,Shin'ya Kawatsura,Silver Link,Traditional,2018,8,25,False,71.0,standart
Norm of the North: Keys to the Kingdom,United States,"Tim Maltby, Richard Finn (co-director)",Assemblage Entertainment / Discreet Arts Productions / Lionsgate / Splash Entertainment,CG animation,2018,8,9,False,91.0,long
Okko's Inn Waka Okami wa Shogakusei! [ citation needed ],Japan,Kitarô Kôsaka,Madhouse Inc.,Traditional,2018,6,11,False,94.0,long
Ploey: You Never Fly Alone Lói – Þú flýgur aldrei einn,Iceland,Árni Ásgeirsson,GunHill Cyborn,CG animation,2018,2,2,False,82.0,standart
Pocoyo And the League of Extraordinary Super Friends,Spain,Andy Yekes,Zinkia Entertainment,CG animation,2018,6,22,False,49.0,standart
Pokémon the Movie: The Power of Us,Japan,Tetsuo Yajima,OLM Wit Studio,Traditional,2018,7,13,False,100.0,long
Pretty Cure Super Stars!,Japan,Yōko Ikeda,Toei Animation,Traditional,2018,3,17,False,,
The Princess and the Dragon Принцесса и Дракон,Russia,Marina Nefedova,Licensing Brands AA Studio,CG animation,2018,8,23,False,75.0,standart
Racetime La course des Tuques [ citation needed ],Canada,"Benoit Godbout, François Brisson",CarpeDiem Film,CG animation,2018,12,7,True,89.0,standart
Ready Player One (film),United States,Steven Spielberg,Warner Bros. Pictures,CG/Live-action,2018,3,29,False,140.0,long
Sadko Садко,Russia,Vitaly Mukhametzianov,InlayFilm CTB Film Company,CG animation,2018,5,24,False,81.0,standart
The Seven Deadly Sins the Movie: Prisoners of the Sky,Japan,"Noriyuki Abe , Yasuto Nishikata",A-1 Pictures,Traditional,2018,8,18,False,99.0,long
Shimajiro the Movie: Adventures on Magic Island,Japan,"Hiroshi Kawamata, Hiro Takashima",Benesse Toho Sony Music Direct,CG animation,2018,3,9,False,52.0,standart
Smallfoot,United States,Karey Kirkpatrick,Warner Animation Group,CG animation,2018,9,28,False,96.0,long
The Swan Princess: A Royal Myztery,United States,Richard Rich,Sony Pictures Home Entertainment Crest Animation Productions,CG Animation,2018,3,27,False,79.0,standart
Tabaluga [ citation needed ],Germany,Sven Unterwaldt,"Awesometown Entertainment, Deutsche Columbia, Tempest Film, Trixter",CG Animation,2018,12,6,True,90.0,standart
The Three Heroes. The Heiress to the Throne Три богатыря и наследница престола,Russia,Konstantin Bronzit,Melnitsa Animation Studio,Traditional,2018,12,27,True,81.0,standart
Troll: The Tale of a Tail [ citation needed ],Canada Norway,Kevin Munroe,Sagatoon,CG animation,2018,12,25,True,91.0,long
Two Tails Два Хвоста,Russia,Victor Azeev,Licensing Brands,CG animation,2018,5,31,False,77.0,standart
Up and Away Hodja fra Pjort [ citation needed ],Denmark,Karsten Kiilerich,A film,CG animation,2018,2,8,False,81.0,standart
Vitello [ citation needed ],Denmark,Dorte Bengtson,Ja Film,Traditional,2018,2,1,False,72.0,standart
Wheely: Fast & Hilarious,Malaysia,"Yusry Abd Halim (as Yusry Abdul Halim), Carl Mendez",Kartun Studios Malaysia,CG animation,2018,8,16,False,90.0,standart
Willy and the Guardians of the Lake hu:Lengemesék 2 - Tél a nádtengeren [ citation needed ],Hungary,Zsolt Pálfi,Cinemon Entertainment Vertigo Média,Traditional,2018,12,6,True,70.0,standart
Zokuowarimonogatari,Japan,TBA,Shaft,Traditional,2018,11,10,True,148.0,long
Alice-Miranda Friends Forever,Australia,Jo Boag,SLR Productions,Flash animation,2019,11,14,True,83.0,standart
Anpanman: Twinkle! Princess Vanilla of Ice Cream Land ja:それいけ!アンパンマン きらめけ!アイスの国のバニラ姫,Japan,Hiroyuki Yano,"Anpanman Production Committee, TMS Entertainment",Traditional,2019,6,28,False,62.0,standart
Arctic Dogs,Canada United States,Aaron Woodley,Assemblage Entertainment AMBI Media Group AIC Studios,CG animation,2019,11,1,True,93.0,long
The Big Trip,Russia United States,Vasily Rovensky Natalya Nilova,Licensing Brands,CG animation,2019,4,12,False,84.0,standart
Birds of a Feather Manou the Swift [ citation needed ],Germany,Christian Haas Andrea Block,LUXX Film,CG animation,2019,2,28,False,90.0,standart
BoBoiBoy Movie 2,Malaysia,Nizam Razak,Animonsta Studios,CG animation,2019,8,8,False,110.0,long
Boonie Bears: Blast Into the Past Xiong chu mo: Yuan shi shi dai,China,Liang Ding Huida Lin,Tianjiin Lechuang Pictures Fantawild Pictures,CG animation,2019,2,5,False,90.0,standart
Brave Rabbit 3: the Crazy Time Machine 闯堂兔3囧囧时光机,China,Zeng Xianlin,,CG animation,2019,1,18,False,88.0,standart
Chhota Bheem: Kung Fu Dhamaka,India,Rajiv Chilaka,Green Gold Animations,CG animation,2019,5,10,False,113.0,long
City Hunter the Movie: Shinjuku Private Eyes,Japan,Kenji Kodama,Sunrise,Traditional,2019,2,8,False,95.0,long
Clara,Ukraine,Oleksandr Klymenko,Image Pictures,CG animation,2019,10,26,False,87.0,standart
Code Geass: Lelouch of the Re;surrection,Japan,Goro Taniguchi,Sunrise,Traditional,2019,2,9,False,114.0,long
Curious George: Royal Monkey,United States,Norton Virgien,Universal Animation Studios Imagine Entertainment Universal 1440 Entertainment Tycoon Animation BV Animation Studio,Flash animation,2019,9,10,False,86.0,standart
Detective Conan: The Fist of Blue Sapphire,Japan,Tomoka Nagaoka,TMS Entertainment,Traditional,2019,4,12,False,109.0,long
Dora and the Lost City of Gold,United States,James Bobin,Paramount Players Nickelodeon Movies Walden Media MRC Burr! Productions,CG Animation Live-action,2019,8,9,False,102.0,long
Doraemon: Nobita's Chronicle of the Moon Exploration,Japan,Shinnosuke Yakuwa,Fujiko Pro Shogakukan-Shueisha Productions TV Asahi Shin-Ei Animation Asatsu-ADK,Traditional,2019,3,1,False,111.0,long
Dragon Quest: Your Story,Japan,Ryūichi Yagi Makoto Hanabusa,Shirogumi,CG animation,2019,7,16,False,102.0,long
Ejen Ali: The Movie,Malaysia,Usamah Zaid Yasin,WAU Animation,CG animation,2019,11,28,True,97.0,long
Fantastic Return to Oz Урфин Джюс возвращается,Russia,Fyodor Dmitriev,Melnitsa Animation Studio,CG animation,2019,10,24,False,77.0,standart
Fate/kaleid liner Prisma Illya: Prisma Phantasm,Japan,Shin Oonuma,Silver Link,Traditional,2019,6,14,False,62.0,standart
Fate/stay night: Heaven's Feel II. Lost Butterfly,Japan,Tomonori Sudō,Ufotable,Traditional,2019,1,12,False,117.0,long
Fixies Vs. Crabots Фиксики против кработов,Russia,Oleg Uzhinov Vasiko Bedoshvili,Aeroplane JSC Blitz Films,CG animation,2019,12,19,True,83.0,standart
Foodiverse Chihuo Yuzhou,China,Liaoyu Chen Paulette Victor-Lifton,Odin's Eye Entertainment,CG animation,2019,12,16,True,89.0,standart
Fritzi – A Revolutionary Tale,Germany Belgium Luxembourg Czech Republic,Ralf Kukula Matthias Bruhn,Balance Film GmbH TrickStudio Lutterbeck Doghouse Films Artémis Productions MAUR Film,Traditional,2019,9,30,False,86.0,standart
GG Bond: Lollipop in Fantasy,China,Jinming Lu Zhong Yu,WinSing,CG animation,2019,7,5,False,85.0,standart
Girls und Panzer das Finale: Part 2,Japan,Tsutomu Mizushima,Actas,Traditional,2019,6,15,False,54.0,standart
The Haunted House: The Sky Goblin VS Jormungandr 신비아파트 극장판 하늘도깨비 대 요르문간드,South Korea,Byun Young-kyu,"CJ ENM , Studio BAZOOKA",Traditional,2019,12,19,True,97.0,long
Hello World! Bonjour le monde!,France,Anne-Lise Koehler Éric Serre,Kids First Normaal Animation,Stop motion,2019,10,2,False,67.0,standart
Invader Zim: Enter the Florpus,United States,Jhonen Vasquez,Netflix Nickelodeon Animation Studio,Traditional,2019,8,16,False,71.0,standart
Ivan Tsarevich and the Gray Wolf 4 Иван Царевич и Серый волк 4,Russia,Darina Schmidt Konstantin Feoktistov,Melnitsa Animation Studio,Traditional,2019,12,26,True,88.0,standart
Kiangnan 1894,China,Xiaogang Wu,SMG Pictures,Traditional,2019,9,27,False,85.0,standart
Klaus,Spain United States,Sergio Pablos,SPA Studios Netflix Atresmedia Cine,Traditional CG animation,2019,11,8,True,97.0,long
Kral Şakir: Korsanlar Diyari,Turkey,Haluk Can Dizdaroglu Berk Tokay,Grafi2000 BKM,CG animation,2019,10,4,False,93.0,long
The Kuflis 2 hu:Mi újság kuflik?,Hungary,Kristóf Jurik Géza M. Tóth,KEDD Animation Studio,CG 2D animation,2019,10,3,False,77.0,standart
Lotte and the Lost Dragons Lotte ja kadunud lohed [ citation needed ],Latvia Estonia,Heiki Ernits Janno Põldma,Eesti Joonisfilm Rija Films,Traditional,2019,1,4,False,78.0,standart
Love Live! Sunshine!! The School Idol Movie: Over the Rainbow,Japan,Kazuo Sakai,Sunrise,Traditional,2019,1,4,False,100.0,long
Master Jiang and the Six Kingdoms,China,Li Wei Pei Fei,DigiToon CUC Anima,Traditional CG animation,2020,10,1,False,110.0,long
Monty and the Street Party,Denmark Belgium,Anders Morgenthaler Mikael Wulff,Zentropa Entertainments New Creations Caviar Films,CG animation,2019,9,26,False,80.0,standart
My Hero Academia: Heroes Rising 僕のヒーローアカデミア THE MOVIE ヒーローズ:ライジング,Japan,Kenji Nagasaki,Bones,Traditional,2019,12,20,True,104.0,long
Ni no Kuni,Japan,Yoshiyuki Momose,"OLM, Inc.",Traditional,2019,8,23,False,106.0,long
Norm of the North: King Sized Adventure,United States,Richard Finn Tim Maltby,Assemblage Entertainment Dream Factory Group Splash Entertainment,CG animation,2019,6,11,False,90.0,standart
The Old Man Vanamehe film,Estonia,Mikk Mägi Oskar Lehemaa,BOP Animation,Stop motion,2019,9,27,False,88.0,standart
On-Gaku: Our Sound,Japan,Kenji Iwaisawa,Rock’n Roll Mountain Tip Top,Traditional,2019,9,26,False,71.0,standart
Osomatsu-san the Movie,Japan,Yōichi Fujita,Pierrot,Traditional,2019,3,15,False,108.0,long
Peppa Celebrates Chinese New Year,United Kingdom,Dapeng Zhang,Astley Baker Davies Ltd Entertainment One,Flash animation,2019,2,5,False,81.0,standart
Peppa Pig: Festival of Fun,United Kingdom,Neville Astley Mark Baker,Astley Baker Davies Ltd Entertainment One,Flash animation,2019,4,5,False,68.0,standart
Pets United,Germany China United Kingdom,Reinhard Klooss,Joyhil Media And Culture Screencraft Entertainment Timeless Films Eurosino Entertainment GmbH China Film Group Fish Blowing Bubbles PlayArte Pictures,CG animation,2019,11,8,True,92.0,long
The Pilgrim's Progress,United States,Robert Fernandez,Cat In The Mill Studio,CG animation,2019,4,18,False,113.0,long
Pororo Movie: Great Adventure on Treasure Island 뽀로로 극장판 보물섬 대모험,South Korea,Kim Hyun-ho Yoon Chang-seop,,CG animation,2019,4,25,False,79.0,standart
Princess Emmy [ citation needed ],France Germany Belgium United Kingdom,Piet De Rycker [ fr ],Animationsfabrik Red Kite Animations Studio 100 Witebox,Traditional,2019,3,28,False,78.0,standart
Princess Principal 2: Episode 1,Japan,Masaki Tachibana,Studio 3Hz Actas,Traditional,2019,9,23,False,,
Qiaohu and the Fantastic Flying Ship,China Japan,Kawamura Tomohiro,Benesse,CG animation,2019,6,1,False,80.0,standart
Rascal Does Not Dream of a Dreaming Girl,Japan,Sōichi Masui,CloverWorks,Traditional,2019,6,15,False,89.0,standart
Rocko's Modern Life: Static Cling,United States,Joe Murray,Netflix Nickelodeon Animation Studio,Traditional,2019,8,9,False,45.0,short
Shimajiro the Movie: Shimajiro and Ururu's Hero Island,Japan Indonesia China,Takamitsu Kawamura Ryoji Aoki,Benesse Toho Sony Music Direct,Live Action Traditional,2019,3,15,False,58.0,standart
Sound! Euphonium: The Movie – Our Promise: A Brand New Day,Japan,Tatsuya Ishihara,Kyoto Animation,Traditional,2019,4,19,False,100.0,long
StarDog and TurboCat,United Kingdom,Ben Smith,Head Gear Films,CG animation,2019,12,6,True,90.0,standart
Steven Universe: The Movie,United States,Rebecca Sugar Joe Johnston (co) Kat Morris (co),Cartoon Network Studios,Traditional,2019,9,2,False,82.0,standart
The Swan Princess: Kingdom of Music,United States,Richard Rich,Sony Pictures Home Entertainment Crest Animation Productions,CG Animation,2019,8,6,False,82.0,standart
The Test of Time De tand des tijds,Netherlands,Joost Van Den Bosch Erik Verkerk,Eyeworks BosBros Eén,Flash animation,2019,2,21,False,72.0,standart
UglyDolls,United States,Kelly Asbury [ 199 ],STX Entertainment,CG animation,2019,5,3,False,87.0,standart
Upin & Ipin: Keris Siamang Tunggal Upin & Ipin: The Lone Gibbon Kris,Malaysia,Ahmad Razuri Roseli Adam Amiruddin Syed Nurfaiz Khalid Syed Ibrahim,Les' Copaque Production,CG animation,2019,3,21,False,100.0,long
Urbanus: Cash for Trash Urbanus: De Vuilnisheld,Belgium Netherlands,Joost Van Den Bosch Erik Verkerk,The Film Kitchen,Flash animation,2019,2,27,False,82.0,standart
Weathering with You Tenki no Ko,Japan,Makoto Shinkai,CoMix Wave Films,Traditional,2019,7,19,False,112.0,long
White Snake 白蛇：缘起 ( Bai she: yuan qi ),China,Amp Wong,Light Chaser Animation Studios Warner Bros.,CG animation,2019,1,11,False,99.0,long
The Wonderland,Japan,Keiichi Hara,Fuji TV Dentsu Aniplex,Traditional,2019,4,26,False,115.0,long
Wonder Woman: Bloodlines,United States,Sam Liu Justin Copeland,Warner Bros. Animation DC Entertainment,Traditional,2019,10,5,False,79.0,standart
ACCA: 13-Territory Inspection Dept. – Regards,Japan,Shingo Natsume,Madhouse,Traditional,2020,2,14,False,47.0,standart
A Costume for Nicholas Un disfraz para Nicolás,Mexico,Eduardo Rivero,Fotosíntesis Media,Traditional Flash animation,2020,9,3,False,80.0,standart
Alibaba and the Magic Lamp,China,Zhu Ge,Beijing Yingwo Culture Media Co Ltd.,CG animation,2020,8,29,False,80.0,standart
Alien Xmas,United States,Stephen Chiodo,Chiodo Brothers Productions Golem Creations Sonar Entertainment Netflix,Stop-motion,2020,11,20,True,42.0,short
Altered Carbon: Resleeved,Japan United States,Takeru Nakajima Yoshiyuki Okada,Studio Anima Netflix,Traditional,2020,3,19,False,74.0,standart
Angela's Christmas Wish,Ireland,Damien O'Connor,Brown Bag Films,CG animation,2020,12,1,True,47.0,standart
Avera and the mystical Kingdom 2,China,Dai Chang Hao,Hefei Chuangxin Fuhao Entertainment Co Ltd.,Traditional,2020,8,24,False,81.0,standart
A Whisker Away,Japan,Junichi Sato Tomotaka Shibayama,Studio Colorido,Traditional,2020,6,18,False,104.0,long
Barbie: Princess Adventure,Canada,Conrad Helten,Mattel,CG animation,2020,9,1,False,72.0,standart
Barkers: Mind the Cats! Барбоскины на даче,Russia,Elena Galdobina Fyodor Dmitriev,Melnitsa Animation Studio CTB Film Company,CG animation,2020,12,24,True,77.0,standart
Batman: Death in the Family,United States,Brandon Vietti,Warner Bros. Animation DC Entertainment,Traditional,2020,10,13,False,18.0,short
Beauty Water,South Korea,Kyung-hun Cho,SS ANIMENT INC. Byungjin JEON STUDIO ANIMA,Traditional,2020,9,9,False,85.0,standart
BEM: Become Human,Japan,Hiroshi Ikehata,Production I.G,Traditional,2020,10,2,False,90.0,standart
Ben 10 Versus the Universe: The Movie,United States,Man of Action,Cartoon Network Studios,Traditional,2020,10,10,False,72.0,standart
Bobbleheads: The Movie,United States,Kirk Wise,Universal Pictures Home Entertainment,CG animation,2020,12,8,True,82.0,standart
Burn the Witch,Japan,Tatsuro Kawano,Studio Colorido,Traditional,2020,10,2,False,63.0,standart
Casa: Perros vs. Aliens,Spain,Bruno Vega,BrocoTree Animation,Stop-motion,2020,10,2,False,73.0,standart
China Panda,China,Fengcheng Wang,Changzhou David Brothers Entertainment Co Ltd.,Traditional,2020,11,1,True,,
Christmas at Cattle Hill Jul på KuToppen [ citation needed ],Norway,Will Ashurst,Qvisten Animation,CG animation,2020,11,6,True,68.0,standart
A Christmas Carol,United Kingdom,Jacqui Morris,Frith Street Films,CG animation Live action,2020,11,20,True,95.0,long
Conni - Secret of Mau the Cat,Germany,Ansgar Niebuhr,Youngfilms Senator Film Produktion,CG animation,2020,7,2,False,76.0,standart
Crayon Shin-chan: Crash! Rakuga Kingdom and Almost Four Heroes,Japan,Takahiko Kyōgoku,Shin-Ei Animation,Traditional,2020,9,11,False,103.0,long
The Croods: A New Age,United States,Joel Crawford,Universal Pictures DreamWorks Animation,CG animation,2020,11,25,True,95.0,long
"Curious George: Go West, Go Wild",United States,Michael LaBash,Peacock Universal Pictures Home Entertainment Universal Animation Studios Imagine Entertainment,Flash animation,2020,9,8,False,85.0,standart
Date A Bullet: Dead or Bullet,Japan,Jun Nakagawa,Geek Toys,Traditional,2020,8,14,False,24.0,short
Date A Bullet: Nightmare or Queen,Japan,Jun Nakagawa,Geek Toys,Traditional,2020,11,13,True,29.0,short
Demon Slayer: Kimetsu no Yaiba – The Movie: Mugen Train,Japan,Haruo Sotozak,Ufotable,Traditional,2020,10,16,False,117.0,long
Digimon Adventure: Last Evolution Kizuna,Japan,Tomohisa Taguchi,Yumeta Company,Traditional,2020,2,21,False,94.0,long
Dragon Rider,Germany Belgium,Tomer Eshed,Constantin Film,CG animation,2020,10,1,False,92.0,long
Dreambuilders Drømmebyggerne,Denmark,Kim Hagen Jensen,Sola Media,CG animation,2020,2,6,False,81.0,standart
Doraemon: Nobita's New Dinosaur,Japan,Kazuaki Imai,Toho,Traditional,2020,8,7,False,111.0,long
El Camino de Xico,Mexico,Eric Cabello,Ánima Estudios,Flash animation,2020,11,12,True,86.0,standart
Ella Bella Bingo Elleville Elfrid,Norway,Atle Solberg Blakseth Frank Mosvold,Gimpville AS Kool Production AS,CG animation,2020,1,24,False,75.0,standart
Fate/Grand Order: Camelot – Wandering; Agaterám,Japan,Kei Suezawa,Signal.MD,Traditional,2020,12,5,True,89.0,standart
Fate/stay night: Heaven's Feel III. spring song,Japan,Tomonori Sudō,Ufotable,Traditional,2020,8,15,False,122.0,long
Fearless,Canada United States,Cory Edwards,Vanguard Animation 3QU Media Netflix,CG animation,2020,8,14,False,89.0,standart
Given,Japan,Hikaru Yamaguchib,Lerche,Traditional,2020,8,22,False,59.0,standart
Goblin Slayer: Goblin's Crown,Japan,Takaharu Ozaki,White Fox,Traditional,2020,2,1,False,85.0,standart
"Guangyu, God of War",China,Zhizhong Cai,Beijing Weifeng Media Co Ltd.,CG animation,2020,1,11,False,87.0,standart
Grisaia: Phantom Trigger the Animation Stargazer,Japan,Tensho,Bibury Animation Studios,Traditional,2020,11,27,True,60.0,standart
Happy-Go-Lucky Days,Japan,Takuya Satō,Liden Films Kyoto Studio,Traditional,2020,10,23,False,54.0,standart
"Happy Halloween, Scooby Doo!",United States,Maxwell Atoms,Warner Bros. Animation Hanna-Barbera,Traditional,2020,10,6,False,80.0,standart
"""Hataraku Saibō!!"" Saikyō no Teki, Futatabi. Karada no Naka wa ""Chō"" Ōsawagi!",Japan,Hirofumi Ogura,David Production,Traditional,2020,9,5,False,115.0,long
The Hero Battle,China,Lu Dexinag,Shenzhen GDC Entertainment Co Ltd.,CG animation,2020,1,17,False,,
High School Fleet: The Movie,Japan,Yuu Nobuta Jun Nakagawa,A-1 Pictures,Traditional,2020,1,18,False,105.0,long
Horse Julius and Big Horse Racing,Russia,Darina Schmidt Konstantin Feoktistov,Melnitsa Animation Studio CTB Film Company,Traditional,2020,12,31,True,77.0,standart
The Island of Giant Insects,Japan,Takeo Takahashi,Passione,Traditional,2020,1,10,False,76.0,standart
Jiang Ziya: Legend Of Deification,China,Cheng Teng Li Wei,Beijing Enlight Pictures,CG animation,2020,10,1,False,110.0,long
Josep,France Belgium Spain,Aurel,Les Films d’Ici Méditerranée Les Films du Poisson Rouge In Effecto Tchack Les Films d’Ici Lunanime Promenons-nous dans les bois,Traditional,2020,9,30,False,74.0,standart
Jumper. Treasure Hunting 3D Прыг Скок в поисках сокровищ,Russia Kazakhstan,Arman Beisembayev,Cinema Tone Production Media Base,CG animation,2020,9,17,False,72.0,standart
The Juvenile of King Yu,China,Jinbao Li,Hefei diffuse Film Co Ltd.,Traditional,2020,8,21,False,90.0,standart
Kung Fu Mulan,China,Guanghua Liao,Guangzhou Jinchuan Media Co Ltd.,CG animation,2020,10,3,False,100.0,long
Kud Wafter,Japan,Yoshinobu Yamakawa,J.C. Staff,Traditional,2020,11,28,True,50.0,standart
Lady Buckit and the Motley Mopsters,Nigeria,Adebisi Adetayo,Hot Ticket Productions,CG animation,2020,12,11,True,80.0,standart
La liga de los 5,Mexico,Marvick Núñez,Ánima Estudios,Flash animation,2020,1,10,False,89.0,standart
The Larva Island Movie,South Korea,Byoung-Wook Ahn,TUBA Entertainment,CG animation,2020,7,23,False,89.0,standart
L'étranger de la Plage,Japan,Akiyo Ohashi,Studio Hibari,Traditional,2020,9,11,False,59.0,standart
"Love Me, Love Me Not",Japan,Toshimasa Kuroyanagi,A-1 Pictures,Traditional,2020,9,18,False,103.0,long
Made in Abyss: Dawn of the Deep Soul,Japan,Masayuki Kojima,Kinema Citrus,Traditional,2020,1,17,False,105.0,long
Magic Arch 3D Полное погружение,Russia,Vasiliy Rovenskiy,Licensing Brands Cinema Fund,CG animation,2020,12,3,True,83.0,standart
The Magnificent Kotobuki Complete Edition,Japan,Tsutomu Mizushima,GEMBA,Traditional,2020,9,11,False,119.0,long
Marudase Kintarō,Japan,Hideki Araki,Seven,Traditional,2020,12,9,True,9.0,short
Masameer: The Movie,Saudi Arabia,Malik Nejer,Myrkott Animation Studio,Flash animation,2020,1,9,False,110.0,long
Mr.Miao,China,Lingxiao Li,Gudong animation studio,Traditional,2020,7,31,False,89.0,standart
Monster Strike The Movie: Lucifer Zetsubō no Yoake,Japan,Kobun Shizuno,Anima Dynamo Pictures,Traditional,2020,11,6,True,127.0,long
Mortal Kombat Legends: Scorpion's Revenge,United States,Ethan Spaulding,Warner Bros. Animation NetherRealm Studios,Traditional,2020,4,14,False,80.0,standart
Norm of the North: Family Vacation,United States India,Anthony Bell,Assemblage Entertainment Dream Factory Group Splash Entertainment,CG animation,2020,2,25,False,90.0,standart
Octonauts & the Caves of Sac Actun,United Kingdom Canada,Blair Simmons,Silvergate Media Mainframe Studios,CG animation,2020,8,14,False,72.0,standart
Octonauts & the Great Barrier Reef,United Kingdom Canada,Blair Simmons,Silvergate Media Mainframe Studios,CG animation,2020,10,13,False,47.0,standart
Oresuki: Game Over,Japan,Noriaki Akitaya,Connect,Traditional,2020,9,2,False,70.0,standart
The Old Man and Two Mountains,China,Zhihong Chen Marc Handler,Toonmax Media Co Ltd.,Traditional,2020,9,9,False,,
Pat & Mat,China,Le Yang Chang Shu,"Beijing national shadow Film Publishing Co., Ltd",Stop-motion,2020,7,31,False,,
Pokémon the Movie: Secrets of the Jungle,Japan,Tetsuo Yajima,OLM,Traditional,2020,12,25,True,100.0,long
Pretty Cure Miracle Leap: A Wonderful Day with Everyone,Japan,Fukuzawa Toshinori,Toei Animation,Traditional,2020,10,31,False,70.0,standart
Poupelle of Chimney Town,Japan,Yusuke Hirota,Studio 4°C,Traditional,2020,12,25,True,101.0,long
Psycho-Pass 3: First Inspector,Japan,Naoyoshi Shiotani,Production I.G,Traditional,2020,3,27,False,137.0,long
Revue Starlight Rondo Rondo Rondo,Japan,Tomohiro Furukawa,Kinema Citrus,Traditional,2020,8,7,False,119.0,long
Saezuru Tori wa Habatakanai – The Clouds Gather,Japan,Kaori Makita,GRIZZLY,Traditional,2020,2,15,False,85.0,standart
Salute to the Heroes,China,Jianping Li Xiangnong Chen Cheng He Xia Han,China Film Animation Co Ltd. Huaxia Film Distribution Co Ltd.,CG animation,2020,10,23,False,,
Scoob!,United States,Tony Cervone,Warner Bros. Warner Animation Group Hanna-Barbera,CG animation,2020,5,15,False,94.0,long
Sekai-ichi Hatsukoi: Propose-hen,Japan,Tomoya Takahashi,Studio Deen,Traditional,2020,2,21,False,21.0,short
Shirobako: The Movie,Japan,Tsutomu Mizushima,P.A. Works,Traditional,2020,2,29,False,119.0,long
Son of Dragon God,China,Fei Rui Hua,Guangdong Tianying International Film Co Ltd.,Traditional,2020,10,24,False,,
Space Dogs: Return to Earth,Russia,Inna Evlannikova,KinoAtis Gorky Film Studios,CG animation,2020,9,24,False,80.0,standart
Stand by Me Doraemon 2,Japan,Ryūichi Yagi Takashi Yamazaki,Shin-Ei Animation Shirogumi Robot Communications,CG animation,2020,11,20,True,96.0,long
Superman: Red Son,United States,Sam Liu,Warner Bros. Animation DC Entertainment,Traditional,2020,2,25,False,84.0,standart
The Swan Princess: A Royal Wedding,United States,Richard Rich,Assemblage Entertainment Sony Wonder,CG animation,2020,8,4,False,83.0,standart
Trash,Italy,Francesco Dafano Luca della Grotta,Al One S.r.l.,CG animation,2020,10,16,False,88.0,standart
Trolls World Tour,United States,Walt Dohrn David P. Smith,Universal Pictures DreamWorks Animation,CG animation,2020,4,10,False,91.0,long
Trump vs the Illuminati,United States,BC Fourteen,Ruthless Studios,CG animation,2020,10,6,False,70.0,standart
Violet Evergarden: The Movie,Japan,Taichi Ishidate,Kyoto Animation,Traditional,2020,9,18,False,140.0,long
Wave!!: Let's Go Surfing!!,Japan,Takaharu Ozaki,Asahi Production,Traditional,2020,10,2,False,,
Wave!!: Let's Go Surfing!! Part 2,Japan,Takaharu Ozaki,Asahi Production,Traditional,2020,10,16,False,,
Wave!!: Let's Go Surfing!! Part 3,Japan,Takaharu Ozaki,Asahi Production,Traditional,2020,10,30,False,,
The Willoughbys,Canada United States,Kris Pearn Cory Evans,Netflix Bron Animation,CG animation,2020,4,22,False,92.0,long
"Yes, No, or Maybe?",Japan,Masahiro Takata,Lesprit,Traditional,2020,12,11,True,53.0,standart
You Animal!,Philippines,Avid Liongoren,Rocketsheep Studio Spring Films,Flash animation,2020,10,29,False,73.0,standart
The Addams Family 2,United States,Conrad Vernon Greg Tiernan [ 1 ],Metro-Goldwyn-Mayer United Artists Releasing,CG animation,2021,10,1,False,93.0,long
The Adventures of Qiaohu Magic Island,China,Shanghai Heyu,Benesse,CG Animation,2021,7,24,False,80.0,standart
Agent Backkom: Kings Bear,China,Zhang Yang,Alpha Pictures,CG animation,2021,7,23,False,95.0,long
Ainbo: Spirit of the Amazon,Peru Netherlands,Richard Claus Jose Zelada,Tunche Films Cool Beans,CG animation,2021,2,13,False,89.0,standart
Alephia 2053,Lebanon France,Jorj Abou Mhaya,Spring Entertainment,Traditional,2021,3,21,False,60.0,standart
Alice-Miranda A Royal Christmas Ball,Australia,Jo Boag,SLR Productions,Flash animation,2021,10,15,False,81.0,standart
America: The Motion Picture,United States,Matt Thompson,Netflix Animation Floyd County Productions Lord Miller Productions,Traditional Flash animation,2021,6,30,False,98.0,long
Go! Anpanman: Fluffy Fuwari and the Cloud Country ja:それいけ!アンパンマン ふわふわフワリーと雲の国,Japan,Jun Kawagoe,"Anpanman Production Committee, TMS Entertainment",Traditional,2021,6,25,False,63.0,standart
Aria the Benedizione,Japan,Junichi Sato (Chief) Takahiro Natori,J.C.Staff,Traditional,2021,12,3,True,60.0,standart
Aria the Crepuscolo,Japan,Junichi Sato (Chief) Takahiro Natori,J.C.Staff,Traditional,2021,3,5,False,60.0,standart
Arlo the Alligator Boy,United States,Ryan Crego,Netflix Animation Titmouse,Traditional Flash animation,2021,4,16,False,92.0,long
Around the World in 80 Days,France Belgium [ 15 ],Samuel Tourneux,Cottonwood Media,CG animation,2021,8,4,False,82.0,standart
Back to the Outback,United States,Clare Knight Harry Cripps,Netflix Animation Weed Road Pictures,CG animation,2021,12,10,True,95.0,long
Bamse and the Volcano Island Bamse och vulkanön,Sweden,Christian Ryltenius,Nordisk Film,Traditional,2021,12,22,True,70.0,standart
Barbie & Chelsea: The Lost Birthday,United States,Cassandra Mackay,Mattel Entertainment,CG animation,2021,4,16,False,60.0,standart
"Barbie: Big City, Big Dreams",United States,Scott Pleydell-Pearce,Mattel Entertainment,CG animation,2021,9,1,False,60.0,standart
Batman: Soul of the Dragon,United States,Sam Liu,Warner Bros. Animation DC Entertainment,Traditional,2021,1,12,False,83.0,standart
Batman: The Long Halloween,United States,Chris Palmer,Warner Bros. Animation DC Entertainment,Traditional,2021,7,27,False,1.0,short
Boonie Bears: The Wild Life,China,Leon Ding Shao Heqi,"China Film Co., Ltd. Lian Ray Pictures Maoyan HG Entertainment Suniverse Fantawild Animation HG Entertainment Sunac Culture Lian Ray Pictures [ 29 ]",CG animation,2021,2,12,False,99.0,long
The Boss Baby: Family Business,United States,Tom McGrath,DreamWorks Animation,CG animation,2021,7,2,False,107.0,long
Bright: Samurai Soul,Japan,Kyōhei Ishiguro,Netflix Arect,CG animation Traditional,2021,10,12,False,80.0,standart
Catalina la Catrina: Especial Día de Muertos,Mexico,Edino Israel,Ikartoons Animation,Flash Animation,2021,10,1,False,47.0,standart
Checkered Ninja 2 Ternet Ninja 2 [ citation needed ],Denmark,Thorbjørn Christoffersen Anders Matthesen,A. Film Pop Up Production Sudoku ApS,CG animation,2021,8,19,False,86.0,standart
A Crocodile Who Will Die in 100 Days 100日後に死ぬワニ,Japan,Shinichiro Ueda,TIA,Traditional,2021,7,9,False,62.0,standart
Crayon Shin-chan: Shrouded in Mystery! The Flowers of Tenkazu Academy クレヨンしんちゃん 謎メキ！花の天カス学園,Japan,Wataru Takahashi,Shin-Ei Animation,Traditional,2021,7,30,False,104.0,long
Curious George: Cape Ahoy,United States,Doug Murphy,Universal Animation Studios Imagine Entertainment Universal 1440 Entertainment,Flash animation,2021,9,30,False,90.0,standart
Dakaichi: Spain Arc,Japan,Naoyuki Tatsuwa,CloverWorks,Traditional,2021,10,9,False,78.0,standart
Detective Conan: The Scarlet Bullet 名探偵コナン 緋色の弾丸,Japan,Tomoka Nagaoka,TMS Entertainment,Traditional,2021,4,16,False,110.0,long
Diary of a Wimpy Kid,United States,Swinton O. Scott III,Walt Disney Pictures 20th Century Animation Bardel Entertainment,CG animation,2021,12,3,True,58.0,standart
Dinosaur Train: Adventure Island,United States,Craig Bartlett,The Jim Henson Company,CG animation,2021,4,12,False,85.0,standart
Dragon Princess Princesse Dragon,France,Anthony Roux Jean-Jacques Denis,Ankama France 3 Cinéma France Télévisions,Traditional,2021,12,15,True,70.0,standart
"Farewell, My Dear Cramer: First Touch さよならフットボール",Japan,Seiki Takuno,Liden Films,Traditional,2021,6,11,False,104.0,long
Fate/Grand Order: Final Singularity-Grand Temple of Time: Solomon さよならフットボール,Japan,Toshifumi Akai,CloverWorks,Traditional,2021,7,30,False,94.0,long
Fate/kaleid liner Prisma Illya: Licht - The Nameless Girl,Japan,Shin Oonuma,Silver Link,Traditional,2021,8,27,False,95.0,long
Fortune Favors Lady Nikuko,Japan,Ayumu Watanabe,Studio 4°C,Traditional,2021,6,11,False,120.0,long
Gekijōban Argonavis: Ryūsei no Obligato,Japan,Shigeru Morikawa,Sanzigen,Traditional,2021,11,19,True,89.0,standart
Gintama: The Very Final,Japan,Chizuru Miyawaki,Bandai Namco Pictures,Traditional,2021,1,8,False,104.0,long
Girls und Panzer das Finale: Part 3,Japan,Tsutomu Mizushima,Actas,Traditional,2021,3,26,False,48.0,standart
Goldbeak,China,Dong Long Nigel W. Tierney,Suzhou Pegasus Liangzi Film Tierney Corp Productions,CG animation,2021,10,1,False,94.0,long
Gora Automatikoa,Spain,Esaú Dharma David Galán Galindo Pablo Vara,39 Escalones The Other Film Production,Flash animation,2021,11,19,True,71.0,standart
Green Snake 白蛇二：青蛇劫起,China,Amp Wong,Light Chaser Animation Studios Alibaba Pictures Tianjin Maoyan Weiying Culture Media Bilibili,CG animation,2021,7,23,False,132.0,long
Healin' Good Pretty Cure the Movie: GoGo! Big Transformation! The Town of Dreams 映画ヒーリングっど♡プリキュア ゆめのまちでキュン！っとGoGo！大変身！！,Japan,Ryôta Nakamura,Toei Animation,Traditional,2021,3,20,False,70.0,standart
Hilda and The Mountain King,United States United Kingdom Canada,Andy Coyle Luke Pearson,Netflix Silvergate Media,Flash animation,2021,12,30,True,85.0,standart
The House of the Lost on the Cape 岬のマヨイガ,Japan,Shinya Kawatsura,David Production,Traditional,2021,8,27,False,100.0,long
Hula Fulla Dance,Japan,Seiji Mizushima Shinya Watada,Bandai Namco Pictures,Traditional,2021,12,3,True,109.0,long
Injustice,United States,Matt Peters,Warner Bros. Animation DC Entertainment,Traditional,2021,10,19,False,78.0,standart
The Irregular at Magic High School: Reminiscence Arc,Japan,Risako Yoshida,Eight Bit Eight Bit Niigata,Traditional,2021,12,31,True,71.0,standart
Jujutsu Kaisen 0,Japan,Sunghoo Park,MAPPA,Traditional,2021,12,24,True,105.0,long
Justice Society: World War II,United States,Jeff Wamester,Warner Bros. Animation DC Entertainment,Traditional,2021,4,27,False,84.0,standart
Khoka Theke Bangabandhu Jatir Pita,Bangladesh,Md. Hanif Siddiqui,Agami Labs,Traditional,2021,9,28,False,92.0,long
Kin-iro Mosaic: Thank You!!,Japan,Munenori Nawa,Studio Gokumi AXsiZ,Traditional,2021,8,20,False,82.0,standart
Knights of Sidonia: Love Woven in the Stars,Japan,Hiroyuki Seshita (chief) Tadahiro Yoshihira,Polygon Pictures,CG animation Traditional,2021,6,4,False,110.0,long
Koati,Mexico United States,Rodrigo Perez-Castro,Upstairs Timeless Films Latin We,Traditional,2021,10,15,False,92.0,long
Koschey: The Everlasting Story,Russia,Andrey Kolpin,Parovoz Animation Studio,CG animation,2021,10,28,False,100.0,long
Legend of Destruction,Israel United States,Gidi Dar,Eddie King Films Lama Films Memento International Nakhshon Films HOT8 Kan 11,Oil-painted Traditional,2021,7,15,False,93.0,long
The Loud House Movie,United States,Dave Needham,Netflix Nickelodeon Movies,Flash animation,2021,8,20,False,87.0,standart
Maya the Bee: The Golden Orb,Germany Australia,Noel Cleary,Buzz Studios Studio 100 Animation,CG animation,2021,1,7,False,88.0,standart
Mickey and Minnie Wish Upon a Christmas,United States,Broni Likomanov,Disney Television Animation,CG animation,2021,12,2,True,46.0,standart
Mickey's Tale of Two Witches,United States,Jeff Gordon,Disney Television Animation,CG animation,2021,10,7,False,46.0,standart
The Mitchells vs. the Machines,United States,Mike Rianda,Columbia Pictures Sony Pictures Animation Lord Miller Productions,CG animation,2021,4,23,False,114.0,long
Monster Hunter: Legends of the Guild,United States,Steve Yamamoto,Netflix Pure Imagination Studios,CG animation,2021,8,12,False,58.0,standart
Mortal Kombat Legends: Battle of the Realms,United States,Ethan Spaulding,Warner Bros. Animation NetherRealm Studios,Traditional,2021,8,31,False,80.0,standart
Mujib Amar Pita,Bangladesh,Sohel Mohammad Rana,Prolancer Studio BMIT Solutions,Traditional,2021,10,1,False,49.0,standart
My Hero Academia: World Heroes' Mission 僕のヒーローアカデミア THE MOVIE ワールドヒーローズミッション,Japan,Kenji Nagasaki,Bones,Traditional,2021,8,6,False,105.0,long
Natsume's Book of Friends: The Waking Rock and the Strange Visitor,Japan,Takahiro Omori,Shuka,Traditional,2021,1,16,False,51.0,standart
The New Little Mermaid: Ocean Girl,China,Ming Si,,CG animation,2021,4,17,False,82.0,standart
Night of the Animated Dead,United States,Jason Axinn,Warner Bros. Home Entertainment,Traditional,2021,9,21,False,71.0,standart
Octonauts & The Ring of Fire,United Kingdom Canada,Blair Simmons,Silvergate Media Mainframe Studios,CG animation,2021,3,30,False,72.0,standart
Opal,France,Alain Bidard,Cine Woule Company PAGOD Films,CG animation/Traditional,2021,12,4,True,85.0,standart
Panda vs. Aliens,Canada China,Sean Patrick O'Reilly,Arcana Studio Yisang Media Los Angeles-Beijing Studios,CG animation,2021,4,9,False,80.0,standart
Pil's Adventures Pil,France,Julien Fournet,TAT Productions SND Groupe M6 France 3 cinéma,CG animation,2021,8,11,False,89.0,standart
Pobaby,China,Chengfeng Zheng,Shanghai Shihuang Animation design co Ltd.,CG animation,2021,1,1,False,90.0,standart
Princess Principal: Crown Handler – Chapter 1,Japan,Masaki Tachibana,Actas,Traditional,2021,2,11,False,53.0,standart
Princess Principal: Crown Handler – Chapter 2,Japan,Masaki Tachibana,Actas,Traditional,2021,9,23,False,56.0,standart
Raya and the Last Dragon,United States,Don Hall Carlos Lopez Estrada,Walt Disney Animation Studios,CG animation,2021,3,5,False,107.0,long
Rock Dog 2: Rock Around the Park,United States,Mark Baldo,Lionsgate,CG animation,2021,6,11,False,90.0,standart
Scooby-Doo! The Sword and the Scoob,United States,Maxwell Atoms Mel Zwyer Christina Sotta,Warner Bros. Animation,Traditional,2021,2,23,False,76.0,standart
Seitokai Yakuindomo: The Movie 2,Japan,Hiromitsu Kanazawa,GoHands,Traditional,2021,1,1,False,80.0,standart
The Seven Deadly Sins: Cursed by Light 劇場版 七つの大罪 光に呪われし者たち,Japan,Takayuki Hamana,Studio Deen,Traditional,2021,7,2,False,79.0,standart
Sing a Bit of Harmony アイの歌声を聴かせて,Japan,Yasuhiro Yoshiura,J.C.Staff,Traditional,2021,10,29,False,108.0,long
Space Battleship Yamato 2205: A New Journey Part 1: Take Off,Japan,Kenji Yasuda,Satelight Staple Entertainment,Traditional,2021,10,8,False,97.0,long
"The ""Space Battleship Yamato"" Era: The Choice in 2202",Japan,Atsushi Sato,Studio Mother,Traditional,2021,6,11,False,120.0,long
Spirit Untamed,United States,Elaine Bogan Ennio Torresan,Universal Studios DreamWorks Animation,CG animation,2021,6,4,False,85.0,standart
Straight Outta Nowhere: Scooby-Doo! Meets Courage the Cowardly Dog,United States,Cecilia Aranovich,Warner Bros. Animation,Traditional,2021,9,14,False,78.0,standart
Stress Zero,South Korea,Daehee Lee,302 Planet Lee Dae-hee Animation Studio,CG animation,2021,2,3,False,95.0,long
Summer Ghost サマーゴースト,Japan,Loundraw,Flat Studio Flagship Line,Traditional,2021,11,12,True,40.0,short
Sword Art Online Progressive: Aria of a Starless Night,Japan,Ayako Kawano,A-1 Pictures,Traditional,2021,10,30,False,97.0,long
Teen Titans Go! See Space Jam,United States,Peter Rida Michail,Warner Bros. Animation,Flash animation,2021,6,20,False,83.0,standart
Tokyo 7th Sisters,Japan,Takayuki Kitagawa,LandQ Studios,Traditional,2021,2,26,False,77.0,standart
Trollhunters: Rise of the Titans,United States,Johane Matte Francisco Ruiz Velasco Andrew Schmidt,"DreamWorks Animation Television Double Dare You Productions CGCG, Inc.",CG animation,2021,7,21,False,106.0,long
Tropical-Rouge! Pretty Cure the Movie: The Snow Princess and the Miraculous Ring! 映画 トロピカル～ジュ！プリキュア 雪のプリンセスと奇跡の指輪！,Japan,Junji Shimizu,Toei Animation,Traditional,2021,10,23,False,70.0,standart
Un rescate de huevitos,Mexico,Gabriel Riva Palacio Alatriste Rodolfo Riva Palacio Alatriste,Huevocartoon Producciones,CG animation,2021,8,12,False,89.0,standart
Valentina,Spain,Chelo Loureiro,Abano Producións Antaruxa El Gatoverde Producciones Sparkle animation,CG animation,2021,12,10,True,65.0,standart
Vivo,United States,Kirk DeMicco Brandon Jeffords,Columbia Pictures Sony Pictures Animation,CG animation,2021,8,6,False,95.0,long
Wings 2 От винта 2 3D,Russia Armenia,Vage Sargsyan,Paradiz Prodakshnz Touch FX Animation Studio,CG animation,2021,4,15,False,83.0,standart
The Witcher: Nightmare of the Wolf,South Korea United States Poland,Kwang Il Han,Netflix Studio Mir Little Schmidt Productions Platige Image Hivemind,Traditional,2021,8,23,False,83.0,standart
The Alpine Campaign,Russia,Boris Chertkov,Gorky Film Studios KinoAtis Soyuzmultfilm,CG animation,2022,5,1,False,85.0,standart
Go! Anpanman: Dororin and the Transformation Carnival ja:それいけ!アンパンマン ドロリンとバケ〜るカーニバル,Japan,Jun Kawagoe,"Anpanman Production Committee, TMS Entertainment",Traditional,2022,6,25,False,62.0,standart
Aqua Teen Forever: Plantasm,United States,Matt Maiellaro Dave Willis,Williams Street,Traditional/ Flash animation,2022,11,8,True,79.0,standart
The Bad Guys,United States,Pierre Perifel,Universal Pictures DreamWorks Animation,CG animation,2022,4,22,False,100.0,long
Barbie: Mermaid Power,United States,Ron Myrick,Mattel Entertainment,CG animation,2022,9,1,False,65.0,standart
Barbie: Epic Road Trip,United States,Conrad Helten,Mattel Entertainment,CG animation,2022,10,25,False,65.0,standart
Beavis and Butt-Head Do the Universe,United States,Mike Judge,"MTV Entertainment Group Titmouse, Inc. 3 Arts Entertainment Judgemental Films",Flash animation,2022,6,23,False,87.0,standart
"The Black Pharaoh, the Savage and the Princess",Belgium France,Michel Ocelot,Nord-Ouest Films,CG animation,2022,10,19,False,83.0,standart
Blue's Big City Adventure,United States,Matt Stawski,Nickelodeon Movies Nickelodeon Animation Studio 9 Story Media Group Brown Bag Films Line By Line Media Boxel Animation,CG animation Live-action,2022,11,18,True,82.0,standart
Boonie Bears: Back to Earth,China,Lin Huida,Fantawild Animation,CG animation,2022,2,1,False,99.0,long
Catwoman: Hunted,United States Japan,Shinsuke Terasawa,Warner Bros. Animation DC Entertainment,Traditional,2022,2,8,False,78.0,standart
City of Rott: Otherworld,United States,Frank Sudol,BlackArro Productions,Flash animation,2022,5,24,False,89.0,standart
Crayon Shin-chan: Mononoke Ninja Chinpūden,Japan,Masakazu Hashimoto,Shin-Ei Animation,Traditional,2022,4,22,False,100.0,long
Detective Conan: The Bride of Halloween,Japan,Susumu Mitsunaka,TMS Entertainment,Traditional,2022,4,15,False,111.0,long
Diary of a Wimpy Kid: Rodrick Rules,United States Canada,Luke Cormican,Walt Disney Pictures Bardel Entertainment 20th Century Animation,CG animation,2022,12,2,True,75.0,standart
Doraemon: Nobita's Little Star Wars 2021,Japan,Shin Yamaguchi,Shin-Ei Animation Shirogumi,Traditional,2022,3,4,False,108.0,long
Dragon Ball Super: Super Hero,Japan,Akio Iyoku,Toei Animation,CG animation,2022,6,11,False,99.0,long
Drifting Home,Japan,Hiroyasu Ishida,Studio Colorido,Traditional,2022,9,16,False,119.0,long
El paraíso,Argentina,Fernando Sirianni Federico Breser,FS Entertainment Nomad Cine EOK Producciones McFly Studio,CG animation,2022,9,8,False,103.0,long
Entergalactic,United Kingdom United States,Fletcher Moules,Khalabo Ink Society Netflix Animation Mad Solar,CG animation Traditional,2022,9,30,False,92.0,long
The Earth Orchestra Orkestra lurtarra,Spain,Joseba Ponce Imanol Zinkunegi Joe Lewis,Jarraituz Filmak AIE Lotura Films,Flash animation,2022,4,8,False,70.0,standart
The First Slam Dunk,Japan,Takehiko Inoue,Toei Animation Dandelion Animation Studio,Traditional,2022,12,3,True,124.0,long
Fruits Basket: Prelude,Japan,Yoshihide Ibata,TMS Entertainment,Traditional,2022,2,18,False,88.0,standart
"Goodbye, Don Glees!",Japan,Atsuko Ishizuka,Madhouse,Traditional,2022,2,18,False,98.0,long
The Great Wolf Pack: A Call to Adventure,United States,Chris Bailey,Six Point Harness,Flash animation,2022,9,3,False,45.0,short
The Haunted House: The Dimensional Goblin and the Seven Worlds 신비아파트: 차원도깨비와 7개의 세계,South Korea,Byun Young-kyu,CJ ENM Co. Studio BAZOOKA,Traditional,2022,12,14,True,103.0,long
Hotel Transylvania: Transformania,United States,Jennifer Kluska Derek Drymon,Columbia Pictures Sony Pictures Animation Amazon Studios,CG animation,2022,1,14,False,87.0,standart
How to Save the Immortal,Russia,Roman Artemyev,KinoAtis CTB Film Company,CG animation,2022,6,9,False,76.0,standart
Huevitos congelados,Mexico,Gabriel Riva Palacio Alatriste Rodolfo Riva Palacio Alatriste,Huevocartoon Producciones,CG animation,2022,12,14,True,91.0,long
The House,United Kingdom,Paloma Baeza Niki Lindroth von Bahr Marc James Roels Emma de Swaef,Netflix Animation Nexus Studios,Stop motion,2022,1,14,False,97.0,long
Icarus,Belgium France Luxembourg,Carlo Vogele,Iris Productions Rezo Productions Iris Films,CG animation,2022,3,30,False,76.0,standart
Kaguya-sama: Love Is War – The First Kiss That Never Ends,Japan,Mamoru Hatakeyama,A-1 Pictures,Traditional,2022,12,17,True,100.0,long
Karagiozis: The Movie,Greece,Akis Karras,White Fox Anama Cosmote Tv Spentzos Film,CG animation,2022,12,8,True,74.0,standart
Las leyendas: el origen,Mexico,Roberto Arnaiz,Ánima,Flash animation,2022,8,10,False,85.0,standart
Lego Star Wars: Summer Vacation,United States,Ken Cunningham,Lucasfilm Animation The Lego Group Atomic Cartoons,CG animation,2022,8,5,False,48.0,standart
Little Allan - The Human Antenna,Denmark,Amalie Næsby Fick,Nordisk Film Pop Up Production Wil Film,CG animation,2022,7,21,False,85.0,standart
Lonely Castle in the Mirror,Japan,Keiichi Hara,A-1 Pictures,Traditional,2022,12,23,True,116.0,long
Marmaduke,United States Canada South Korea Hong Kong,Mark A.Z. Dippé Matt Philip Whelan Youngki Lee,Netflix One Cool Animation Andrews McMeel Entertainment Legacy Classics Family Entertainment StoryBerry,CG animation,2022,5,6,False,88.0,standart
Mia and Me: The Hero of Centopia,Germany Australia Belgium India,Adam Gunn,Studio 100 Animation Studio B Animation Broadvision Services Flying Bark Productions Constantin Film Hahn Film AG,CG animation Live-action,2022,5,26,False,85.0,standart
Mortal Kombat Legends: Snow Blind,United States,Rick Morales,Warner Bros. Animation,Traditional,2022,10,9,False,82.0,standart
My Big Big Friend - The Movie Meu AmigãoZão - O Filme,Brazil,Andrés Lieban,O2 Play 2DLab,Flash animation,2022,5,12,False,76.0,standart
My Fairy Troublemaker Meine Chaosfee & ich,Germany Luxembourg,Caroline Origer,Fabrique d'Images Ella Filmproduktion SERU Animation,CG animation,2022,10,13,False,85.0,standart
Naked Mole Rat Gets Dressed: The Underground Rock Experience,United States,Guy Moore,Oddbot Entertainment Stampede Ventures The Mo Willems Workshop,CG animation,2022,6,30,False,55.0,standart
New Gods: Yang Jian,China,Zhao Ji,Light Chaser Animation Studios Bilibili,CG animation,2022,8,19,False,116.0,long
Night at the Museum: Kahmunrah Rises Again,United States,Matt Danner,Walt Disney Pictures 21 Laps Entertainment Atomic Cartoons Alibaba Pictures,Traditional Flash animation,2022,12,9,True,77.0,standart
The Nutcracker and the Magic Flute,Russia Hungary,"Georgi Gitis, Viktor Glukhushin",CTB Film Company Luminescence Kft,CG animation,2022,12,8,True,90.0,standart
Odd Taxi: In the Woods,Japan,Baku Kinoshita,OLM Team Yoshioka P.I.C.S,Traditional,2022,4,1,False,128.0,long
Pleasant Goat and Big Big Wolf: Dunk for Future,China,Huang Weiming Huang Junming Chen Lijin,Alpha Group Creative Power Entertaining Shanghai Tao Piao Piao Movie and TV Culture Zhejiang Dong Yang Microcosmic Pictures Youku Information Technology (Beijing) Guangdong Mingxing Chuangyi Cartoon Universe Century Film Distribution Beijing Weimeng Chuangke Network Technology,Flash animation,2022,2,1,False,94.0,long
Pororo and Friends: Virus Busters 뽀로로와 친구들: 바이러스를 없애줘!,South Korea,Youngkyun Park,,CG animation,2022,12,1,True,62.0,standart
Pororo: Dragon Castle Adventure 뽀로로 극장판 드래곤캐슬 대모험,South Korea,Yoon Je-wan Seunghoon Kang,OCON Studios,CG animation,2022,7,28,False,70.0,standart
The Quintessential Quintuplets Movie,Japan,Masato Jinbo,Bibury Animation Studios,Traditional,2022,5,20,False,136.0,long
Rise of the Teenage Mutant Ninja Turtles: The Movie,United States,Ant Ward Andy Suriano,Netflix Nickelodeon Movies New Republic Pictures,Traditional,2022,8,5,False,82.0,standart
The Seven Deadly Sins: Grudge of Edinburgh Part 1,Japan,Noriyuki Abe [ a ] Bob Shirahata,Alfred Imageworks Marvy Jack,Traditional,2022,12,20,True,52.0,standart
The Soccer Football Movie,United States,Mitch Schauer,Netflix Splash Entertainment,CG animation,2022,11,9,True,73.0,standart
Space Battleship Yamato 2205: A New Journey Part 2: Stasha,Japan,Kenji Yasuda,Satelight Staple Entertainment,Traditional,2022,2,4,False,102.0,long
Supreme Motherhood: The Journey of Mata Sahib Kaur,India,Karandeep Singh,iRealities Studios Nihal Nihal Nihal Productions,CG animation,2022,4,14,False,100.0,long
Suzume,Japan,Makoto Shinkai,CoMix Wave Films,Traditional,2022,11,11,True,122.0,long
Tarsilinha,Brazil,Célia Catunda Kiko Mistrorigo,H2O Films Pinguim Content,CG animation,2022,3,15,False,89.0,standart
TeraStorm,Kenyan,Andrew Kaggia,Afrikana Digital,CG animation,2022,11,24,True,88.0,standart
Trunk Train: The Movie Tromba Trem: O Filme,Brazil,Zé Brandão,Vitrine Filmes Copa Studio,Flash animation,2022,9,8,False,94.0,long
"The Tunnel to Summer, the Exit of Goodbyes 夏へのトンネル、さよならの出口",Japan,Tomohisa Taguchi,Clap Animation Studio Pony Canyon,Traditional,2022,9,9,False,83.0,standart
When the Robbers Came to Cardamom Town,Norway,Rasmus A. Sivertsen,Qvisten Animation,Stop motion,2022,12,25,True,78.0,standart
Águila y Jaguar: Los Guerreros Legendarios,Mexico,Mike R. Ortiz,Kooltoon Entertainment,CG animation,2022,9,29,False,105.0,long
Allahyar and the 100 Flowers of God,Pakistan,Uzair Zaheer Khan,3rd World Studios,CG animation,2023,6,28,False,90.0,standart
Amader Choto Russel Shona,Bangladesh,Rubens Rahman Rubayet Mahmud,Information and Communication Technology Division,Traditional,2023,10,18,False,26.0,short
Go! Anpanman: Roborii and the Warming Present ja:それいけ!アンパンマン ロボリィとぽかぽかプレゼント,Japan,Toshikazu Hashimoto,Anpanman Production Committee TMS Entertainment,Traditional,2023,6,30,False,64.0,standart
Baby Shark's Big Movie!,United States South Korea,Alan Foreman,Pinkfong Nickelodeon Animation Studio,Traditional Flash animation,2023,12,8,True,78.0,standart
Bamse and the World's Smallest Adventure Bamse och världens minsta äventyr,Sweden,Christian Ryltenius,Nordisk Film,Traditional,2023,12,22,True,65.0,standart
Barbie: Skipper and the Big Babysitting Adventure,United States Canada,Steve Daye,Mainframe Studios Mattel Television [ 23 ],CG animation,2023,3,16,False,60.0,standart
Batman: The Doom that Came to Gotham,United States,Christopher Berkeley Sam Liu,Warner Bros. Animation DC Entertainment,Traditional,2023,3,28,False,86.0,standart
Big Bruh,United States,Jerron Horton,Tubi Fox Entertainment Studios Bento Box Entertainment,Traditional/ Flash animation,2023,11,12,True,67.0,standart
Birth of Kitarō: The Mystery of GeGeGe,Japan,Gō Koga,Toei Animation,Traditional,2023,11,17,True,104.0,long
Black Clover: Sword of the Wizard King,Japan,Ayataka Tanemura,Pierrot Netflix,Traditional,2023,6,16,False,110.0,long
Blue Giant,Japan,Yuzuru Tachikawa,NUT,Traditional,2023,2,17,False,120.0,long
The Boy and the Heron,Japan,Hayao Miyazaki,Studio Ghibli,Traditional,2023,7,14,False,124.0,long
The Brothers Gruff go to Splash world Bukkene Bruse på Badeland,Norway,Will Ashurst,Qvisten Animation,Traditional CG animation,2023,12,25,True,70.0,standart
Cheburashka,Russia,Dmitry Dyachenko,"Yellow, Black and White START Studio Soyuzmultfilm Russia-1 CTC Media Cinema Fund",CG animation Live-action,2023,1,1,False,113.0,long
Chef Jack: The Adventurous Cook,Brazil,Guilherme Fiúza Zenha,Immagini Animation Studios Pixel Produções Ciclus Produções Solo Filmes,Traditional,2023,1,19,False,80.0,standart
City Hunter The Movie: Angel Dust,Japan,Kazuyoshi Takeuchi,Sunrise The Answer Studio,Traditional,2023,9,8,False,94.0,long
Colossus: Child of the Wind,South Korea,Shin Chang-sub,GRIMAE,Traditional,2023,5,18,False,93.0,long
The Concierge at Hokkyoku Department Store,Japan,Yoshimi Itazu,Production I.G,Traditional,2023,10,20,False,70.0,standart
Cricket & Antoinette Cvrčak i mravica,Croatia,Luka Rukavina,Diedra Zagreb Film,CG animation,2023,1,5,False,82.0,standart
Demon Slayer: Kimetsu no Yaiba – To the Swordsmith Village,Japan,Haruo Sotozaki,Ufotable Toho Aniplex,Traditional,2023,2,3,False,110.0,long
Detective Conan: Black Iron Submarine,Japan,Yuzuru Tachikawa,TMS Entertainment,Traditional,2023,4,14,False,109.0,long
Diary of a Wimpy Kid Christmas: Cabin Fever,United States Canada,Luke Cormican,Walt Disney Pictures Bardel Entertainment,CG animation,2023,12,8,True,62.0,standart
Distortion,Philippines,Frederick C.G. Borromeo,Studio Moonchalk,Traditional,2023,1,23,False,47.0,standart
Dogs at the Opera,Russia,Vasiliy Rovenskiy,Nashe Kino,CG animation,2023,12,27,True,75.0,standart
Doraemon: Nobita's Sky Utopia,Japan,Takumi Doyama,Shin-Ei Animation,Traditional,2023,3,3,False,107.0,long
Emesis Blue,United States,Chad Payne,Fortress Films Source Filmmaker,CG animation,2023,2,20,False,108.0,long
Epic Tails Pattie et la colère de Poséidon,France,David Alaux,TAT Productions Apollo Films,CG animation,2023,1,25,False,95.0,long
Eternal Boys Next Stage,Japan,migmi,Liden Films,Traditional,2023,6,9,False,69.0,standart
Fafner in the Azure: Behind the Line,Japan,Takashi Noto,Production I.G,Traditional,2023,1,20,False,54.0,standart
Fate/strange Fake: Whispers of Dawn,Japan,Shun Enokido Takahito Sakazume,A-1 Pictures,Traditional,2023,7,2,False,55.0,standart
Gajaman,Sri Lanka,Chanaka Perera,Studio 101,CG animation,2023,1,20,False,99.0,long
Gekijōban Argonavis Axia,Japan,Shigeru Morikawa,Sanzigen,Traditional,2023,3,24,False,64.0,standart
A Giant Adventure,Peru,Eduardo Schuldt,Alligator Entertainment,CG animation,2023,1,12,False,80.0,standart
Girls und Panzer das Finale: Part 4,Japan,Tsutomu Mizushima,Actas,Traditional,2023,10,6,False,56.0,standart
Glisten and the Merry Mission,United States,Cory Morrison,Big Jump Entertainment Foundation Media Partners Build-A-Bear Entertainment,Flash animation,2023,11,3,True,78.0,standart
Gold Kingdom and Water Kingdom,Japan,Kotono Watanabe,Madhouse,Traditional,2023,1,27,False,117.0,long
Gridman Universe,Japan,Akira Amemiya,Toho Animation Studio Trigger,Traditional,2023,3,24,False,118.0,long
Heroes of the Golden Masks,Canada,Sean O'Reilly,Arcana Studio CG Bros Entertainment Gravitas Ventures,CG animation,2023,6,9,False,88.0,standart
Hidden Dragon,United States China,Boqing Tang Xiaolan Zeng,Pantheon Entertainment Magic Hill Animation Studio,CG animation,2023,12,15,True,86.0,standart
IDOLiSH7 LIVE 4bit BEYOND THE PERiOD,Japan,Hiroshi Nishikiori Kensuke Yamamoto,Orange,Traditional CG animation,2023,5,20,False,93.0,long
The Imaginary,Japan,Yoshiyuki Momose,Studio Ponoc,Traditional,2023,12,15,True,105.0,long
Justice League: Warworld,United States,Jeff Wamester,Warner Bros. Animation DC Entertainment,Traditional,2023,7,25,False,89.0,standart
Justice League X RWBY: Super Heroes and Huntsmen: Part One,United States,Kerry Shawcross,Warner Bros. Animation DC Entertainment Rooster Teeth Animation,CG animation Traditional,2023,4,25,False,80.0,standart
Justice League X RWBY: Super Heroes and Huntsmen: Part Two,United States,Dustin Mattews Yssa Badiola,Warner Bros. Animation DC Entertainment Rooster Teeth Animation,CG animation Traditional,2023,10,31,False,91.0,long
Katak: The Brave Beluga,Canada,Christine Dallaire-Dupont Nicola Lemay,10th Ave. Productions,CG animation,2023,2,24,False,82.0,standart
Kundan Satti,India,P. K. Aghasthi,Shellammal Movie Makers,CG animation,2023,10,13,False,106.0,long
La leyenda de los Chaneques,Mexico,Marvick Núñez,Ánima,Flash animation,2023,7,14,False,89.0,standart
Legion of Super-Heroes,United States,Jeff Wamester,Warner Bros. Animation DC Entertainment,Traditional,2023,2,7,False,83.0,standart
Leo,United States Australia,Robert Marianetti David Wachtenheim Robert Smigel,Netflix Animation Happy Madison Productions Animal Logic,CG animation,2023,11,21,True,102.0,long
The Little Mermaid,United States,Michael Johnson,The Asylum,CG animation,2023,6,6,False,90.0,standart
Maboroshi,Japan,Mari Okada,MAPPA,Traditional,2023,9,15,False,111.0,long
The Magician's Elephant,United States,Wendy Rogers,Netflix Animation Animal Logic,CG animation,2023,5,17,False,100.0,long
Metalocalypse: Army of the Doomstar,United States,Brendon Small,"Williams Street Titmouse, Inc.",Traditional,2023,8,22,False,83.0,standart
Merry Little Batman,United States,Mike Roth,Warner Bros. Animation DC Entertainment,Traditional,2023,12,8,True,96.0,long
Mickey and Friends Trick or Treats,United States,David H. Brooks,Stoopid Buddy Stoodios Disney Television Animation,Stop Motion,2023,10,1,False,30.0,short
Millennial Hunter,United States,Sam Taggart,Tubi Fox Entertainment Studios Bento Box Entertainment,Traditional Flash animation,2023,8,14,False,70.0,standart
Mortal Kombat Legends: Cage Match,United States,Ethan Spaulding,Warner Bros. Animation,Traditional,2023,10,17,False,76.0,standart
Mujib Bhai,Bangladesh,Chandan K Barman Sohel Mohammad Rana,Technomagic Private Ltd Hypertag Ltd,CG animation Traditional,2023,6,23,False,47.0,standart
A Mystery on the Cattle Hill Express,Norway,Will Ashurst,Felleskjø Kristiansand Dyrepark Qvisten Animation,CG animation,2023,3,3,False,70.0,standart
New Dimension! Crayon Shin-chan the Movie: Battle of Supernatural Powers ~Flying Sushi~,Japan,Hitoshi Ône,ADK Futabasha Shin Ei Animation Shirogumi TV Asahi Productions,CG animation,2023,8,4,False,93.0,long
Oh My School!,China,Mingze Xia Kai Yan,Beijing Enlight Pictures,CG animation,2023,7,14,False,91.0,long
Paw Patrol: The Mighty Movie,Canada United States,Cal Brunker,Paramount Pictures Nickelodeon Movies Spin Master Entertainment,CG animation,2023,9,29,False,87.0,standart
Phoenix: Reminiscence of Flower,Japan,Shōjirō Nishimi,Studio 4°C,Traditional,2023,11,3,True,95.0,long
Pole Princess!!,Japan,Hitomi Ezoe Yoshihiro Otobe (CG),Tatsunoko Production,Traditional CG animation,2023,11,23,True,75.0,standart
"Poop, Spring and the Others ' Kaka, kevad ja teised",Estonia,Meelis Arulepp Heiki Ernits Oskar Lehemaa Mikk Mägi René Vilbre,A. Film Production,Traditional Flash Animation Stop Motion CG animation Live-Action,2023,2,10,False,71.0,standart
Pretty Cure All Stars F,Japan,Yūta Tanaka,Toei Animation,Traditional,2023,9,15,False,73.0,standart
Princess Principal: Crown Handler – Chapter 3,Japan,Masaki Tachibana,Actas,Traditional,2023,4,7,False,60.0,standart
Psycho-Pass Providence,Japan,Naoyoshi Shiotani,Production I.G,Traditional,2023,5,12,False,120.0,long
Rakudai Majo: Fūka to Yami no Majo,Japan,Takayuki Hamana,Production I.G,Traditional,2023,3,31,False,59.0,standart
Rascal Does Not Dream of a Knapsack Kid,Japan,Sōichi Masui,CloverWorks,Traditional,2023,12,1,True,75.0,standart
Rascal Does Not Dream of a Sister Venturing Out,Japan,Sōichi Masui,CloverWorks,Traditional,2023,6,23,False,73.0,standart
Ready Jet Go!: Space Camp,United States,Mucci Fassett,Silver Creek Falls Entertainment Universal Pictures Home Entertainment,CG animation,2023,7,20,False,85.0,standart
Rock Dog 3: Battle the Beat,United States China,Anthony Bell,Lionsgate Splash Entertainment HB Wink Animation,CG animation,2023,1,24,False,90.0,standart
Rocket Saves the Day,United States,Amanda Strong,Atomic Cartoons,Flash animation,2023,12,26,True,45.0,short
Rosa and the Stone Troll Roselil og stentrolden,Denmark,Karla Nor Holmbäck,A. Film Production Dansk Tegnefilm Nordisk Film & TV-Fond The Danish Film Institute Archive,Flash animation,2023,2,9,False,75.0,standart
Sand Land,Japan,Toshihisa Yokoshima,Sunrise Anima Kamikaze Douga,Traditional,2023,8,18,False,106.0,long
Sasaki and Miyano: Graduation,Japan,Shinji Ishihira,Studio Deen,Traditional,2023,2,17,False,59.0,standart
"Scooby-Doo! and Krypto, Too!",United States,Cecilia Aranovich Hamilton,Warner Bros. Animation DC Entertainment,Traditional,2023,9,26,False,76.0,standart
The Seven Deadly Sins: Grudge of Edinburgh Part 2,Japan,Noriyuki Abe [ a ] Bob Shirahata,Alfred Imageworks Marvy Jack,Traditional,2023,8,8,False,54.0,standart
Spy × Family Code: White,Japan,Takashi Katagiri,Wit Studio CloverWorks,Traditional,2023,12,22,True,110.0,long
Strays,United States,Josh Greenbaum,Universal Pictures Picturestart Rabbit Hole Productions Lord Miller Productions,CG animation Live-action,2023,8,18,False,93.0,long
The Swan Princess: A Fairytale is Born,United States,Richard Rich,Sony Pictures Home Entertainment Crest Animation Productions,CG animation,2023,5,23,False,86.0,standart
Toopy and Binoo: The Movie,Canada,Dominique Jolin Reymond Lebrun,Corus Entertainment Echo Media,Flash animation,2023,8,11,False,80.0,standart
Totto-Chan: The Little Girl at the Window,Japan,Shinnosuke Yakuwa,Shin-Ei Animation,Traditional,2023,12,8,True,114.0,long
Urkel Saves Santa: The Movie!,United States,Jojo Ramos Patrick Bryan Newton Richard Pose,Warner Bros. Animation,Traditional Flash animation,2023,11,21,True,86.0,standart
"Who are you, Mamma Moo?",Sweden,Christian Ryltenius,SF Studios,Traditional,2023,8,25,False,66.0,standart
Anpanman: Baikinman and Lulun in the Picture Book,Japan,Jun Kawagoe,Anpanman Production Committee TMS Entertainment,Traditional,2024,6,28,False,64.0,standart
Arf,Italy,Simona Cornacchia Anna Russo,Genoma Films,Flash animation,2024,1,25,False,75.0,standart
"BanG Dream! Spring Sunshine, Lost Cat",Japan,Kōdai Kakimoto,Sanzigen,Traditional,2024,9,27,False,,
"BanG Dream! Sing, Songs That Become Us & Film Live",Japan,Kōdai Kakimoto,Sanzigen,Traditional,2024,11,8,True,,
Be Forever Yamato: Rebel 3199,Japan,Harutoshi Fukui Naomichi Yamato,Studio Mother,Traditional,2024,7,19,False,50.0,standart
Big City Greens the Movie: Spacecation,United States,Anne O'Brian,Disney Television Animation,Traditional,2024,6,6,False,82.0,standart
Bizarros Peixes das Fossas Abissais,Brazil,Marcelo Fabri Marão,Boulevard Filmes Marão Filmes,Traditional,2024,1,25,False,75.0,standart
Bloody Escape: Jigoku no Tōsō Geki,Japan,Gorō Taniguchi,Polygon Pictures,Traditional,2024,1,5,False,87.0,standart
Blue Lock: Episode Nagi,Japan,Shunsuke Ishikawa,Eight Bit,Traditional,2024,4,19,False,91.0,long
Boonie Bears: Time Twist,China,Lin Huida,FantaWild Animation,CG animation,2024,2,10,False,105.0,long
The Casagrandes Movie,United States,Miguel Puga,Netflix Nickelodeon Movies,Traditional,2024,3,22,False,85.0,standart
Crayon Shin-chan the Movie: Our Dinosaur Diary,Japan,Shinobu Sasaki,Shin-Ei Animation,Traditional,2024,8,9,False,106.0,long
Dan Da Dan: First Encounter,Japan,Fūga Yamashiro,Science Saru,Traditional,2024,8,31,False,75.0,standart
Detective Conan: The Million Dollar Pentagram,Japan,Chika Nagaoka,TMS Entertainment,Traditional,2024,4,12,False,110.0,long
Dikkie Dik en de verdwenen knuffel,Netherlands,Joost van den Boshe Erik Verkerk,Ka-Ching Cartoons,Traditional,2024,6,19,False,62.0,standart
Dongeng Sang Kancil,Malaysia,Ahmad Razuri Roseli Nik Ahmad Rasyidi Nik Othman,Les' Copaque Production Astro Shaw,CG animation,2024,12,26,True,99.0,long
Doraemon: Nobita's Earth Symphony,Japan,Kazuaki Imai,Shin-Ei Animation,Traditional,2024,3,1,False,115.0,long
Double Tuckerr,India,Meera Mahadhi,Air Flick PVR Inox Pictures,CG animation Live-action,2024,4,5,False,120.0,long
Elli and the Ghostly Ghost Train (also known as  Elli and Her Monster Team ),Germany Canada,Piet De Rycker Jesper Møller Jens Møller,Carpe Diem Film & TV Dreamin' Dolphin Film Eagle Eye Filmproduktion Traumhaus Studios Zooper Film,CG animation,2024,6,27,False,86.0,standart
A Few Moments of Cheers,Japan,Popreq,Hurray! 100studio,Traditional,2024,6,14,False,68.0,standart
The Formula for Water,Russia,Artyom Minakov,Magic Factory Animation Soyuzmultfilm,CG animation,2024,10,3,False,86.0,standart
Fureru,Japan,Tatsuyuki Nagai,CloverWorks,Traditional,2024,10,4,False,107.0,long
Fuuto PI: Portrait of Kamen Rider Skull,Japan,Yousuke Kabashima,Studio Kai,Traditional,2024,11,8,True,82.0,standart
Ganbatte Ikimasshoi,Japan,Yūhei Sakuragi,Studio Moe Reirs,Traditional,2024,10,25,False,95.0,long
Gekijōban SutoPuri Hajimari no Monogatari: Strawberry School Festival!!!!,Japan,Naoki Matsuura,Liden Films,Traditional,2024,7,19,False,83.0,standart
Haikyu!! The Dumpster Battle,Japan,Susumu Mitsunaka,Production I.G.,Traditional,2024,2,16,False,85.0,standart
The Haunted House Special: Red Eyed Reaper 신비아파트 특별편: 붉은 눈의 사신,South Korea,Park Hong-geun,CJ ENM Co. Studio BAZOOKA,Traditional,2024,8,14,False,77.0,standart
Hump,Germany Belgium,Peter Dodd Amin Matalqa,Odin's Eye Entertainment MovieBrats Pictures Walking The Dog,CG animation,2024,11,15,True,,
Into the Mortal World,China,Ding Zhong,Winsing Animation Iron Fan Studio Bilibili Alibaba Pictures Youku Pictures,CG animation,2024,7,12,False,118.0,long
Iris the Movie: Full Energy!!,Japan,Hiroshi Ikehata,Studio Gokumi,Traditional,2024,5,17,False,60.0,standart
Johnny Puff: Secret Mission,United States Spain Italy,Néstor F. Dennis,Méliès Producciones,CG animation,2024,1,12,False,87.0,standart
Justice League: Crisis on Infinite Earths – Part One,United States,Jeff Wamester,Warner Bros. Animation DC Studios,Traditional,2024,1,9,False,93.0,long
Justice League: Crisis on Infinite Earths – Part Two,United States,Jeff Wamester,Warner Bros. Animation DC Studios,Traditional,2024,4,23,False,95.0,long
Justice League: Crisis on Infinite Earths – Part Three,United States,Jeff Wamester,Warner Bros. Animation DC Studios,Traditional,2024,7,16,False,98.0,long
Koyomi Vamp,Japan,Tatsuya Oishi,Shaft,Traditional,2024,1,12,False,144.0,long
Liberato's Secret,Italy,Francesco Lettieri Giorgio Testi Giuseppe Squillaci LRNZ,Red Private,Traditional Live-action,2024,5,9,False,90.0,standart
The Lord of the Rings: The War of the Rohirrim,New Zealand Japan United States,Kenji Kamiyama,New Line Cinema Warner Bros. Animation Sola Entertainment,Traditional,2024,12,13,True,134.0,long
Love Live! Nijigasaki High School Idol Club Final Chapter (Part 1),Japan,Tomoyuki Kawamura,Sunrise,Traditional,2024,9,6,False,59.0,standart
Megamind vs. the Doom Syndicate,United States,Eric Fogel,DreamWorks Animation Television,CG animation,2024,3,1,False,85.0,standart
Moana 2,United States,David Derrick Jr.,Walt Disney Animation Studios,CG animation,2024,11,27,True,100.0,long
Mobile Suit Gundam SEED Freedom,Japan,Mitsuo Fukuda,Bandai Namco Filmworks,Traditional,2024,1,26,False,124.0,long
Mononoke the Movie: Phantom in the Rain,Japan,Kenji Nakamura,EOTA,Traditional,2024,7,26,False,89.0,standart
Moonzy: Homecoming,Russia,Konstantin Bronzit,CTB Film Company Melnitsa Animation Studio,CG animation,2024,8,29,False,78.0,standart
Mustafa,Turkey,H. Sinan Güngör Ibrahim Turali Halil Öztürk,Outline Animation and Games,CG animation,2024,10,25,False,75.0,standart
My Freaky Family,Australia,Mark Gravas,Pop Family Entertainment Telegael,CG animation,2024,10,31,False,86.0,standart
My Hero Academia: You're Next,Japan,Tensai Okamura,Bones,Traditional,2024,8,2,False,110.0,long
My Oni Girl,Japan,Tomotaka Shibayama,Studio Colorido,Traditional,2024,5,24,False,112.0,long
Nature Cat's Nature Movie Special Extraordinaire,United States,Adam Rudman David Rudman Todd Hannert,PBS Kids Spiffy Pictures,Flash animation,2024,4,22,False,53.0,standart
Niko - Beyond the Northern Lights,Finland Germany Denmark Ireland,Kari Juusonen Jørgen Lerdam,Anima Vitae Animaker Ulysses Filmproduktion Moetion Films A. Film Production,CG animation,2024,10,11,False,86.0,standart
No Time to Spy: A Loud House Movie,United States,Kyle Marshall,Paramount+ Nickelodeon Movies,Flash animation,2024,6,21,False,81.0,standart
Orion and the Dark,United States,Sean Charmatz,Netflix DreamWorks Animation,CG animation,2024,2,2,False,93.0,long
Overlord: The Sacred Kingdom,Japan,Naoyuki Itō,Madhouse,Traditional,2024,9,20,False,135.0,long
Pinocchio and the Water of Life,Spain Estonia United States,Viktor Lakisov,Asymmetric Studios OU Asymmetric Universe S.L.,CG animation,2024,12,12,True,85.0,standart
Pleasant Goat and Big Big Wolf: The World Guardians,China,Huang Junming Chen Lijin,Alpha Group Creative Power Entertaining Huaxia Film Distribution Youku Information Technology (Beijing) Guangdong Mingxing Chuangyi Cartoon Shanghai Tao Piao Piao Movie and TV Culture Zhejiang Dong Yang Microcosmic Pictures,Flash animation,2024,7,19,False,96.0,long
The Polar Bear King,Norway,Mikkel Brænne Sandemose,Beside Productions Maipo Film Vivi Film,Traditional,2024,12,25,True,85.0,standart
The Proud Princess,Czech Republic,Radek Beran,Luminar Film PFX,CG animation,2024,11,7,True,84.0,standart
Pui Pui Molcar The Movie MOLMAX,Japan,Mankyū,Shin-Ei Animation,CG animation,2024,11,29,True,69.0,standart
Rabbits Kingdom the Movie,Japan,Masayoshi Ozaki,Studio Sign,Traditional,2024,6,14,False,84.0,standart
Rafadan Tayfa: Cappadocia,Turkey,Ismail Fidan,TRT ISF Studios,CG animation,2024,12,27,True,84.0,standart
Rebellious,United Kingdom Cyprus,Alex Tsitsilin,Creation Entertainment Media Magic Frame Animation,CG animation,2024,10,25,False,94.0,long
Red vs. Blue: Restoration,United States,Matt Hullum,Rooster Teeth,CG animation,2024,5,21,False,85.0,standart
Road to Summer Sonia,Japan,Shū Honma,P.A. Works,Traditional,2024,3,1,False,119.0,long
Rocket Club: Across the Cosmos,Canada,Steve Ball Hailey Kathler,ICON Creative Studio,CG animation,2024,3,8,False,68.0,standart
Saving Bikini Bottom: The Sandy Cheeks Movie,United States,Liza Johnson,Netflix Nickelodeon Movies,CG animation Live-action,2024,8,2,False,82.0,standart
Spellbound,United States,Vicky Jenson,Netflix Skydance Animation,CG animation,2024,11,22,True,109.0,long
Steal the Naughty List,United States,Nathan VonMinden,Upstairs Studio Animation,Stop-Motion,2024,11,15,True,90.0,standart
The Super Elfkins,Germany,Ute von Münchow-Pohl,ARX Anima Animation Studio Akkord Film Produktion GmbH SERU Animation Tobis Film,CG animation,2024,12,24,True,76.0,standart
Thelma the Unicorn,United States,Jared Hess Lynn Wang,Netflix Animation Scholastic Entertainment Netflix Studios,CG animation,2024,5,17,False,93.0,long
Trapezium,Japan,Masahiro Shinohara,CloverWorks,Traditional,2024,5,10,False,94.0,long
Uma & Haggen Uma y Haggen: Princesa y Vikingo,Mexico,Eduardo Cabrera Martín Claudón Benito Fernández,Ithrax Studio Santo Domingo Animation,Traditional,2024,1,4,False,94.0,long
Umamusume: Pretty Derby – Beginning of a New Era,Japan,Ken Yamamoto,CygamesPictures,Traditional,2024,5,24,False,108.0,long
Watchmen: Chapter I,United States,Brandon Vietti,Warner Bros. Animation Paramount Pictures DC Entertainment,CG animation Traditional,2024,8,13,False,84.0,standart
Watchmen: Chapter II,United States,Brandon Vietti,Warner Bros. Animation Paramount Pictures DC Entertainment,CG animation Traditional,2024,11,26,True,89.0,standart
Wild Kratts: Our Blue and Green World,United States,Chris Kratt Martin Kratt,PBS Kids Kratt Brothers Company 9 Story Media Group,Flash animation,2024,4,1,False,48.0,standart
Wonderful Pretty Cure! The Movie: A Grand Adventure in a Thrilling Game World!,Japan,Naoki Miyahara,Toei Animation,Traditional,2024,9,13,False,70.0,standart
Woody Woodpecker Goes to Camp,United States,Jon Rosenbaum,Universal 1440 Entertainment Universal Animation Studios,CG animation Live-action,2024,4,12,False,98.0,long
Yumi's Cells: The Movie,South Korea,Kim Da-hee,Studio N Locus Animation,Traditional,2024,4,3,False,93.0,long
Zak & Wowo: The Legend of Lendarys [ fr ],France Canada,Philippe Duchêne Cuvelier Jean-Baptiste [ 282 ],2 Minutes Animation Caramel Films PM SA Perpetua Capital,CG animation,2024,7,3,False,85.0,standart
Zegapain STA,Japan,Masami Shimoda,Bandai Namco Filmworks,Traditional,2024,8,16,False,90.0,standart
Aikatsu! x PriPara the Movie: A Miracle Encounter!,Japan,Takahiro Okawa,BN Pictures Syn Sophia Takara Tomy Arts,Traditional,2025,10,10,False,,
Allah Is Not Obliged,France Luxembourg Belgium Canada,Zaven Najjar,Creative Touch Studios Paul Thiltges Distribution Need Production Lunamine Yzanakio,CG animation,2025,6,9,False,77.0,standart
Anpanman: Chapon's Hero!,Japan,Toshikazu Hashimoto,TMS Entertainment,Traditional,2025,6,27,False,89.0,standart
As One,Japan,Kōbun Shizuno,Honoo Studio Gooneys,Traditional,2025,8,22,False,91.0,long
Barbie & Teresa: Recipe for Friendship,United States,Karen J. Lloyd,Mainframe Studios Mattel Television,CGI animation,2025,3,6,False,60.0,standart
Batman Ninja vs. Yakuza League,United States Japan,Junpei Mizusaki Shinji Takagi,Warner Bros. Japan DC Entertainment Warner Bros. Animation Kamikaze Douga YamatoWorks Barnum Studio,Traditional CG animation,2025,3,18,False,89.0,standart
BFF. Turbo Adventure Marathon,Lithuania Slovakia,Urte Oettinger Ignas Meilunas,Art Shot Studios,Flash animation,2025,5,16,False,55.0,standart
Captain Sabertooth and the Countess of Grel,Norway,Are Austnes Yaprak Morali Rasmus A. Sivertsen,Qvisten Animation,CG animation,2025,2,7,False,77.0,standart
Caretta Bobi,Turkey,Kaan Simseker,,AI-generated animation,2025,6,27,False,,
Chainsaw Man – The Movie: Reze Arc,Japan,Tatsuya Yoshihara,MAPPA,Traditional,2025,9,19,False,100.0,long
ChaO,Japan,Yasuhiro Aoki,Studio 4°C,Traditional,2025,8,15,False,90.0,standart
Checkered Ninja 3,Denmark,Thorbjørn Christoffersen Anders Matthesen,A. Film Pop Up Production Sudoku ApS,CG animation,2025,8,21,False,88.0,standart
Clockwork Girl,Japan,Yasuomi Umetsu,Shaft,Traditional,2025,6,27,False,35.0,short
Colorful Stage! The Movie: A Miku Who Can't Sing,Japan,Hiroyuki Hata,P.A. Works,Traditional,2025,1,17,False,105.0,long
Crayon Shin-chan the Movie: Super Hot! The Spicy Kasukabe Dancers,Japan,Masakazu Hashimoto,Shin-Ei Animation,Traditional,2025,8,8,False,105.0,long
Cute High Earth Defense Club Eternal Love!,Japan,Shinji Takamatsu,Studio Comet,Traditional,2025,1,24,False,81.0,standart
Dan Da Dan: Evil Eye,Japan,Fūga Yamashiro Abel Góngora,Science Saru,Traditional,2025,5,30,False,93.0,long
David,United States,Brent Dawes Phil Cunningham,2521 Entertainment Slingshot Productions Sunrise Animation Studios,CG animation,2025,12,19,True,115.0,long
Detective Conan: One-eyed Flashback,Japan,Katsuya Shigehara,TMS Entertainment,Traditional,2025,4,18,False,110.0,long
Diary of a Wimpy Kid: The Last Straw,United States Canada,Matt Danner Gino Nichele,Walt Disney Pictures Bardel Entertainment 20th Century Animation,CG animation,2025,12,5,True,78.0,standart
The Dino Family,Russia,Maksim Volkov Maya Turkina,YARKO Animation Company,CG animation,2025,8,28,False,80.0,standart
Dive in Wonderland,Japan,Toshiya Shinohara,P.A. Works,Traditional,2025,8,29,False,95.0,long
Dragon Heart: Adventures Beyond This World,Japan,Isamu Imakake,HS Pictures Studio IRH Productions,Traditional,2025,5,23,False,119.0,long
Doraemon: Nobita's Art World Tales,Japan,Yukiyo Teramoto,Shin-Ei Animation,Traditional,2025,3,7,False,105.0,long
Eiga Odekake Kozame Tokai no Otomodachi,Japan,Chihiro Kumano,ENGI,Traditional,2025,8,22,False,74.0,standart
Ejen Ali The Movie 2,Malaysia,Usamah Zaid Yasin,WAU Animation Komet Productions,CG animation,2025,5,22,False,115.0,long
Finnick 2,Russia,Denis Chernov,Riki Group,CG animation,2025,10,23,False,85.0,standart
Flåklypa – From Paris to the Pyramids,Norway,Rasmus A. Sivertsen,Qvisten Animation,CG animation,2025,12,25,True,82.0,standart
Fleak,Finland Poland France,Jens Møller,Anima Vitae Godo Films Animoon,CG animation,2025,9,12,False,83.0,standart
Gabby's Dollhouse: The Movie,United States,Ryan Crego,Universal Pictures DreamWorks Animation,CGI animation Live-action,2025,9,26,False,98.0,long
Gekijōban Boku to Roboco,Japan,Akitaro Daichi,Gallop,Traditional,2025,4,18,False,64.0,standart
Handbok för superhjältar,Sweden,Patrik Forsberg,Stiller Studios Qvisten Animation SF Studios Sveriges Television,CG animation,2025,12,25,True,91.0,long
Hypnosis Mic: Division Rap Battle,Japan,Takanori Tsujimoto,Polygon Pictures,CG animation Traditional,2025,2,21,False,100.0,long
Iyanu: The Age of Wonders,United States,Saxton Moore,Lion Forge Animation,Traditional,2025,8,30,False,90.0,standart
Jujutsu Kaisen: Hidden Inventory/Premature Death - The Movie,Japan,Shouta Goshozono,MAPPA Toho Animation,Traditional,2025,5,30,False,110.0,long
Jumbo,Indonesia,Ryan Adriandhy,Visinema Animation,CG animation,2025,3,31,False,102.0,long
Kaitō Queen no Yūga na Kyūka,Japan,Shigetaka Ikeda,East Fish Studio,Traditional,2025,5,23,False,88.0,standart
The King of Kings,United States South Korea,Seong-ho Jang,Angel Studios Blue Harbor Entertainment Giantstep Mofac Animation,CG animation,2025,4,11,False,101.0,long
King of Water,Iran,Majid Esmaeili,,CG animation,2025,8,8,False,81.0,standart
KPop Demon Hunters,United States,Maggie Kang Chris Appelhans,Netflix Sony Pictures Animation,CGI animation,2025,6,20,False,100.0,long
The Last Blossom,Japan,Baku Kinoshita,CLAP,Traditional,2025,10,10,False,90.0,standart
The Legend of Hei II,China,MTJJ Gu Jie,HMCH [ 231 ],Traditional,2025,7,18,False,120.0,long
Love Live! Nijigasaki High School Idol Club Final Chapter (Part 1),Japan,Tomoyuki Kawamura,Sunrise,Traditional,2025,11,7,True,75.0,standart
Lost in Starlight,South Korea,Han Ji-won,Netflix,Traditional,2025,5,30,False,96.0,long
A Loud House Christmas Movie: Naughty or Nice,United States,Darin McGowan,Nickelodeon Animation Studio,Flash animation,2025,11,21,True,81.0,standart
Lupin the IIIrd the Movie: The Immortal Bloodline,Japan,Takeshi Koike,Telecom Animation Film TMS Entertainment,Traditional,2025,6,27,False,93.0,long
Make a Girl,Japan,Genshō Yasuda,Yasuda Gensho Studio by Xenotoon,CG animation,2025,1,31,False,90.0,standart
Masameer Junior,Saudi Arabia,Malik Nejer,Myrkott Animation Studio Sirb Productions Netflix,Flash animation,2025,6,12,False,72.0,standart
Miss Kobayashi's Dragon Maid: A Lonely Dragon Wants to Be Loved,Japan,Tatsuya Ishihara,Crunchyroll,Traditional,2025,6,27,False,105.0,long
Mission Santa: Yoyo to the Rescue,United States Germany India,Ricard Cussó Damjan Mitrevski,Toon2Tango Curiosity Ink Media M.A.R.K.13™ Studio 56,CG animation,2025,11,6,True,91.0,long
Mobile Suit Gundam GQuuuuuuX,Japan,Kazuya Tsurumaki,Sunrise Studio Khara,Traditional,2025,1,17,False,81.0,standart
Mononoke the Movie: The Ashes of Rage,Japan,Kenji Nakamura,EOTA Crew-Cell,Traditional,2025,3,14,False,74.0,standart
The Myth of Marakuda,Russia,Viktor Glukhushin,Animation Studio Skazka CTB Film Company,CG animation,2025,5,1,False,90.0,standart
Ne Zha 2,China,Jiaozi,Chengdu Coco Cartoon Beijing Enlight Media Beijing Enlight Pictures Chengdu Zizai Jingjie Culture Media Beijing Coloroom Technology,CG animation,2025,1,29,False,144.0,long
Nobody,China,Yu Shui,Shanghai Animation Film Studio,Traditional,2025,8,2,False,118.0,long
North,Norway,Bente Lohne,Alligator Planet Anima Point Anima Vitae PictoryLand Studio 100 Film,CG animation,2025,11,7,True,85.0,standart
One Day,Russia China,Vage Sargsyan,Ori Animation Paradise Group,CG animation,2025,3,27,False,90.0,standart
Peppa Meets the Baby Cinema Experience,United Kingdom,Gretchen Mallorie,Hasbro,Flash animation,2025,5,30,False,65.0,standart
Peleliu: Guernica of Paradise,Japan,Gorō Kuji,Shin-Ei Animation Fugaku,Traditional,2025,12,5,True,106.0,long
Plankton: The Movie,United States,Dave Needham,Nickelodeon Movies Netflix,CG animation,2025,3,7,False,87.0,standart
Pleasant Goat and Big Big Wolf: Bright New Dawn,China,Hui Yan Chen,,Traditional,2025,7,26,False,96.0,long
Pororo: The Great Undersea Adventure 뽀로로 극장판 바닷속 대모험,South Korea,Yoon Je-wan,,CG Animation,2025,1,1,False,71.0,standart
Princess Principal: Crown Handler – Chapter 4,Japan,Masaki Tachibana,Actas,Traditional,2025,5,23,False,59.0,standart
The Quest Csongor és Tünde,Hungary,Csaba Máli Zsolt Pálfi,Cinemon Entertainment,Traditional,2025,4,17,False,82.0,standart
The Rose of Versailles,Japan,Ai Yoshimura,MAPPA,Traditional,2025,1,31,False,113.0,long
Rufus: The Sea Serpent Who Couldn't Swim,Norway Belgium Germany,Endre Skandfer,Anima Point Anima Vitae Atmosphere Media Maipo Film NeXtFrames Media,CG animation,2025,10,10,False,80.0,standart
Secret Juju: Magic Harmony 시크릿쥬쥬 마법의 하모니,South Korea,Jo Kyung-ho,Peace Visual World,CG animation,2025,5,1,False,69.0,standart
Secret Magic Control Agency II: Mission Sleeping Beauty,Russia,Alex Tsitsillin,Voronezh Animation Studio CTB Film Company Magic Frame Animation [ 250 ] QED International Creation Entertainment Media [ 250 ],CG animation,2025,5,22,False,90.0,standart
Senpai Is an Otokonoko: Sunshine After the Rain,Japan,Shinsuke Yanagi Kenta Ōnishi In Seob Choi Keisuke Aida Zi Hao Xuan,Project No.9,Traditional,2025,2,14,False,82.0,standart
Smart Rabbit Momo: The Big Chase,Turkey,Mahmut Hasan,9D Medya,CG animation,2025,3,28,False,89.0,standart
Snow White and the 7 Dwarfs,United States,Michael Johnson Erica Duke,The Asylum,CG animation,2025,3,7,False,91.0,long
Spiked,United Kingdom Luxembourg France Belgium,Caroline Origer,Fabrique d'Images Fantabulous Freaks Factory Iheartcinema Iron Box Films Kapers Animation,CG animation,2025,8,29,False,85.0,standart
Tafiti - Across the Desert,Germany,Nina Wels,Little Dream Entertainment Red Parrot Studios Tradewind Pictures,CG animation,2025,9,4,False,81.0,standart
Toi-san,Japan,Mankyū,Seven Arcs,Traditional,2025,7,18,False,90.0,standart
A Tooth Fairy Tale,United States,Michael Johnson,Rebellion Animation Plaza Mayor Company,CG animation,2025,5,20,False,90.0,standart
Toritsukare Otoko,Japan,Wataru Takahashi,Shin-Ei Animation,Traditional,2025,11,7,True,97.0,long
Twins Hinahima,Japan,Kō Nakano,KaKa Technology Studio,Traditional,2025,3,28,False,24.0,short
The Twits,United States,Phil Johnston Katie Shanahan Todd Demong,Netflix Animation Jellyfish Pictures,CG animation,2025,10,17,False,98.0,long
Whoever Steals This Book,Japan,Daisei Fukuoka,Kagokan,Traditional,2025,12,26,True,85.0,standart
The Witcher: Sirens of the Deep,United States South Korea Poland,Kang Hei Chul,Netflix Studio Mir Platige Image Hivemind,Traditional,2025,2,11,False,91.0,long
Yooz,Iran,Reza Arzangi,Soure Cinema Development Organization,CG animation,2025,9,23,False,90.0,standart
You and Idol Pretty Cure the Movie: For You! Our Kirakilala Concert!,Japan,Kōji Ogawa,Toei Animation,Traditional,2025,9,12,False,71.0,standart
Zanna: Whisper of Volcano Isle,Indonesia,Larry Whitaker,MNC Pictures MNC Animation,CG animation,2025,1,2,False,94.0,long
Zombie Land Saga: Yumeginga Paradise,Japan,Kōnosuke Uda [ a ] Takafumi Ushida Takeru Satō,MAPPA,Traditional,2025,10,24,False,122.0,long
